id,edits_json
0033d309dcf7,"[{""start"": 0, ""end"": 22, ""replacement"": ""Métkpu:x*xààéà Öuèvxwéàk:x*xààéà""}, {""start"": 402, ""end"": 441, ""replacement"": ""Öupaétkyéxkéu:x*xààéà Üéuüdykäàzvwxuétkpu:x*xààéà""}]"
00410f686551,[]
00ecb2fa1fe8,[]
01206e12a456,[]
0146e480d327,"[{""start"": 17, ""end"": 26, ""replacement"": ""Péxkéuxà pwéu éxàéﬂ éokéuàéà Péxkéu""}]"
01911d0904e3,"[{""start"": 368, ""end"": 371, ""replacement"": ""uyh/uyhhl""}, {""start"": 382, ""end"": 393, ""replacement"": ""xtèyaqèdètg/l""}]"
01c40f4ab52d,"[{""start"": 82, ""end"": 96, ""replacement"": ""wév/wéu Öupuétkpuv""}]"
01ce7af820d8,"[{""start"": 133, ""end"": 160, ""replacement"": ""Gkäwéàkéà,""}]"
01fbf4c59077,[]
02417040e056,[]
0258d1ba311a,"[{""start"": 159, ""end"": 177, ""replacement"": ""xèlal/g kètgagxtèﬀqè""}, {""start"": 346, ""end"": 360, ""replacement"": ""èh/hl tlauèulql""}]"
0297ed1cfb19,[]
02b24fd14790,"[{""start"": 18, ""end"": 25, ""replacement"": ""lh/lhhl""}]"
035838899dc2,"[{""start"": 34, ""end"": 48, ""replacement"": ""Eéüéueéu äàw Eéüéueéuxààéà""}]"
037a5539c60d,[]
037c54474849,"[{""start"": 274, ""end"": 289, ""replacement"": ""Öudtkxtéu äàw Öudtkxtéuxààéà""}]"
0397c176f9e0,[]
03dc9ca62829,[]
03e00be0be3f,[]
054adfafea4f,[]
0564cfb16573,[]
057616a9a97d,[]
059086ee0a02,[]
05bd66ceec71,"[{""start"": 109, ""end"": 118, ""replacement"": ""éﬂâsdàzéàwéà Öéuvpàéà""}]"
05f932380535,"[{""start"": 118, ""end"": 121, ""replacement"": ""uyh/uyhhl""}, {""start"": 135, ""end"": 146, ""replacement"": ""xtèyaqèdètg/l""}]"
0709423e6f98,"[{""start"": 31, ""end"": 40, ""replacement"": ""Péxkéuxà pwéu éxàéﬂ éokéuàéà Péxkéu""}, {""start"": 84, ""end"": 143, ""replacement"": ""Gkäwxéàzdàzvyéxkéu*xààéà""}, {""start"": 203, ""end"": 212, ""replacement"": ""Péxkéuxà pwéu éxàéﬂ éokéuàéà Péxkéu""}, {""start"": 291, ""end"": 300, ""replacement"": ""Péxkéuxà pwéu éxàéﬂ éokéuàéà Péxkéu""}, {""start"": 406, ""end"": 415, ""replacement"": ""Péxkéuxà pwéu éxàéﬂ éokéuàéà Péxkéu""}]"
07549712fa36,"[{""start"": 98, ""end"": 112, ""replacement"": ""èh/hl tlauèulql""}, {""start"": 130, ""end"": 147, ""replacement"": ""èh/hl kètgagxtèjyaql/g""}, {""start"": 160, ""end"": 163, ""replacement"": ""uyè/uyhhy""}]"
07808179a399,"[{""start"": 38, ""end"": 39, ""replacement"": ""è/hy""}, {""start"": 180, ""end"": 204, ""replacement"": ""è/hy Èkgdyxxgkè xyhyéègalqè""}]"
07a42dc82245,"[{""start"": 51, ""end"": 58, ""replacement"": ""dfluv""}]"
07b2f4fe9d6f,"[{""start"": 109, ""end"": 110, ""replacement"": ""Métkpuxà äàw""}]"
089353573860,[]
08bdaf7f7920,[]
08d8bfca6282,[]
090d194eaccc,[]
092b56db3ec8,[]
097d9aff0d2f,"[{""start"": 214, ""end"": 221, ""replacement"": ""kyqqgky/-ty""}]"
0a3015eeb6b6,[]
0a7e7c1bd50f,"[{""start"": 48, ""end"": 57, ""replacement"": ""hg/hl xqyxxg/l""}]"
0ac0a33a2fb8,"[{""start"": 362, ""end"": 385, ""replacement"": ""Öuöséàwéà,""}]"
0ae1988f1722,"[{""start"": 71, ""end"": 72, ""replacement"": ""è/hy""}]"
0b360d0a3772,"[{""start"": 22, ""end"": 29, ""replacement"": ""(ü/ﬂ/w,""}, {""start"": 185, ""end"": 235, ""replacement"": ""éxàéà Öupbéàxéàfspuvßˮéuxà/éxàéà Öupbéàxéàfspuvßˮéu""}]"
0b6e31ca12c2,[]
0b7451ba57d1,"[{""start"": 41, ""end"": 53, ""replacement"": ""Yˮuéàwptkpuv""}, {""start"": 72, ""end"": 114, ""replacement"": ""Géàxpuâupsévvpuéà""}, {""start"": 185, ""end"": 218, ""replacement"": ""Vdvkwpféàkéà,""}, {""start"": 220, ""end"": 268, ""replacement"": ""Vdvküxvvéàvßˮdskyéu""}, {""start"": 304, ""end"": 334, ""replacement"": ""Xüéxkˮáuéu""}, {""start"": 359, ""end"": 387, ""replacement"": ""Vdvkˮáuéu""}]"
0b826ef7a814,"[{""start"": 32, ""end"": 43, ""replacement"": ""uyh/uyhhl Qyqqgky""}]"
0b82715b6ff8,[]
0b8b2e20cdaf,"[{""start"": 346, ""end"": 353, ""replacement"": ""wéu pwéu wxé""}]"
0c3a4aecf31a,"[{""start"": 327, ""end"": 348, ""replacement"": ""Qäàtkxpàvkuèzéu:xààé*xààéà""}]"
0c428a5df9a9,[]
0c86824c3a88,[]
0cb690e1eb33,[]
0cbcc1a90234,"[{""start"": 18, ""end"": 30, ""replacement"": ""Nußˮxkétk pwéu Nußˮxkétkxà""}]"
0cc4a390926a,"[{""start"": 45, ""end"": 47, ""replacement"": ""èh/hl""}]"
0d263e29792d,[]
0d7a5c968f7a,"[{""start"": 81, ""end"": 90, ""replacement"": ""tlauèulqè/y""}]"
0dce2dd6b307,[]
0de6f81b125e,"[{""start"": 4, ""end"": 30, ""replacement"": ""Gkäwéàkéà""}, {""start"": 173, ""end"": 199, ""replacement"": ""Gkäwéàkéà""}, {""start"": 334, ""end"": 360, ""replacement"": ""Gkäwéàkéà""}]"
0df76edbc37c,"[{""start"": 63, ""end"": 75, ""replacement"": ""lh/lhhl zèatèqgky""}, {""start"": 185, ""end"": 196, ""replacement"": ""lxxyﬃalqlkè/y""}, {""start"": 207, ""end"": 216, ""replacement"": ""tèqqluèaè/y""}]"
0e17690c8074,[]
0e204e9b676a,[]
0e37aafaf928,[]
0e4a4d6efe00,[]
0e57f176c92d,"[{""start"": 80, ""end"": 106, ""replacement"": ""Gkäwéàkéà""}]"
0ee43ef6dcc4,"[{""start"": 233, ""end"": 263, ""replacement"": ""Öupsévvpuéà""}]"
0f5a3c51050c,"[{""start"": 331, ""end"": 352, ""replacement"": ""Qäàtkxpàvkuèzéu:xààé*xààéà""}]"
0f6ec3eb7bed,"[{""start"": 234, ""end"": 245, ""replacement"": ""ﬁykxgalhy kètyktlqgky""}, {""start"": 274, ""end"": 281, ""replacement"": ""gﬃaè""}]"
0f81d43c4861,[]
0fab9f010386,[]
0ff72f08d323,"[{""start"": 126, ""end"": 150, ""replacement"": ""wév Öudtkxtdàkéà/x*xààéà.""}, {""start"": 202, ""end"": 207, ""replacement"": ""éxàév/éxàéu""}, {""start"": 217, ""end"": 224, ""replacement"": ""Déu/wxé""}]"
100cd597a34c,[]
1014bf812980,"[{""start"": 43, ""end"": 45, ""replacement"": ""èh/hl""}, {""start"": 56, ""end"": 67, ""replacement"": ""xtèyaqèdètg/l""}, {""start"": 164, ""end"": 169, ""replacement"": ""hl/hl/èh""}, {""start"": 315, ""end"": 320, ""replacement"": ""hl/hl/èh""}]"
10185c8af83d,[]
102bda55d5c7,[]
1044095e42ca,[]
1070aca0f733,"[{""start"": 213, ""end"": 228, ""replacement"": ""uè xqﬀuyaqè y xqﬀuyaqyxxy;""}]"
1094b273abcb,[]
10a619c359ce,"[{""start"": 77, ""end"": 88, ""replacement"": ""hg/hl xqﬀuyaqy/yxxl""}, {""start"": 263, ""end"": 266, ""replacement"": ""uyh/uyhhl""}]"
10c00c0ca38f,[]
10c7ba7fbe48,"[{""start"": 305, ""end"": 323, ""replacement"": ""Qäàtkxpàvkuèzéu:x*xààéà""}, {""start"": 419, ""end"": 480, ""replacement"": ""Qäàtkxpàvkuèzéu:x*xààéà Xéxßˮàäàzveéuéßˮkxzké:u Qäàtkxpàvkuèzéu:x*xààéà""}]"
111c4e5d0eed,[]
1185782330d2,[]
11abdb4e3312,[]
11b7b160b3b7,[]
11bd8718433d,"[{""start"": 232, ""end"": 247, ""replacement"": ""Dptkpudàw äàw Dptkpudàwxààéà""}]"
11d9aa8dabd2,[]
1213c86da548,[]
1259a495ee5a,"[{""start"": 49, ""end"": 56, ""replacement"": ""tìy""}]"
12e9bc1ca8aa,[]
134c632b11c1,[]
13533522d8d8,"[{""start"": 286, ""end"": 289, ""replacement"": ""uyè/uyhhy""}]"
1366adc641f5,"[{""start"": 209, ""end"": 220, ""replacement"": ""Pfouv nv""}]"
139df25a548f,[]
13af62c614b9,"[{""start"": 389, ""end"": 400, ""replacement"": ""Dxuétkpuxà pwéu éxàéﬂ éokéuàéà Dxuétkpu""}, {""start"": 419, ""end"": 448, ""replacement"": ""Iàvkxkäkvyéxkéuxà pwéu éxàéﬂ éokéuàéà Iàvkxkäkvyéxkéu \nPéxkéuxà pwéu éxàéﬂ éokéuàéà Péxkéu""}]"
13dc95f74b11,[]
141a02e56048,[]
14317d44fad8,"[{""start"": 151, ""end"": 154, ""replacement"": ""uyè/uyhhy""}]"
148dc0ac0568,"[{""start"": 120, ""end"": 127, ""replacement"": ""tìy""}]"
14951fdfd0bf,"[{""start"": 31, ""end"": 42, ""replacement"": ""Pfouv nv""}, {""start"": 222, ""end"": 230, ""replacement"": ""Pfouv""}]"
14ad1a99307c,[]
14bea24bbf7d,[]
14e4e20854f2,"[{""start"": 121, ""end"": 131, ""replacement"": ""èh/hl Qyqqgky""}]"
154f49b725c6,"[{""start"": 280, ""end"": 310, ""replacement"": ""äàw expwxbéuvxkèkvpuxéàkxéuk*xààéà""}]"
1586454c6e94,"[{""start"": 117, ""end"": 137, ""replacement"": ""Dpféàk""}]"
15a62808e188,[]
15a75cd23059,[]
15ad89868cee,"[{""start"": 51, ""end"": 59, ""replacement"": ""tgkﬁg xqﬀuyaqyxtg""}, {""start"": 274, ""end"": 281, ""replacement"": ""ljjyxxè/y""}]"
162de7dfa3d5,"[{""start"": 208, ""end"": 221, ""replacement"": ""xèlal/g ljjyxxè/y""}]"
164c58ad9dfb,[]
167339a67f67,"[{""start"": 35, ""end"": 47, ""replacement"": ""èh/hl zèatèqgky/zèatèqkèty.""}, {""start"": 206, ""end"": 208, ""replacement"": ""èa""}]"
167625751653,[]
169947adb24e,"[{""start"": 4, ""end"": 13, ""replacement"": ""éﬂâsdàzéàwéà Öéuvpàéà""}]"
16a0f84fad4d,[]
16cdf6e1431b,[]
1702329560da,"[{""start"": 150, ""end"": 151, ""replacement"": ""è/hy""}, {""start"": 312, ""end"": 313, ""replacement"": ""è/hy""}]"
17cb198a088c,[]
188985777c85,[]
18c7a839d1be,"[{""start"": 98, ""end"": 110, ""replacement"": ""lè/lhhy tlauèulqè/y""}, {""start"": 124, ""end"": 154, ""replacement"": ""zèatèqgkè/qkètè, ybqkltgjﬀaèqlkèy/è,""}]"
18e824c4bd02,[]
190457f05b4e,[]
19409e16c170,[]
197c6a1f481e,"[{""start"": 55, ""end"": 64, ""replacement"": ""zéàdààké:à""}]"
19d4993c2983,[]
1a24625bfdf0,"[{""start"": 36, ""end"": 56, ""replacement"": ""Péxkäàz""}]"
1a6810d6ba06,[]
1aed9584b6e5,[]
1b47d4194beb,[]
1b525f68a823,"[{""start"": 489, ""end"": 501, ""replacement"": ""Eh/Ehhl Rèkyqqgky/uèkyqqkèty""}]"
1b60664abdc7,"[{""start"": 89, ""end"": 97, ""replacement"": ""tìy""}]"
1b9d44941b3b,[]
1bb60b04d33e,"[{""start"": 442, ""end"": 453, ""replacement"": ""Dxuétkpuxà pwéu éxàéﬂ éokéuàéà Dxuétkpu""}]"
1bca9afb192d,"[{""start"": 95, ""end"": 98, ""replacement"": ""uyh/uyhhl""}, {""start"": 180, ""end"": 191, ""replacement"": ""è/hy tlauèulqè""}]"
1c3e05e03669,"[{""start"": 373, ""end"": 387, ""replacement"": ""Öupsévvpuxàà*xààéà""}]"
1ca9ebc5a94e,[]
1d2c8e887170,[]
1d3c03840d9a,[]
1d4a474267c7,"[{""start"": 267, ""end"": 268, ""replacement"": ""è/hy""}]"
1d4f9c501f18,[]
1defe81f86e0,[]
1e10c4b12059,[]
1e46929e4deb,[]
1e58edcd8462,[]
1e831d7f2b3a,[]
1e9914da3970,[]
1ebe2385a978,[]
1fb5111b2227,"[{""start"": 406, ""end"": 415, ""replacement"": ""Dpféàk pwéu Dpféàkxà""}]"
1fcf1212700b,[]
1ff6f22d3b63,"[{""start"": 199, ""end"": 210, ""replacement"": ""Pfouv nv""}, {""start"": 218, ""end"": 227, ""replacement"": ""Pfouv""}]"
20011baac9d7,[]
201c6506cd91,"[{""start"": 298, ""end"": 324, ""replacement"": ""Gkäwéàkéà""}]"
20732a026e3e,"[{""start"": 269, ""end"": 280, ""replacement"": ""tghgkg""}]"
208841dc3ffe,[]
208aee3159c6,"[{""start"": 305, ""end"": 308, ""replacement"": ""tìè""}]"
20ef57cb4f34,[]
210c72459fb4,[]
21384ff5732a,[]
2142694f89c4,[]
2165652109bb,[]
217460e982fb,"[{""start"": 10, ""end"": 22, ""replacement"": ""èh/hl tlauèulqg/l""}]"
218bb3a4df7f,[]
218edb2ffc1b,[]
21f26dcf9900,[]
21f4906d3daf,"[{""start"": 203, ""end"": 224, ""replacement"": ""Qyqqgky/Qyqqkèty,  yzyaqﬀlhè""}, {""start"": 290, ""end"": 304, ""replacement"": ""uyè/uyhhy tlauèulqè.""}]"
220138b41e60,"[{""start"": 191, ""end"": 193, ""replacement"": ""èh/hl""}, {""start"": 230, ""end"": 240, ""replacement"": ""Rgtyaqy""}]"
2269752e871e,"[{""start"": 31, ""end"": 32, ""replacement"": ""è/hy""}]"
229749a17835,"[{""start"": 21, ""end"": 36, ""replacement"": ""èh/hl kyqqgky yu è/hy""}, {""start"": 149, ""end"": 159, ""replacement"": ""Uh/Ml kyqqgky""}]"
22b0ba1d086b,[]
22cbe725cc2d,"[{""start"": 207, ""end"": 217, ""replacement"": ""dflq""}]"
231143802323,"[{""start"": 150, ""end"": 171, ""replacement"": ""Qäàtkxpàvkuèzéu:xààé*xààéà""}]"
231700a77a81,"[{""start"": 303, ""end"": 311, ""replacement"": ""Dpféàkx*xààéà""}]"
233d83952fac,[]
235c159722dd,[]
23646006431a,"[{""start"": 233, ""end"": 236, ""replacement"": ""uyè/uyhhy""}]"
23909c94c818,"[{""start"": 64, ""end"": 77, ""replacement"": ""lè/lhhy tlauèulqè/y""}, {""start"": 152, ""end"": 163, ""replacement"": ""xqkﬀjyaqlhè/My""}, {""start"": 254, ""end"": 256, ""replacement"": ""Uh/Ml""}, {""start"": 328, ""end"": 342, ""replacement"": ""lﬃhè/lhhy xqﬀuyaqè/xqﬀuyaqyxxy""}]"
23fd32d2bc1a,[]
24112ebc8af1,[]
243e56a3d7ed,[]
24417891fbc3,"[{""start"": 22, ""end"": 32, ""replacement"": ""dfluv nv flv""}]"
2484024d0e1c,"[{""start"": 136, ""end"": 141, ""replacement"": ""üxuw,""}]"
24e86b2eb120,[]
2557bf32933f,"[{""start"": 242, ""end"": 243, ""replacement"": ""è/hy""}, {""start"": 307, ""end"": 319, ""replacement"": ""èh/hl tlauèulqg/l""}]"
257627833c06,[]
25d5815b52c8,[]
25e484025cf2,"[{""start"": 19, ""end"": 22, ""replacement"": ""uyh/uyhhl""}, {""start"": 189, ""end"": 198, ""replacement"": ""uyhhl/uyh""}]"
266a90027a19,"[{""start"": 193, ""end"": 202, ""replacement"": ""dflj, nv yfl""}]"
266ee0e5ff53,"[{""start"": 163, ""end"": 174, ""replacement"": ""Eékuéäéu pwéu Eékuéäéuxà""}]"
269422bdc92c,[]
26a56a06412b,[]
26dbe2e5a553,"[{""start"": 28, ""end"": 60, ""replacement"": ""Cxkdueéxkéu""}, {""start"": 376, ""end"": 408, ""replacement"": ""Cxkdueéxkéu""}]"
26dfbeb61bc9,"[{""start"": 208, ""end"": 236, ""replacement"": ""Üéukuékéu""}, {""start"": 265, ""end"": 293, ""replacement"": ""Üéukuékéu""}, {""start"": 322, ""end"": 336, ""replacement"": ""Üéukuékéuxàà*xààéà""}]"
26f18a2a0c9e,[]
271b9cebbb3d,[]
27225813a3ee,[]
276fc5487636,"[{""start"": 42, ""end"": 49, ""replacement"": ""lqhyqè/y,""}]"
276fc57ca5bf,"[{""start"": 270, ""end"": 272, ""replacement"": ""èa""}]"
278a0fbe1ed8,"[{""start"": 25, ""end"": 34, ""replacement"": ""Péxkéuxà pwéu éxàéﬂ éokéuàéà Péxkéu""}, {""start"": 105, ""end"": 114, ""replacement"": ""Péxkéuxà pwéu éxàéﬂ éokéuàéà Péxkéu""}]"
280ae6887b22,"[{""start"": 294, ""end"": 307, ""replacement"": ""Ödukàéu äàw Ödukàéuxààéà""}]"
280d230198f4,[]
2814b92a1029,"[{""start"": 132, ""end"": 133, ""replacement"": ""è/hy""}]"
28f0ee3a36aa,"[{""start"": 55, ""end"": 58, ""replacement"": ""uyè/uyhhy""}, {""start"": 96, ""end"": 102, ""replacement"": ""qyaﬀqg/l""}, {""start"": 231, ""end"": 250, ""replacement"": ""xtèyaqèdètg/l, agatìp""}]"
294dd13465fa,[]
295cde03dda8,"[{""start"": 140, ""end"": 170, ""replacement"": ""béukuékéàwé Öéuvpà""}]"
29fd83a04555,[]
2a759fd5c111,"[{""start"": 221, ""end"": 229, ""replacement"": ""qyaﬀql/g l""}, {""start"": 326, ""end"": 327, ""replacement"": ""è/hy""}]"
2a92d9723a35,[]
2aa3b5604754,[]
2aa5e66642a4,[]
2ac9e004af44,"[{""start"": 0, ""end"": 23, ""replacement"": ""lh/lhhl Rèkyqqgky/Rèkyqqkèty""}]"
2b1c153a3e9e,"[{""start"": 307, ""end"": 333, ""replacement"": ""Gkäwéàkéà""}]"
2b3c70827809,"[{""start"": 36, ""end"": 47, ""replacement"": ""Pfouv nv""}, {""start"": 55, ""end"": 64, ""replacement"": ""Pfouv""}, {""start"": 78, ""end"": 86, ""replacement"": ""Pfouv""}, {""start"": 102, ""end"": 110, ""replacement"": ""Pfouv""}]"
2b5d4f5b5c5f,"[{""start"": 188, ""end"": 189, ""replacement"": ""è/hy""}]"
2bc34a032753,[]
2bd8b5676463,[]
2bd8e083c141,"[{""start"": 97, ""end"": 99, ""replacement"": ""lh/lhhl""}, {""start"": 297, ""end"": 304, ""replacement"": ""ugtyaqy, xqﬀuyaqè""}, {""start"": 307, ""end"": 316, ""replacement"": ""xqﬀuyaqè y uyhhy xqﬀuyaqyxxy,""}]"
2be2757cd751,"[{""start"": 11, ""end"": 13, ""replacement"": ""lh/lhhl""}]"
2c072163d134,"[{""start"": 148, ""end"": 173, ""replacement"": ""Jpyyézéà.""}]"
2c55f957afcf,"[{""start"": 224, ""end"": 245, ""replacement"": ""éxàéà Gkéyybéukuékéux*xààéà""}, {""start"": 251, ""end"": 272, ""replacement"": ""éxà*xààéà Gkéyybéukuékéu.""}]"
2c7f2048efd8,[]
2cb8a12516eb,[]
2ccb0f37819d,[]
2ce5f0cae865,[]
2d1f49874ff8,[]
2db2f9c6aa99,"[{""start"": 61, ""end"": 92, ""replacement"": ""Dptkpudàwéà)""}, {""start"": 97, ""end"": 126, ""replacement"": ""Üéukuékéàwé""}, {""start"": 152, ""end"": 184, ""replacement"": ""Cxkdueéxkéàwéà""}]"
2df83413c967,"[{""start"": 156, ""end"": 159, ""replacement"": ""tìè""}]"
2e082cf456cf,"[{""start"": 273, ""end"": 295, ""replacement"": ""Eédﬂkéà""}]"
2e9a131697d9,[]
2efcdae678d0,"[{""start"": 140, ""end"": 174, ""replacement"": ""wéà""}]"
2f601f0dd990,"[{""start"": 269, ""end"": 270, ""replacement"": ""è/hy""}]"
2fb01dbef34d,[]
2fea3c4fcee6,"[{""start"": 16, ""end"": 28, ""replacement"": ""xgag ljjyxxè/y""}, {""start"": 156, ""end"": 162, ""replacement"": ""qyaﬀqè/y""}, {""start"": 320, ""end"": 325, ""replacement"": ""uyﬃhè/My""}]"
2ff6686b1d99,"[{""start"": 119, ""end"": 147, ""replacement"": ""uyè/uyhhy ﬁykxgalhy kètyktlqgky ﬀaèzykxèqlkè""}, {""start"": 268, ""end"": 280, ""replacement"": ""èh/hl zèatèqgky/zèatèqkèty.""}]"
3053a689c7be,[]
30f511d5f5ce,[]
31140b71d6df,"[{""start"": 63, ""end"": 69, ""replacement"": ""xqyxxg/l""}, {""start"": 129, ""end"": 141, ""replacement"": ""èh tgkﬁg xqﬀuyaqyxtg""}, {""start"": 291, ""end"": 298, ""replacement"": ""lqhyqè/y,""}]"
31749964102f,"[{""start"": 39, ""end"": 47, ""replacement"": ""Jgkﬁg Zqﬀuyaqyxtg""}]"
31a59694e460,"[{""start"": 123, ""end"": 134, ""replacement"": ""Dxuétkpuxà pwéu éxàéﬂ éokéuàéà Dxuétkpu""}, {""start"": 153, ""end"": 182, ""replacement"": ""Iàvkxkäkvyéxkéuxà pwéu éxàéﬂ éokéuàéà Iàvkxkäkvyéxkéu \nPéxkéuxà pwéu éxàéﬂ éokéuàéà Péxkéu""}, {""start"": 211, ""end"": 220, ""replacement"": ""Péxkéuxà pwéu éxàéﬂ éokéuàéà Péxkéu""}, {""start"": 247, ""end"": 256, ""replacement"": ""Péxkéuxà pwéu éxàéﬂ éokéuàéà Péxkéu""}, {""start"": 283, ""end"": 292, ""replacement"": ""Péxkéuxà pwéu éxàéﬂ éokéuàéà Péxkéu""}, {""start"": 318, ""end"": 327, ""replacement"": ""Péxkéuxà pwéu éxàéﬂ éokéuàéà Péxkéu""}, {""start"": 398, ""end"": 407, ""replacement"": ""Péxkéuxà pwéu éxàéﬂ éokéuàéà Péxkéu""}]"
31d694371a20,"[{""start"": 0, ""end"": 13, ""replacement"": ""lﬃhè èjﬁèlaqè""}, {""start"": 313, ""end"": 315, ""replacement"": ""èh/hl""}]"
32091ad02451,[]
320b856a3e83,"[{""start"": 81, ""end"": 87, ""replacement"": ""wxé Öéuváàyxßˮtéxk""}]"
32241e324b34,[]
3231147c9c41,"[{""start"": 160, ""end"": 186, ""replacement"": ""Eéüéueéàwéà""}]"
324671562ff1,[]
327cc7af2789,"[{""start"": 251, ""end"": 261, ""replacement"": ""Èkgdyxxgky/Èkgdyxxgkyxxl""}]"
32b927fe71dc,[]
332a17d93d0b,[]
334eba087b12,"[{""start"": 70, ""end"": 86, ""replacement"": ""tìy dèalaéèl, lh/lhhl""}, {""start"": 96, ""end"": 108, ""replacement"": ""uyhh’lxxyﬃag/l""}, {""start"": 214, ""end"": 224, ""replacement"": ""U/My qèqghlkè""}, {""start"": 290, ""end"": 297, ""replacement"": ""qyaﬀqè/y,""}]"
335c10c1d80e,"[{""start"": 117, ""end"": 126, ""replacement"": ""Dpféàk pwéu Dpféàkxà""}]"
33912f82e3a9,"[{""start"": 295, ""end"": 326, ""replacement"": ""Öupsévvpuéà,""}]"
33beb1571de4,"[{""start"": 417, ""end"": 428, ""replacement"": ""Dxuétkpuxà pwéu éxàéﬂ éokéuàéà Dxuétkpu""}, {""start"": 447, ""end"": 476, ""replacement"": ""Iàvkxkäkvyéxkéuxà pwéu éxàéﬂ éokéuàéà Iàvkxkäkvyéxkéu \nPéxkéuxà pwéu éxàéﬂ éokéuàéà Péxkéu""}, {""start"": 505, ""end"": 514, ""replacement"": ""Péxkéuxà pwéu éxàéﬂ éokéuàéà Péxkéu""}]"
33c06646b029,"[{""start"": 81, ""end"": 100, ""replacement"": ""ﬂxküxutéà.""}]"
33eccd253039,"[{""start"": 212, ""end"": 230, ""replacement"": ""gﬃaè tlauèulql/g,""}, {""start"": 243, ""end"": 256, ""replacement"": ""èh/hl zèatèqgky.""}, {""start"": 279, ""end"": 292, ""replacement"": ""zèatèqgkè/qkètè, èa""}]"
33f27aec4ad7,[]
3416c65db13f,"[{""start"": 220, ""end"": 227, ""replacement"": ""dfluv""}]"
346088e97269,"[{""start"": 141, ""end"": 154, ""replacement"": ""l Èkgdyxxgkè""}, {""start"": 209, ""end"": 211, ""replacement"": ""èh/hl""}, {""start"": 274, ""end"": 298, ""replacement"": ""Èkgdyxxgky/Èkgdyxxgkyxxl ""}]"
3460febe6877,[]
3531be11395b,[]
3536016941c8,"[{""start"": 83, ""end"": 96, ""replacement"": ""ﬀa/ﬀal ﬁkgdyxxgky/ﬁkgdyxxgkyxxl""}, {""start"": 128, ""end"": 139, ""replacement"": ""kètyktlqgky""}]"
3544a9532eba,[]
354f35577b0d,[]
3590ef1a24c8,"[{""start"": 295, ""end"": 320, ""replacement"": ""Dpféàkéà,""}, {""start"": 344, ""end"": 360, ""replacement"": ""Cxkdueéxkéuxààé*xààéà""}, {""start"": 386, ""end"": 416, ""replacement"": ""Nvvxvkéàkéà""}]"
35c518a893e5,[]
35dd0cffa810,[]
362832f0d35f,[]
369267e3d1a5,[]
3724c36af0d2,[]
375092ab0322,"[{""start"": 193, ""end"": 198, ""replacement"": ""fl nv""}, {""start"": 204, ""end"": 217, ""replacement"": ""nv fuy nv flv""}]"
3774ed006494,"[{""start"": 16, ""end"": 25, ""replacement"": ""Rèkyqqgky/Rèkyqqkèty""}]"
3780bb7f64bb,[]
37ca930c6226,"[{""start"": 240, ""end"": 249, ""replacement"": ""éﬂâsdàzéàwéà Öéuvpàéà""}]"
37ea893d18f7,[]
38084bedb901,[]
381bf5218bae,"[{""start"": 281, ""end"": 305, ""replacement"": ""Iàˮdeéàwéà""}]"
38690f9f601c,"[{""start"": 356, ""end"": 371, ""replacement"": ""Nevpybéàk äàw Nevpybéàkxààéà""}]"
388562c3f515,"[{""start"": 173, ""end"": 188, ""replacement"": ""Nevpybéàk äàw Nevpybéàkxààéà""}]"
38eecdbfc7ed,"[{""start"": 236, ""end"": 251, ""replacement"": ""èh/hl kyqqgky yu è/hy""}]"
3924e274f736,"[{""start"": 67, ""end"": 72, ""replacement"": ""qﬀqqè/y""}, {""start"": 135, ""end"": 154, ""replacement"": ""yddyqqèzè/y uyh/uyhhl""}]"
3a6576da3f84,"[{""start"": 33, ""end"": 35, ""replacement"": ""Uh/Ml""}, {""start"": 107, ""end"": 121, ""replacement"": ""lﬃhè/lhhy xqﬀuyaqè/xqﬀuyaqyxxy""}]"
3a670da48e72,[]
3ad0812589ba,"[{""start"": 61, ""end"": 71, ""replacement"": ""dflq""}]"
3ae618edceea,[]
3b21ff50d0f1,"[{""start"": 0, ""end"": 9, ""replacement"": ""tlauèulqg/l""}, {""start"": 94, ""end"": 115, ""replacement"": ""My/U tlauèulqè xqklaèykè""}]"
3b2e5ecd3563,"[{""start"": 89, ""end"": 104, ""replacement"": ""Nevpybéàk äàw Nevpybéàkxààéà""}]"
3b4ba3d1078a,"[{""start"": 24, ""end"": 32, ""replacement"": ""kyqqgky/-ty,""}, {""start"": 178, ""end"": 183, ""replacement"": ""uè ﬀal ﬁykxgal""}]"
3b6aa69c2987,"[{""start"": 61, ""end"": 83, ""replacement"": ""Öuöséàwéà""}, {""start"": 281, ""end"": 308, ""replacement"": ""Eéüéueéàwé,""}]"
3b73ef72b9e5,[]
3b9f6f5d0fb3,"[{""start"": 242, ""end"": 251, ""replacement"": ""dfluv""}]"
3c1c07387a9d,"[{""start"": 0, ""end"": 1, ""replacement"": ""è/hy""}, {""start"": 48, ""end"": 60, ""replacement"": ""èh/hl tlauèulqg/l""}, {""start"": 266, ""end"": 278, ""replacement"": ""lh/lhhl tlauèulql/g""}]"
3c5e1d77ca50,"[{""start"": 84, ""end"": 103, ""replacement"": ""xtljsèl/g xtèyaqèdètg/l""}, {""start"": 337, ""end"": 356, ""replacement"": ""ulhhl/g xqklgkuèalkèl/g""}]"
3c6901b29f40,"[{""start"": 78, ""end"": 89, ""replacement"": ""tghgkg""}]"
3c8e03afc7ae,[]
3ca955fd8781,[]
3ca9fcbcb590,"[{""start"": 275, ""end"": 286, ""replacement"": ""è/hy tlauèulqè""}]"
3cbe7f1b2d94,[]
3cd505693530,"[{""start"": 231, ""end"": 238, ""replacement"": ""dfluv""}]"
3cd9bf5890b8,[]
3d0ee8880d77,"[{""start"": 106, ""end"": 116, ""replacement"": ""è/hy qèqghlkè""}]"
3d1de527c1cf,"[{""start"": 478, ""end"": 487, ""replacement"": ""Péxkéuxà pwéu éxàéﬂ éokéuàéà Péxkéu""}]"
3db0892d4ed8,"[{""start"": 134, ""end"": 156, ""replacement"": ""wéà""}, {""start"": 265, ""end"": 291, ""replacement"": ""Öupsévväu""}, {""start"": 297, ""end"": 335, ""replacement"": ""Zäàxpuâupsévväu""}]"
3dd7cb261600,[]
3ecb06f373db,[]
3ef3e554ce15,"[{""start"": 157, ""end"": 184, ""replacement"": ""Öupwétdàé""}]"
3f462194aa9d,[]
3fb10fd9bca8,[]
3fb3b3704330,[]
3fb9feb59493,[]
402cfb222cf2,"[{""start"": 54, ""end"": 62, ""replacement"": ""Pfouv""}]"
40998b5d6efd,"[{""start"": 138, ""end"": 158, ""replacement"": ""EM/EMME AELSUKUJB/E QTÀÀBQT/QTÀÀQUJT""}, {""start"": 343, ""end"": 345, ""replacement"": ""ME""}]"
409f6644d160,[]
40acc1db7a8a,[]
40e4452dd8e2,[]
40f84001be4a,[]
410c7d2a1e05,[]
4198fdd13a76,"[{""start"": 181, ""end"": 188, ""replacement"": ""ljjyxxè/y""}]"
41a3c52a1c91,[]
41dc737271dd,[]
42014ebddbe2,[]
421358776f1a,[]
423d70a18975,[]
4244bc7367e2,[]
4253eeb39634,[]
427a8ddedf96,[]
4283dbef30ea,"[{""start"": 9, ""end"": 16, ""replacement"": ""Rlzèuy.""}, {""start"": 21, ""end"": 28, ""replacement"": ""QTÀÀBQT""}, {""start"": 250, ""end"": 258, ""replacement"": ""xqﬀuyaqy""}]"
4294580f57bc,"[{""start"": 175, ""end"": 178, ""replacement"": ""ulh/ulhhl""}, {""start"": 208, ""end"": 210, ""replacement"": ""lh/lhhl""}]"
42b30b9b743c,"[{""start"": 65, ""end"": 67, ""replacement"": ""èh/hl""}, {""start"": 151, ""end"": 154, ""replacement"": ""tìè""}]"
42dcad1ce59b,"[{""start"": 99, ""end"": 113, ""replacement"": ""g èh/hl ﬁlﬃljyaqg""}]"
42eafadf07d1,"[{""start"": 112, ""end"": 137, ""replacement"": ""uyè/uyhhy tlauèulqè xyhyéègalqè""}]"
431c625f2594,"[{""start"": 43, ""end"": 62, ""replacement"": ""xﬀttyxxèzl/g lkqètghl/g""}, {""start"": 117, ""end"": 130, ""replacement"": ""uyhhy tlauèulqﬀky""}]"
434d9561c55c,[]
437eda74baa2,[]
439f68d1f183,"[{""start"": 156, ""end"": 159, ""replacement"": ""uyè/uyhhy""}]"
43afd1a340ff,"[{""start"": 197, ""end"": 200, ""replacement"": ""uyh/uyhhl""}, {""start"": 210, ""end"": 222, ""replacement"": ""uyhh’lxxyﬃag/l""}]"
43deaa29e67a,[]
43f8013b3edb,"[{""start"": 296, ""end"": 305, ""replacement"": ""Cxkdueéxk""}]"
4410eb67fcb2,"[{""start"": 0, ""end"": 21, ""replacement"": ""éxàéà Gkéyybéukuékéux*xààéà""}, {""start"": 27, ""end"": 32, ""replacement"": ""éxà*xààéà""}]"
4436137d8609,[]
44a4fdecc9af,[]
45078bd43d9a,"[{""start"": 35, ""end"": 57, ""replacement"": ""Eédﬂkéà""}]"
452c7e5719bf,[]
46108fb7843f,"[{""start"": 219, ""end"": 228, ""replacement"": ""zéàdààké:à""}]"
4724177dd788,"[{""start"": 39, ""end"": 46, ""replacement"": ""lxxﬀaqg/l""}]"
475f5b441aa1,[]
4779ee569230,"[{""start"": 134, ""end"": 155, ""replacement"": ""éxàéà Gkéyybéukuékéux*xààéà""}, {""start"": 161, ""end"": 179, ""replacement"": ""éx*xààéà Gkéyybéukuékéu""}, {""start"": 186, ""end"": 205, ""replacement"": ""Gkéyybéukuékéuxàà*xààéà""}, {""start"": 211, ""end"": 225, ""replacement"": ""Gkéyybéukuékéu""}, {""start"": 235, ""end"": 261, ""replacement"": ""Eéüéueéàwé""}]"
47ff02932a40,"[{""start"": 39, ""end"": 61, ""replacement"": ""Métkpu:x*xààéà Öuèvxwéàk:x*xààéà""}, {""start"": 129, ""end"": 151, ""replacement"": ""Métkpu:x*xààéà Öuèvxwéàk:x*xààéà""}, {""start"": 310, ""end"": 332, ""replacement"": ""Métkpu:x*xààéà Öuèvxwéàk:x*xààéà""}, {""start"": 387, ""end"": 409, ""replacement"": ""Métkpu:x*xààéà Öuèvxwéàk:x*xààéà""}]"
480715207376,[]
485863a0b99b,[]
4865eea5947b,[]
4920f77410b9,"[{""start"": 0, ""end"": 7, ""replacement"": ""Qyqqgky""}]"
493fa608d9c5,[]
4a4ca8fc3782,[]
4aeb7b0a2e15,[]
4b2a9c0cd1ae,[]
4b4216da7b0a,[]
4bead31a4dd7,[]
4c0c7ea58a73,[]
4c367ed02f8e,"[{""start"": 104, ""end"": 132, ""replacement"": ""Öupwétdàé.""}]"
4c5fe9e303ab,[]
4ced9fb427eb,[]
4d0ca41dc3de,"[{""start"": 157, ""end"": 163, ""replacement"": ""qyaﬀqg/l""}]"
4d2bb622fc7b,"[{""start"": 208, ""end"": 227, ""replacement"": ""véxà/xˮu Yˮézdkké, véxà/xˮu""}]"
4d5fdc301032,[]
4d6931216af1,[]
4d6b10182010,"[{""start"": 0, ""end"": 7, ""replacement"": ""uèkyqqg/l.""}]"
4e9bc7144400,"[{""start"": 98, ""end"": 130, ""replacement"": ""Cxkdueéxkéu""}]"
4f120b45aa70,[]
4f476511774d,[]
4f65599867f1,"[{""start"": 35, ""end"": 43, ""replacement"": ""xqﬀuyaqy""}, {""start"": 155, ""end"": 163, ""replacement"": ""tgkﬁg xqﬀuyaqyxtg""}]"
4f7b40397933,"[{""start"": 0, ""end"": 9, ""replacement"": ""Péxkéuxà pwéu éxàéﬂ éokéuàéà Péxkéu""}, {""start"": 147, ""end"": 156, ""replacement"": ""Péxkéuxà pwéu éxàéﬂ éokéuàéà Péxkéu""}, {""start"": 185, ""end"": 194, ""replacement"": ""Péxkéuxà pwéu éxàéﬂ éokéuàéà Péxkéu""}, {""start"": 229, ""end"": 238, ""replacement"": ""Péxkéuxà pwéu éxàéﬂ éokéuàéà Péxkéu""}, {""start"": 263, ""end"": 272, ""replacement"": ""Péxkéuxà pwéu éxàéﬂ éokéuàéà Péxkéu""}, {""start"": 304, ""end"": 313, ""replacement"": ""Péxkéuxà pwéu éxàéﬂ éokéuàéà Péxkéu""}, {""start"": 357, ""end"": 416, ""replacement"": ""Gkäwxéàzdàzvyéxkéu*xààéà""}]"
5019e29305d3,"[{""start"": 273, ""end"": 274, ""replacement"": ""è/hy""}]"
506ba9dd897e,"[{""start"": 219, ""end"": 228, ""replacement"": ""zéàdààké:à""}, {""start"": 285, ""end"": 311, ""replacement"": ""Öupsévväu""}]"
50a563b448a7,"[{""start"": 76, ""end"": 96, ""replacement"": ""Wpßˮvßˮäyyéˮuéuxàà*xààéà""}, {""start"": 173, ""end"": 213, ""replacement"": ""Wpßˮvßˮäyyéˮuéu""}]"
50afb926074c,"[{""start"": 250, ""end"": 276, ""replacement"": ""Eéüéueéàwé""}]"
50ead6e0081c,[]
50ff7cbc9e7b,"[{""start"": 340, ""end"": 347, ""replacement"": ""wéﬂ/wéu""}, {""start"": 411, ""end"": 418, ""replacement"": ""wéu pwéu wxé""}]"
511196edcd4a,"[{""start"": 278, ""end"": 298, ""replacement"": ""Péxkäàz""}]"
51177f51a119,"[{""start"": 4, ""end"": 15, ""replacement"": ""Pfouv nv""}, {""start"": 23, ""end"": 32, ""replacement"": ""Pfouv""}, {""start"": 227, ""end"": 235, ""replacement"": ""Pfouv""}]"
513a16f341ba,"[{""start"": 68, ""end"": 79, ""replacement"": ""xtèyaqèdètg/l""}]"
51485601c192,[]
514cfbadd1be,[]
51692c7bf957,"[{""start"": 147, ""end"": 178, ""replacement"": ""Gkéyybéukuékéuxà/Gkéyybéukuékéu""}, {""start"": 280, ""end"": 302, ""replacement"": ""Nekéxyäàzvyéxkéuxààéà äàw Nekéxyäàzvyéxkéuéà""}]"
5171993511a3,[]
51b82b26d35d,"[{""start"": 65, ""end"": 72, ""replacement"": ""qyaﬀqè/y,""}, {""start"": 193, ""end"": 218, ""replacement"": ""uyh/uyhhl qèqghlky uyhh’lxxyﬃag""}]"
51bf368b86c0,[]
526d9bf52e46,"[{""start"": 0, ""end"": 9, ""replacement"": ""Péxkéuxà pwéu éxàéﬂ éokéuàéà Péxkéu""}]"
5279b54310b5,[]
53134ecb3cea,[]
5325173231e4,"[{""start"": 0, ""end"": 11, ""replacement"": ""Cxkdueéxkéu""}]"
53303b23ad5e,[]
536f1ed110fc,"[{""start"": 110, ""end"": 138, ""replacement"": ""Üéukuékéu""}]"
5398b3c617d6,"[{""start"": 324, ""end"": 354, ""replacement"": ""Öupsévvpuéà""}]"
53e4a0bca255,"[{""start"": 94, ""end"": 124, ""replacement"": ""Üéukuékéuà.""}]"
542908f1a1eb,[]
543449b76e1e,"[{""start"": 271, ""end"": 302, ""replacement"": ""02/37/0739\nEh/Ehhl Alﬃaèdètl/g Qyqqgky""}]"
54398cb67721,[]
545ddb0d9da0,[]
547eaf0a8f26,"[{""start"": 147, ""end"": 159, ""replacement"": ""Öupsévvpu pwéu Öupsévvpuxà""}]"
54862b92120c,[]
5494789fff22,"[{""start"": 0, ""end"": 13, ""replacement"": ""tghhlsgklqgky/tghhlsgklqkèty""}, {""start"": 263, ""end"": 272, ""replacement"": ""kèxﬀhqlqg/l""}]"
54bdf0719b89,[]
5525df441ba5,"[{""start"": 38, ""end"": 55, ""replacement"": ""U/My kyxﬁgaxlsèhè""}]"
55352734ea01,[]
556f1f75573c,[]
557fd91d6b66,[]
56400563db78,[]
567b5837b684,"[{""start"": 232, ""end"": 236, ""replacement"": ""ﬁkgﬁkèl""}, {""start"": 301, ""end"": 304, ""replacement"": ""uyè/uyhhy""}]"
56cfb534fb97,"[{""start"": 100, ""end"": 142, ""replacement"": ""Zäàxpuâupsévvpuéà""}]"
56d425bc03e3,"[{""start"": 249, ""end"": 276, ""replacement"": ""Véeèuwéàvâudßˮwpyﬂékvßˮéux*xààéà""}]"
56fa36ce1381,"[{""start"": 109, ""end"": 125, ""replacement"": ""èh/hl tghhlsgklqgky/tghhlsgklqkèty""}, {""start"": 291, ""end"": 296, ""replacement"": ""qykéy ﬁykxgay""}, {""start"": 323, ""end"": 326, ""replacement"": ""uyè/uyhhy""}]"
570a2b57fb3d,"[{""start"": 16, ""end"": 36, ""replacement"": ""Rèkyqqgky/Rèkyqqkèty""}, {""start"": 338, ""end"": 343, ""replacement"": ""Ml/Uh""}]"
57cd8cf722c4,"[{""start"": 17, ""end"": 26, ""replacement"": ""Péxkéuxà pwéu éxàéﬂ éokéuàéà Péxkéu""}]"
57fa084960c1,"[{""start"": 299, ""end"": 313, ""replacement"": ""èh/hl tlauèulql""}]"
589114b523c4,"[{""start"": 11, ""end"": 41, ""replacement"": ""Öupsévvpuéà""}]"
58ccb281eef2,[]
58f7396ae2c6,[]
595b88fd4fa9,[]
59604a15c381,"[{""start"": 29, ""end"": 36, ""replacement"": ""ljjyxxè/y""}, {""start"": 63, ""end"": 82, ""replacement"": ""ﬃhè xqﬀuyaqè uyzgag""}, {""start"": 125, ""end"": 133, ""replacement"": ""uyh tgkﬁg xqﬀuyaqyxtg""}]"
59fcd3747f2a,"[{""start"": 16, ""end"": 46, ""replacement"": ""Öupsévvpuéà""}]"
5a57ab28b3b5,[]
5a668461895a,[]
5a8bd456aa87,"[{""start"": 133, ""end"": 143, ""replacement"": ""tgjﬁgkqè""}]"
5aa38b15dfb0,"[{""start"": 75, ""end"": 89, ""replacement"": ""uyh/uyhhl tlauèulqg/l""}, {""start"": 191, ""end"": 202, ""replacement"": ""è/hy tlauèulqè""}]"
5b295c6e290d,[]
5b343d8016ac,"[{""start"": 189, ""end"": 190, ""replacement"": ""è/hy""}]"
5c10d79ceeca,[]
5c2437812a5f,"[{""start"": 217, ""end"": 239, ""replacement"": ""Üéuüdykäàzvwxuétkpu:x*xààéà""}]"
5c274447d1bc,[]
5c9d5516160a,"[{""start"": 247, ""end"": 257, ""replacement"": ""dflq""}]"
5cdb176987d0,[]
5cde7ef7ef12,"[{""start"": 297, ""end"": 316, ""replacement"": ""xtljsèl/g xtèyaqèdètg/l""}]"
5cec7d34396b,[]
5d104411e028,"[{""start"": 180, ""end"": 190, ""replacement"": ""tgjﬁgkqè""}]"
5d1d08b463af,"[{""start"": 168, ""end"": 182, ""replacement"": ""kètgagxtèjyaqg/l""}]"
5daae367bc3b,[]
5de993fc3f7c,[]
5dfdb10cfaac,"[{""start"": 97, ""end"": 110, ""replacement"": ""èh/hl zèatèqgky/zèatèqkèty.""}]"
5e43cf296241,"[{""start"": 55, ""end"": 85, ""replacement"": ""Öupuétkpuéà""}]"
5e4c4603f09b,"[{""start"": 0, ""end"": 9, ""replacement"": ""ﬂxkdueéxkéà.""}, {""start"": 41, ""end"": 57, ""replacement"": ""Öupsévvpu/-xàà*xààéà""}]"
5e4ee375296e,[]
5e7bbad4d9c0,[]
5e831b8d0880,[]
5ea3fe692957,[]
5ea7aa1a0dbd,[]
5ecd95da20bc,"[{""start"": 133, ""end"": 136, ""replacement"": ""ulè/ulhhy""}, {""start"": 209, ""end"": 211, ""replacement"": ""èh/hl""}]"
5ed471c21507,[]
5f48e06585e6,"[{""start"": 309, ""end"": 325, ""replacement"": ""lh/lhhl tghhlsgklqgky/tghhlsgklqkèty""}]"
5f6d55a698df,"[{""start"": 294, ""end"": 310, ""replacement"": ""tìy dèalaéèl, lh/lhhl""}]"
5f9c0890cae5,"[{""start"": 10, ""end"": 23, ""replacement"": ""èh/hl zèatèqgky.""}, {""start"": 46, ""end"": 59, ""replacement"": ""zèatèqgkè/qkètè, èa""}, {""start"": 97, ""end"": 109, ""replacement"": ""èh/hl tlauèulqg/l""}]"
5fd32edfa732,"[{""start"": 231, ""end"": 244, ""replacement"": ""xqﬀuyaqy/yxxl""}]"
60306f05eb47,"[{""start"": 133, ""end"": 141, ""replacement"": ""uyh tgkﬁg xqﬀuyaqyxtg""}, {""start"": 164, ""end"": 174, ""replacement"": ""Zyﬃkyqlkèl/Zyﬃkyqlkèg,""}, {""start"": 195, ""end"": 204, ""replacement"": ""uyhyﬃlqg/l.""}]"
603286869062,[]
603e3d95cdf2,[]
604264f152c4,[]
607354e7e94c,"[{""start"": 54, ""end"": 65, ""replacement"": ""tlauèulqè/y""}, {""start"": 261, ""end"": 264, ""replacement"": ""uyh/uyhhl""}]"
60bc82d52aca,[]
60ea9156a256,"[{""start"": 237, ""end"": 238, ""replacement"": ""è/hy""}]"
620995a0f854,[]
6234ccd8433c,[]
624bc3c557a8,[]
62760346b492,[]
62a43c87d5d3,[]
62d58dfe4aff,"[{""start"": 296, ""end"": 341, ""replacement"": ""Wpàpuduâupsévvpuéà,""}]"
631b141a94ac,"[{""start"": 205, ""end"": 216, ""replacement"": ""hg/hl xqﬀuyaqy/yxxl""}]"
63277b07d64d,[]
634e3bd7acff,"[{""start"": 177, ""end"": 187, ""replacement"": ""U/My qèqghlkè""}, {""start"": 207, ""end"": 216, ""replacement"": ""èjﬁyﬃalqè/y""}]"
63d35671b585,"[{""start"": 220, ""end"": 231, ""replacement"": ""Dxuétkpuxà pwéu éxàéﬂ éokéuàéà Dxuétkpu""}, {""start"": 250, ""end"": 279, ""replacement"": ""Iàvkxkäkvyéxkéuxà pwéu éxàéﬂ éokéuàéà Iàvkxkäkvyéxkéu \nPéxkéuxà pwéu éxàéﬂ éokéuàéà Péxkéu""}, {""start"": 308, ""end"": 317, ""replacement"": ""Péxkéuxà pwéu éxàéﬂ éokéuàéà Péxkéu""}, {""start"": 344, ""end"": 353, ""replacement"": ""Péxkéuxà pwéu éxàéﬂ éokéuàéà Péxkéu""}, {""start"": 380, ""end"": 389, ""replacement"": ""Péxkéuxà pwéu éxàéﬂ éokéuàéà Péxkéu""}, {""start"": 415, ""end"": 424, ""replacement"": ""Péxkéuxà pwéu éxàéﬂ éokéuàéà Péxkéu""}, {""start"": 495, ""end"": 504, ""replacement"": ""Péxkéuxà pwéu éxàéﬂ éokéuàéà Péxkéu""}]"
63d80e8854bc,"[{""start"": 111, ""end"": 126, ""replacement"": ""Rèkyqqgky/uèkyqqkèty Èkgd./Èkgd.xxl.""}]"
640ad40f9b96,"[{""start"": 0, ""end"": 7, ""replacement"": ""Qyqqgky""}]"
64436dd24f5e,[]
64473225200f,[]
64599e53a7f4,"[{""start"": 26, ""end"": 33, ""replacement"": ""lh/lhhl""}]"
6460065887c6,[]
6466378b912c,[]
648b8b4b10e6,"[{""start"": 264, ""end"": 273, ""replacement"": ""xqklaèykè/y""}]"
64d3e2f5e76d,"[{""start"": 267, ""end"": 272, ""replacement"": ""qykéy ﬁykxgay""}]"
64f6a6bf9688,"[{""start"": 205, ""end"": 221, ""replacement"": ""Cxkdueéxkéuxààé*xààéà""}]"
650803ffd578,"[{""start"": 280, ""end"": 289, ""replacement"": ""uyxèﬃalqè/y""}]"
651d8cdf68e5,[]
655560415b07,"[{""start"": 59, ""end"": 66, ""replacement"": ""wéu/wxé""}, {""start"": 92, ""end"": 98, ""replacement"": ""wxé Öéuváàyxßˮtéxk""}]"
6556fad650f2,"[{""start"": 15, ""end"": 25, ""replacement"": ""l xèaﬃghè""}]"
65606bbd17cc,"[{""start"": 90, ""end"": 120, ""replacement"": ""Öupsévvpuéà""}]"
656c7c448033,[]
65a7ac73488c,[]
65dd3fa5b265,[]
65e6d59b9e23,[]
6606f4d10673,[]
6625898132ca,"[{""start"": 19, ""end"": 21, ""replacement"": ""dflj,""}, {""start"": 25, ""end"": 28, ""replacement"": ""yfl""}]"
662c801566fd,"[{""start"": 50, ""end"": 63, ""replacement"": ""lﬃhè/lhhy xqﬀuyaqè/xqﬀuyaqyxxy""}]"
667f647ae400,"[{""start"": 169, ""end"": 178, ""replacement"": ""Dpféàk pwéu Dpféàkxà""}, {""start"": 205, ""end"": 227, ""replacement"": ""Jppâéudkxpàvâdukàéu pwéu Jppâéudkxpàvâdukàéuxà""}]"
66e65b1bbc78,[]
6760070a86e3,[]
6764aca4f1ae,[]
67f8db5ae28f,"[{""start"": 0, ""end"": 7, ""replacement"": ""ljjyxxè/y""}]"
67fd7fac15b1,[]
68007fe79509,[]
684ec09461be,"[{""start"": 136, ""end"": 148, ""replacement"": ""Lhè/My xqﬀuyaqè""}, {""start"": 227, ""end"": 245, ""replacement"": ""Jﬀgky xgag ljjyxxè/y""}]"
68992968b1c9,"[{""start"": 49, ""end"": 60, ""replacement"": ""xtèyaqèdètg/l""}]"
689db4d58683,"[{""start"": 98, ""end"": 99, ""replacement"": ""è/hy""}]"
68c10be11d4e,"[{""start"": 86, ""end"": 101, ""replacement"": ""Nevpybéàk äàw Nevpybéàkxààéà""}]"
68f527ae5947,[]
6909b144006e,"[{""start"": 183, ""end"": 191, ""replacement"": ""Pfouv""}]"
691d6516a05a,"[{""start"": 346, ""end"": 349, ""replacement"": ""uyh/uyhhl""}]"
697ae5c17d84,[]
6990b7f4cecd,[]
69d5c55b99c2,[]
69faf2e3970d,[]
6a2f0cb6bd0e,"[{""start"": 202, ""end"": 215, ""replacement"": ""ﬀa/ﬀal ﬁkgdyxxgky/ﬁkgdyxxgkyxxl""}, {""start"": 327, ""end"": 339, ""replacement"": ""èh/hl Rèkyqqgky/Rèkyqqkèty""}]"
6a3f056e0a87,[]
6a5d32509840,"[{""start"": 14, ""end"": 58, ""replacement"": ""Yˮuéàüöuwéàkuèzéu""}, {""start"": 274, ""end"": 303, ""replacement"": ""Vdvkˮáuéu,""}, {""start"": 329, ""end"": 357, ""replacement"": ""Vdvkˮáuéu""}]"
6a8c95914701,[]
6b2732b8a976,[]
6b5c7178d8c3,"[{""start"": 32, ""end"": 41, ""replacement"": ""dfluv""}, {""start"": 218, ""end"": 227, ""replacement"": ""dfluv""}]"
6b67ef323271,"[{""start"": 13, ""end"": 36, ""replacement"": ""éxàé pwéu éxàéxà Gkäwxéàyéxkéu pwéu Gkäwxéàyéxkéuxà""}, {""start"": 80, ""end"": 81, ""replacement"": ""Métkpuxà äàw""}, {""start"": 366, ""end"": 369, ""replacement"": ""wév/wéu""}]"
6b8bc26b1c12,[]
6c04fbb38430,[]
6c5ea0b3dfbf,[]
6ca999e649a8,[]
6cbde8bff2ac,"[{""start"": 59, ""end"": 60, ""replacement"": ""è/hy""}]"
6d16406decac,[]
6d3a7daea679,[]
6d780fb579b3,"[{""start"": 59, ""end"": 71, ""replacement"": ""Uh/Ml tlauèulqg""}]"
6d7f2dc2e6c0,[]
6d9d7d3d3416,[]
6ddb0a78bb1a,[]
6e0165246a7d,"[{""start"": 274, ""end"": 297, ""replacement"": ""éxàé pwéu éxàéxà Gkäwxéàyéxkéu pwéu Gkäwxéàyéxkéuxà""}, {""start"": 341, ""end"": 342, ""replacement"": ""Métkpuxà äàw""}]"
6e81e89d4bd6,"[{""start"": 0, ""end"": 8, ""replacement"": ""Pfouv""}]"
6e96ed6ed70a,"[{""start"": 305, ""end"": 321, ""replacement"": ""uyh/uyhhl uyxqèalqlkèg/l""}]"
6ecf9570227c,[]
6ee05265d01d,"[{""start"": 49, ""end"": 81, ""replacement"": ""Wdexyxkdàwéà""}]"
6ef923527887,"[{""start"": 32, ""end"": 37, ""replacement"": ""qykéy ﬁykxgay""}, {""start"": 152, ""end"": 165, ""replacement"": ""lﬃhè/lhhy xqﬀuyaqè/xqﬀuyaqyxxy""}, {""start"": 301, ""end"": 318, ""replacement"": ""uyh/uyhhl Jggkuèalqgky/Jggkuèalqkèty,""}]"
6f37f72860fd,[]
6f5d574215e5,"[{""start"": 161, ""end"": 172, ""replacement"": ""Dxuétkpuxà pwéu éxàéﬂ éokéuàéà Dxuétkpu""}, {""start"": 254, ""end"": 263, ""replacement"": ""Péxkéuxà pwéu éxàéﬂ éokéuàéà Péxkéu""}, {""start"": 300, ""end"": 309, ""replacement"": ""Péxkéuxà pwéu éxàéﬂ éokéuàéà Péxkéu""}]"
6f5fce58a14c,"[{""start"": 0, ""end"": 2, ""replacement"": ""èh/hl""}, {""start"": 13, ""end"": 24, ""replacement"": ""xtèyaqèdètg/l""}, {""start"": 108, ""end"": 119, ""replacement"": ""My/U xgﬃﬃyqqè tga tèqqluèalaél""}, {""start"": 193, ""end"": 212, ""replacement"": ""Uqlhèl.\nMy/U xgﬃﬃyqqè tga tèqqluèalaél""}]"
6f9bed1beee0,"[{""start"": 73, ""end"": 80, ""replacement"": ""ugtyaqy, xqﬀuyaqè""}, {""start"": 83, ""end"": 92, ""replacement"": ""xqﬀuyaqè y uyhhy xqﬀuyaqyxxy,""}]"
6f9fee8f1fea,[]
6fae2ca2d04b,[]
6ff3c86f6722,[]
7072dab814a4,"[{""start"": 139, ""end"": 150, ""replacement"": ""Pfouv nv""}, {""start"": 158, ""end"": 167, ""replacement"": ""Pfouv""}]"
70bc2d832c50,[]
71082a6ee502,"[{""start"": 333, ""end"": 336, ""replacement"": ""ulh/ulhhl""}]"
7154fce826cc,[]
715cdaea12a7,"[{""start"": 67, ""end"": 78, ""replacement"": ""xtèyaqèdètg/l""}, {""start"": 159, ""end"": 178, ""replacement"": ""ulhhl/g xqklgkuèalkèl/g""}]"
718ab3b7227f,"[{""start"": 199, ""end"": 202, ""replacement"": ""uyè/uyhhy""}, {""start"": 225, ""end"": 228, ""replacement"": ""uyè/uyhhy""}, {""start"": 267, ""end"": 268, ""replacement"": ""è/hy""}]"
71ad3a02c77e,[]
71cb6e59c41d,"[{""start"": 33, ""end"": 73, ""replacement"": ""Wpßˮvßˮäyyéˮuéu""}, {""start"": 84, ""end"": 115, ""replacement"": ""Öupsévvpuéà,""}, {""start"": 116, ""end"": 159, ""replacement"": ""Zäàxpuâupsévvpuéà)""}, {""start"": 213, ""end"": 243, ""replacement"": ""Öupsévvpuéà""}, {""start"": 249, ""end"": 291, ""replacement"": ""Zäàxpuâupsévvpuéà""}, {""start"": 338, ""end"": 370, ""replacement"": ""Cxkdueéxkéu""}]"
71d8c411fd05,"[{""start"": 25, ""end"": 46, ""replacement"": ""Qäàtkxpàvkuèzéu:xààé*xààéà""}, {""start"": 483, ""end"": 504, ""replacement"": ""Qäàtkxpàvkuèzéu:xààé*xààéà""}]"
72137ec6f14f,[]
7225868340f7,"[{""start"": 70, ""end"": 71, ""replacement"": ""è/hy""}]"
7254d293e608,"[{""start"": 77, ""end"": 89, ""replacement"": ""uyxqèalqlkèl""}, {""start"": 191, ""end"": 198, ""replacement"": ""lh/lhhl""}]"
72714327a652,[]
72aeb04408fa,[]
72c9f40585c1,"[{""start"": 189, ""end"": 198, ""replacement"": ""dfluv""}]"
72ec1d6756e9,"[{""start"": 377, ""end"": 388, ""replacement"": ""Eékuéäéu pwéu Eékuéäéuxà""}]"
7348fa3d37b9,"[{""start"": 15, ""end"": 25, ""replacement"": ""U/My qèqghlkè""}, {""start"": 40, ""end"": 53, ""replacement"": ""uyzgag""}, {""start"": 154, ""end"": 156, ""replacement"": ""èh/hl""}]"
73a7ed35da59,[]
73cbea8456ab,"[{""start"": 175, ""end"": 187, ""replacement"": ""kyxﬁgaxlsèhè/My""}, {""start"": 274, ""end"": 276, ""replacement"": ""èh/hl""}, {""start"": 287, ""end"": 297, ""replacement"": ""qklxdykèqg/l""}]"
745bc5e78dcc,[]
7468cbd3d5dd,[]
747b24238574,"[{""start"": 32, ""end"": 67, ""replacement"": ""Gkéyyéàxàˮdeéuxà""}, {""start"": 162, ""end"": 171, ""replacement"": ""ﬂxkdueéxkéà.""}, {""start"": 184, ""end"": 190, ""replacement"": ""éu pwéu vxé""}]"
74f5d754416a,[]
75373bd51476,"[{""start"": 322, ""end"": 336, ""replacement"": ""üxuw ﬂxkdueéxkéà..""}, {""start"": 368, ""end"": 384, ""replacement"": ""Öupsévvpu/-xàà*xààéà""}, {""start"": 443, ""end"": 454, ""replacement"": ""Gxé""}]"
75da17567f62,[]
75fb747667a9,"[{""start"": 63, ""end"": 71, ""replacement"": ""èqlhèlaè/y""}]"
7627a27d12c4,[]
762d1203890e,[]
764659d7c06e,"[{""start"": 117, ""end"": 129, ""replacement"": ""ﬃhè xqﬀuyaqè""}]"
76aa1ba90bae,[]
7734dc38ae77,"[{""start"": 297, ""end"": 311, ""replacement"": ""uyh/uyhhl tlauèulqg/l""}]"
7772af15f1c6,[]
778b48c87133,[]
778d25f15651,"[{""start"": 47, ""end"": 59, ""replacement"": ""Métkpuxà/wéu""}]"
77a8bfbd3a40,"[{""start"": 154, ""end"": 165, ""replacement"": ""xtèyaqèdètg/l""}]"
77c8372c549d,"[{""start"": 67, ""end"": 72, ""replacement"": ""qykéy ﬁykxgay""}]"
77d92b58ebf7,"[{""start"": 255, ""end"": 263, ""replacement"": ""Pfouv""}]"
786084f9a8ec,[]
786890267b14,[]
78a7d54c6371,"[{""start"": 166, ""end"": 169, ""replacement"": ""ulh/ulhhl""}]"
78c476d76a1a,"[{""start"": 21, ""end"": 39, ""replacement"": ""tèlxtﬀa/l tlauèulqg/l,""}, {""start"": 121, ""end"": 134, ""replacement"": ""uyﬃhè ljjyxxè/y""}, {""start"": 153, ""end"": 163, ""replacement"": ""Zyﬃkyqlkèg/Zyﬃkyqlkèl""}, {""start"": 234, ""end"": 236, ""replacement"": ""lh/lhhl""}]"
78f54badd091,"[{""start"": 53, ""end"": 63, ""replacement"": ""tlauèulqè/y.""}, {""start"": 123, ""end"": 141, ""replacement"": ""gﬃaè tlauèulql/g.""}]"
7914cd3b50fd,"[{""start"": 108, ""end"": 147, ""replacement"": ""Öupaétkyéxkéu:x*xààéà Üéuüdykäàzvwxuétkpu:x*xààéà""}, {""start"": 185, ""end"": 227, ""replacement"": ""Xéxßˮàäàzveéuéßˮkxzké:u Qäàtkxpàvkuèzéu:x*xààéà""}, {""start"": 300, ""end"": 352, ""replacement"": ""Xéxßˮàäàzveéuéßˮkxzké:u Qäàtkxpàvkuèzéu:x*xààéà Métkpu:x*xààéà""}, {""start"": 416, ""end"": 438, ""replacement"": ""Métkpu:x*xààéà Öuèvxwéàk:x*xààéà""}]"
7944542465fc,[]
799bfdd28982,"[{""start"": 190, ""end"": 220, ""replacement"": ""Öupsévvpuéà""}]"
79d1caffe222,"[{""start"": 82, ""end"": 98, ""replacement"": ""gxﬁèqè xgﬃﬃyqqè tga tèqqluèalaél""}, {""start"": 252, ""end"": 272, ""replacement"": ""Lhè gxﬁèqè xgﬃﬃyqqè tga tèqqluèalaél""}]"
7a072d651a68,"[{""start"": 27, ""end"": 29, ""replacement"": ""èh/hl""}, {""start"": 40, ""end"": 50, ""replacement"": ""qklxdykèqg/l""}, {""start"": 145, ""end"": 148, ""replacement"": ""uyè/uyhhy""}]"
7a6606e2d173,"[{""start"": 95, ""end"": 103, ""replacement"": ""dflj""}]"
7a7578246d66,"[{""start"": 93, ""end"": 110, ""replacement"": ""Géàxpuâupsévvpu*xààéà""}, {""start"": 116, ""end"": 137, ""replacement"": ""Géàxpuâupsévvpuxàà*xààéà.""}, {""start"": 254, ""end"": 298, ""replacement"": ""Yˮuéàüöuwéàkuèzéu""}]"
7a8ff500ac7a,[]
7a90c1ea6ee2,"[{""start"": 186, ""end"": 210, ""replacement"": ""Céàkpuéà""}]"
7afa8ac5719c,"[{""start"": 77, ""end"": 82, ""replacement"": ""qykéy ﬁykxgay""}, {""start"": 197, ""end"": 210, ""replacement"": ""lﬃhè/lhhy xqﬀuyaqè/xqﬀuyaqyxxy""}]"
7b2a37d72cfa,[]
7b7b90597da6,"[{""start"": 230, ""end"": 240, ""replacement"": ""dfluv nv flv""}]"
7bb9409b9784,"[{""start"": 173, ""end"": 205, ""replacement"": ""Nﬂkvxàˮdeéu""}]"
7bbea4a4d61d,[]
7bc2e93e2e2b,[]
7c0cd80401ac,[]
7c1d739cca68,"[{""start"": 6, ""end"": 14, ""replacement"": ""uyhyﬃlqg/l""}]"
7c693f7165bf,"[{""start"": 426, ""end"": 438, ""replacement"": ""ﬃhè xqﬀuyaqè""}]"
7cc0b78916b8,"[{""start"": 314, ""end"": 326, ""replacement"": ""lh/lhhl tlauèulql/g""}]"
7cdc6862bcd1,"[{""start"": 130, ""end"": 151, ""replacement"": ""Détdàé""}, {""start"": 233, ""end"": 263, ""replacement"": ""Öupsévvpuéà""}]"
7d13e67ade07,"[{""start"": 22, ""end"": 31, ""replacement"": ""xqklaèykè/y""}]"
7e78502c65e6,[]
7f0e27dff897,[]
7f24c6a36f18,"[{""start"": 215, ""end"": 232, ""replacement"": ""Jdàwxwdkéà/-xààé*xààéà""}]"
7f33170815e5,"[{""start"": 145, ""end"": 163, ""replacement"": ""uyè/uyhhy tghhlsgklqgkè,""}]"
7f853d956397,"[{""start"": 121, ""end"": 123, ""replacement"": ""èh/hl""}]"
7f87edd7e2f9,[]
808706d549ec,[]
80a4dbfff71c,"[{""start"": 57, ""end"": 60, ""replacement"": ""uyh/uyhhl""}, {""start"": 248, ""end"": 259, ""replacement"": ""Zyﬃkyqlkèg/Zyﬃkyqlkèl""}]"
80a593f375f4,[]
8102801fe512,[]
8107cd4a587a,"[{""start"": 93, ""end"": 99, ""replacement"": ""xqyxxg/l""}]"
81358cf7f045,[]
8154683593e6,[]
8155bc544a23,"[{""start"": 73, ""end"": 85, ""replacement"": ""ﬃhè xqﬀuyaqè""}]"
816b2f851eab,[]
81757c6fdaf9,"[{""start"": 239, ""end"": 251, ""replacement"": ""èh/hl tlauèulqg/l""}]"
818d8841c759,"[{""start"": 243, ""end"": 260, ""replacement"": ""gﬃaè ljsèql/g ﬀal/ﬀa""}]"
81be61da616d,"[{""start"": 122, ""end"": 135, ""replacement"": ""My/U tlauèulqè/y""}, {""start"": 230, ""end"": 231, ""replacement"": ""è/hy""}]"
81c2d93ae0df,[]
81d5ec692d8b,[]
81e79c913d75,[]
824f96925d37,[]
827ac5f0f247,[]
82ab9881efd1,[]
831492f73f34,[]
8363cbcab05e,[]
838f3bfcc586,[]
83934993ecd6,[]
83a575a361bf,"[{""start"": 131, ""end"": 138, ""replacement"": ""wéu pwéu wxé""}]"
83ce65a60d00,"[{""start"": 16, ""end"": 37, ""replacement"": ""Détdàé""}]"
83e62e92fe4b,[]
8404cc70f641,"[{""start"": 332, ""end"": 343, ""replacement"": ""xtèyaqèdètg/l""}]"
8423e189a41c,[]
84c0e2097d45,[]
84c369fc9b2c,"[{""start"": 48, ""end"": 56, ""replacement"": ""qyaﬀql/g l""}, {""start"": 68, ""end"": 70, ""replacement"": ""lhhl""}, {""start"": 84, ""end"": 95, ""replacement"": ""xtèyaqèdètg/l""}]"
84fd6a4b4642,"[{""start"": 147, ""end"": 154, ""replacement"": ""Métkpuv""}, {""start"": 220, ""end"": 251, ""replacement"": ""Öupuétkpuéà.""}]"
854f5ded212c,"[{""start"": 222, ""end"": 250, ""replacement"": ""Jdàwxwxéuéàwéà""}]"
855c6885a7ff,"[{""start"": 210, ""end"": 217, ""replacement"": ""gﬃaè""}, {""start"": 246, ""end"": 258, ""replacement"": ""èh/hl tlauèulqg/l""}]"
856c44048177,[]
85cf154f21a1,"[{""start"": 55, ""end"": 77, ""replacement"": ""Métkpu:x*xààéà Öuèvxwéàk:x*xààéà""}, {""start"": 132, ""end"": 154, ""replacement"": ""Métkpu:x*xààéà Öuèvxwéàk:x*xààéà""}, {""start"": 201, ""end"": 235, ""replacement"": ""Gkäwxéàzdàzvyéxkéu:x*xààéà Öupuétkpu:x*xààéà""}, {""start"": 274, ""end"": 310, ""replacement"": ""Öupkptpyysöˮuéu:x*xààéà Gxkfäàzvyéxkéu:x*xààéà""}]"
85ed26a3409b,[]
863968a624ab,"[{""start"": 0, ""end"": 2, ""replacement"": ""lhhl""}, {""start"": 16, ""end"": 27, ""replacement"": ""xtèyaqèdètg/l""}]"
864720c9dff4,"[{""start"": 207, ""end"": 216, ""replacement"": ""tèqqluèaè/y""}]"
8653078c0cee,"[{""start"": 228, ""end"": 240, ""replacement"": ""fäzéüxévéà*xààéà""}]"
86b33aa769e3,[]
86ea3eb2d888,[]
86eb60d77da3,[]
8701c4a1e8f1,[]
873f208e0ec5,[]
876b6c3776bd,"[{""start"": 155, ""end"": 167, ""replacement"": ""xﬁytèdètlqè/y)""}]"
878a738f4b03,"[{""start"": 0, ""end"": 8, ""replacement"": ""tgkﬁg xqﬀuyaqyxtg""}, {""start"": 178, ""end"": 188, ""replacement"": ""è/hy hlﬀkylqè""}]"
87fc4ace04c8,[]
884438d615db,[]
8853d5210a23,[]
88ac5eafac36,"[{""start"": 256, ""end"": 258, ""replacement"": ""Uh""}]"
88e9033e8c0d,"[{""start"": 56, ""end"": 68, ""replacement"": ""lh/lhhl tlauèulql/g""}]"
8941c69f55ad,[]
8943791e79f2,[]
896a75dfcb2d,[]
897b2c8ade10,[]
89a05d79e9c1,"[{""start"": 232, ""end"": 248, ""replacement"": ""uè ﬀal ﬁykxgal kètìèyxql,""}]"
89d76a805959,"[{""start"": 67, ""end"": 74, ""replacement"": ""tèlxtﬀa""}, {""start"": 324, ""end"": 327, ""replacement"": ""uyh/uyhhl""}]"
8a2fe5dd2a72,[]
8a513fe2da93,[]
8a8475a9ffa1,[]
8b1c0026b876,"[{""start"": 25, ""end"": 28, ""replacement"": ""uyè/uyhhy""}, {""start"": 61, ""end"": 73, ""replacement"": ""ﬁlkqytèﬁlaqè/y""}]"
8b6870846a97,"[{""start"": 68, ""end"": 82, ""replacement"": ""èh/hl tlauèulql""}]"
8bb7a372c49c,[]
8c3a16fc6159,[]
8c7c77025c70,"[{""start"": 117, ""end"": 138, ""replacement"": ""xtèyaqèdètg/l; \n-tﬀkl g""}]"
8c849df6b6d5,"[{""start"": 382, ""end"": 389, ""replacement"": ""wév""}]"
8caa88703c1d,"[{""start"": 62, ""end"": 86, ""replacement"": ""Èkgdyxxgky/Èkgdyxxgkyxxl ""}]"
8cbad56e4c1e,[]
8cbe9b675a50,[]
8cd81ed047ff,"[{""start"": 232, ""end"": 242, ""replacement"": ""dàzéüéàwék""}, {""start"": 274, ""end"": 304, ""replacement"": ""Nevpybxéuéàwéà""}]"
8d017d0d202b,[]
8d17a1cc26fb,"[{""start"": 310, ""end"": 324, ""replacement"": ""hy/è ﬁlkqytèﬁlaqè""}]"
8d2771a78139,"[{""start"": 83, ""end"": 86, ""replacement"": ""uyè/uyhhy""}, {""start"": 271, ""end"": 285, ""replacement"": ""lh/lhhl ﬁkyxqlqgky/-qkèty,""}]"
8d2bbe772fb8,[]
8d5fbf821ce6,"[{""start"": 9, ""end"": 38, ""replacement"": ""Üéukuékéàwé""}, {""start"": 122, ""end"": 151, ""replacement"": ""Üéukuékéàwé""}, {""start"": 247, ""end"": 278, ""replacement"": ""Dptkpudàwéà)""}]"
8e72a04cd777,[]
8ea2b77e0607,[]
8ec2ee842af0,"[{""start"": 270, ""end"": 282, ""replacement"": ""ﬁlkqytèﬁlaqè/y""}]"
8eeffe0e45cc,[]
8f1861229356,"[{""start"": 361, ""end"": 377, ""replacement"": ""Gkéyybéukuékéux*xààéà""}]"
8f363141c6ce,[]
8f452461087c,[]
8f6b5dd50d3f,"[{""start"": 349, ""end"": 365, ""replacement"": ""wév/wéu Métkpuv üxuw""}]"
8fa2090004c5,"[{""start"": 201, ""end"": 225, ""replacement"": ""Iàˮdeéàwéà""}, {""start"": 256, ""end"": 280, ""replacement"": ""Iàˮdeéàwéà""}]"
8fc682c95956,"[{""start"": 45, ""end"": 54, ""replacement"": ""dfluv""}]"
8fdfd7d7c9cf,"[{""start"": 114, ""end"": 116, ""replacement"": ""ME""}]"
90a718f07268,"[{""start"": 0, ""end"": 3, ""replacement"": ""uyh/uyhhl""}]"
90c6ae01f391,"[{""start"": 56, ""end"": 64, ""replacement"": ""Pfouv""}]"
9154d7c11eab,"[{""start"": 101, ""end"": 109, ""replacement"": ""Pfouv""}]"
916c36f5d23c,[]
917e63aad401,[]
9183eb196a13,"[{""start"": 182, ""end"": 198, ""replacement"": ""Öupaétkyéxkéu/xà""}]"
918e6b274577,"[{""start"": 60, ""end"": 68, ""replacement"": ""Pfouv""}, {""start"": 117, ""end"": 119, ""replacement"": ""dflj,""}, {""start"": 123, ""end"": 126, ""replacement"": ""yfl""}]"
91999ba84f5b,"[{""start"": 10, ""end"": 19, ""replacement"": ""Öupsévvpu""}]"
9229711e32c6,"[{""start"": 136, ""end"": 145, ""replacement"": ""uyh/uyhhl""}, {""start"": 214, ""end"": 226, ""replacement"": ""hy/è uèﬁyauyaqè""}]"
923b019c1d2c,"[{""start"": 276, ""end"": 278, ""replacement"": ""EM""}]"
92693cac4724,[]
928b21c30dc3,[]
92aeb0447765,[]
92cbb221118a,[]
92cd3a7d1c5c,"[{""start"": 242, ""end"": 253, ""replacement"": ""Dxuétkpuxà pwéu éxàéﬂ éokéuàéà Dxuétkpu""}]"
92eace8fa562,[]
93482f39b2c6,[]
9357163c382a,[]
935858bc80ac,"[{""start"": 73, ""end"": 81, ""replacement"": ""èazèqlqg/l""}, {""start"": 259, ""end"": 270, ""replacement"": ""xtèyaqèdètg/l""}]"
941050153a38,"[{""start"": 290, ""end"": 292, ""replacement"": ""Uh/Ml""}]"
946ada75ce45,"[{""start"": 93, ""end"": 95, ""replacement"": ""lhhl""}, {""start"": 109, ""end"": 127, ""replacement"": ""xtèyaqèdètg/l g lﬃhè""}]"
94774d120bad,[]
94ca2dca52e9,[]
9568d5f91172,"[{""start"": 142, ""end"": 145, ""replacement"": ""xˮﬂ/xˮu""}]"
95b26a8dbdb9,"[{""start"": 114, ""end"": 147, ""replacement"": ""Gkxâéàwxdkéà,""}, {""start"": 264, ""end"": 276, ""replacement"": ""Yˮuéàwptkpuv""}, {""start"": 295, ""end"": 337, ""replacement"": ""Géàxpuâupsévvpuéà""}]"
95b86787fa14,[]
95d305981db9,[]
95d6540da610,"[{""start"": 88, ""end"": 90, ""replacement"": ""èh/hl""}, {""start"": 101, ""end"": 112, ""replacement"": ""xtèyaqèdètg/l""}, {""start"": 188, ""end"": 201, ""replacement"": ""tìy dèalaéèl,""}, {""start"": 285, ""end"": 288, ""replacement"": ""uyè/uyhhy""}]"
961c1b023f02,[]
962f286d4b35,[]
96341567f716,[]
969d4471bd91,"[{""start"": 129, ""end"": 147, ""replacement"": ""uyh/uyhhl qèqghlky l/g uyh/uyhhl""}]"
96dadf93cddf,"[{""start"": 101, ""end"": 110, ""replacement"": ""Péxkéuxà pwéu éxàéﬂ éokéuàéà Péxkéu""}, {""start"": 214, ""end"": 223, ""replacement"": ""Péxkéuxà pwéu éxàéﬂ éokéuàéà Péxkéu""}]"
9703f02c69ca,"[{""start"": 169, ""end"": 181, ""replacement"": ""lh/lhhl tlauèulql/g""}]"
97606158de18,[]
978b8994b735,[]
98429970884e,[]
984f32ed33ca,"[{""start"": 246, ""end"": 249, ""replacement"": ""uyè/uyhhy""}, {""start"": 348, ""end"": 361, ""replacement"": ""ﬀa/ﬀal ﬁkgdyxxgky/ﬁkgdyxxgkyxxl""}]"
98677cbec4db,"[{""start"": 0, ""end"": 20, ""replacement"": ""EM/EMME AELSUKUJB/E QTÀÀBQT/QTÀÀQUJT""}]"
98836fda3f34,[]
98db74d55523,"[{""start"": 264, ""end"": 273, ""replacement"": ""Pfouv""}, {""start"": 284, ""end"": 292, ""replacement"": ""Pfouv""}]"
992afdc319e1,[]
993a250f6ff8,"[{""start"": 275, ""end"": 286, ""replacement"": ""tghgkg""}]"
9958cf65d081,[]
99d6efc77bd4,[]
9a0cbbc66c79,[]
9a26fab93833,"[{""start"": 278, ""end"": 284, ""replacement"": ""xqyxxg/l""}]"
9a4714a5c888,"[{""start"": 284, ""end"": 291, ""replacement"": ""dfluv""}]"
9a674be3103d,[]
9a8f3d66061d,[]
9aae72aacbfb,"[{""start"": 257, ""end"": 268, ""replacement"": ""è xgﬃﬃyqqè ljjyxxè/y""}, {""start"": 376, ""end"": 389, ""replacement"": ""uyh/uyhhl tlauèulqg/l""}]"
9ab9bd8e8827,[]
9ae5f83b9f81,"[{""start"": 216, ""end"": 225, ""replacement"": ""uyh/uyhhl""}]"
9afc262a3cbf,"[{""start"": 107, ""end"": 120, ""replacement"": ""ulhhg/ulhhl xqyxxg/l.""}]"
9b1fb7fc9ae9,"[{""start"": 246, ""end"": 268, ""replacement"": ""Dxuétkpuxà pwéu éxàéﬂ éokéuàéà Dxuétkpu, Péxkéuxà pwéu éxàéﬂ éokéuàéà Péxkéu""}, {""start"": 297, ""end"": 306, ""replacement"": ""Péxkéuxà pwéu éxàéﬂ éokéuàéà Péxkéu""}, {""start"": 338, ""end"": 359, ""replacement"": ""Iàvkxkäkvyéxkéuxààéà äàw Iàvkxkäkvyéxkéuéà""}, {""start"": 370, ""end"": 379, ""replacement"": ""Péxkéuxà pwéu éxàéﬂ éokéuàéà Péxkéu""}]"
9b7138b64976,[]
9b7477d0bf4b,"[{""start"": 53, ""end"": 56, ""replacement"": ""tìè""}]"
9befce4faeec,[]
9bf9adf2bc55,"[{""start"": 175, ""end"": 188, ""replacement"": ""Ödukàéu äàw Ödukàéuxààéà""}]"
9c405033e605,[]
9c8b262d1869,[]
9cb8103c5689,[]
9d42c3e51254,[]
9d5d07580295,"[{""start"": 156, ""end"": 164, ""replacement"": ""Pfouv""}]"
9de85c47da4f,[]
9e42c98fbab6,[]
9ecd4f5d44a8,"[{""start"": 105, ""end"": 108, ""replacement"": ""uyh/uyhhl""}, {""start"": 187, ""end"": 197, ""replacement"": ""è/hy qèqghlkè""}]"
9f65db2dba91,"[{""start"": 126, ""end"": 137, ""replacement"": ""Eékuéäéu pwéu Eékuéäéuxà""}]"
a0e722539094,[]
a10f3f9f3879,"[{""start"": 350, ""end"": 374, ""replacement"": ""Èkgdyxxgky/Èkgdyxxgkyxxl ""}]"
a1585b8d12aa,"[{""start"": 299, ""end"": 304, ""replacement"": ""qykéy ﬁykxgay""}]"
a1855e7d1da6,[]
a18ad9ccdd85,[]
a1bcb6d83550,"[{""start"": 202, ""end"": 222, ""replacement"": ""Oxvvéàvßˮdskyéuxàà*xààéà""}]"
a21290cd5e07,[]
a234722bb757,"[{""start"": 261, ""end"": 270, ""replacement"": ""dfluv""}]"
a25a017b77d4,"[{""start"": 182, ""end"": 197, ""replacement"": ""Yuvkzäkdßˮkéuxà""}]"
a2a2e647e335,"[{""start"": 144, ""end"": 153, ""replacement"": ""uyh/uyhhl""}]"
a2f11d48a989,"[{""start"": 15, ""end"": 17, ""replacement"": ""èh/hl""}, {""start"": 189, ""end"": 191, ""replacement"": """"}, {""start"": 234, ""end"": 247, ""replacement"": ""hl/g xqﬀuyaqy ò""}]"
a30173570513,[]
a31b3277388c,[]
a31fe34667f7,[]
a3669965bc19,[]
a36b93a0ed9f,[]
a36e9c0c1425,"[{""start"": 371, ""end"": 399, ""replacement"": ""Üéukuékéu""}]"
a376d811eb84,[]
a379f2021176,"[{""start"": 230, ""end"": 239, ""replacement"": ""Péxkéuxà pwéu éxàéﬂ éokéuàéà Péxkéu""}, {""start"": 346, ""end"": 355, ""replacement"": ""Péxkéuxà pwéu éxàéﬂ éokéuàéà Péxkéu""}]"
a3cd2e7dd46d,[]
a3f8ad1bef22,[]
a44cf5cdc62d,[]
a4a7265d0c84,"[{""start"": 64, ""end"": 76, ""replacement"": ""lè/lhhy tlauèulqè/y""}, {""start"": 115, ""end"": 128, ""replacement"": ""uyﬃhè ljjyxxè/y""}, {""start"": 191, ""end"": 198, ""replacement"": ""gﬃaè""}, {""start"": 290, ""end"": 300, ""replacement"": ""tlauèulqè/y.""}]"
a4bfc3c3ade7,[]
a4c9a6d00445,[]
a4ef8d0c156e,"[{""start"": 187, ""end"": 195, ""replacement"": ""ﬁgxxyxxl/g""}]"
a5001e04ad64,[]
a5164c06fe62,"[{""start"": 0, ""end"": 9, ""replacement"": ""Péxkéuxà pwéu éxàéﬂ éokéuàéà Péxkéu""}, {""start"": 36, ""end"": 45, ""replacement"": ""Péxkéuxà pwéu éxàéﬂ éokéuàéà Péxkéu""}, {""start"": 71, ""end"": 80, ""replacement"": ""Péxkéuxà pwéu éxàéﬂ éokéuàéà Péxkéu""}, {""start"": 151, ""end"": 160, ""replacement"": ""Péxkéuxà pwéu éxàéﬂ éokéuàéà Péxkéu""}]"
a55e9a968407,"[{""start"": 226, ""end"": 234, ""replacement"": ""Pfouv""}, {""start"": 246, ""end"": 254, ""replacement"": ""Pfouv""}]"
a5bc03cdd896,[]
a5eb81be3e01,[]
a61a5da7a02b,"[{""start"": 40, ""end"": 41, ""replacement"": ""è/hy""}]"
a62a55e219f9,"[{""start"": 104, ""end"": 106, ""replacement"": ""lhhl""}, {""start"": 304, ""end"": 311, ""replacement"": ""ugtyaqy, xqﬀuyaqè""}, {""start"": 314, ""end"": 323, ""replacement"": ""xqﬀuyaqyxxy,""}]"
a6348025beb7,"[{""start"": 24, ""end"": 42, ""replacement"": ""Qäàtkxpàvkuèzéu:x*xààéà""}, {""start"": 138, ""end"": 199, ""replacement"": ""Qäàtkxpàvkuèzéu:x*xààéà Xéxßˮàäàzveéuéßˮkxzké:u Qäàtkxpàvkuèzéu:x*xààéà""}, {""start"": 256, ""end"": 308, ""replacement"": ""Xéxßˮàäàzveéuéßˮkxzké:u Qäàtkxpàvkuèzéu:x*xààéà Métkpu:x*xààéà""}, {""start"": 389, ""end"": 450, ""replacement"": ""Qäàtkxpàvkuèzéu:x*xààéà Xéxßˮàäàzveéuéßˮkxzké:u Qäàtkxpàvkuèzéu:x*xààéà""}, {""start"": 493, ""end"": 545, ""replacement"": ""Xéxßˮàäàzveéuéßˮkxzké:u Qäàtkxpàvkuèzéu:x*xààéà Métkpu:x*xààéà""}]"
a63fa70c4bec,"[{""start"": 113, ""end"": 126, ""replacement"": ""uyhhl/uyh tlauèulql/g""}, {""start"": 237, ""end"": 245, ""replacement"": ""kyqqgky/-ty,""}]"
a640a15f9cb5,"[{""start"": 11, ""end"": 19, ""replacement"": ""Pfouv""}, {""start"": 98, ""end"": 106, ""replacement"": ""Pfouv""}, {""start"": 118, ""end"": 126, ""replacement"": ""Pfouv""}, {""start"": 234, ""end"": 245, ""replacement"": ""Pfouv nv""}, {""start"": 253, ""end"": 262, ""replacement"": ""Pfouv""}, {""start"": 276, ""end"": 284, ""replacement"": ""Pfouv""}]"
a697214d04ad,[]
a6ed82142fb2,[]
a70635f9a8d4,"[{""start"": 134, ""end"": 146, ""replacement"": ""LMMy/U ZÀPRTSÀMy/U""}]"
a797ac9c3171,"[{""start"": 145, ""end"": 154, ""replacement"": ""Péxkéuxà pwéu éxàéﬂ éokéuàéà Péxkéu""}]"
a7e92bf6c330,"[{""start"": 277, ""end"": 289, ""replacement"": ""Métkpuxà/wéu""}]"
a7ef9cfb1f17,[]
a8071e4388d0,"[{""start"": 312, ""end"": 342, ""replacement"": ""Üéukuékéuà.""}]"
a810e80b8c5c,[]
a87040408a14,"[{""start"": 198, ""end"": 209, ""replacement"": ""hg/hl xqﬀuyaqy/yxxl""}, {""start"": 297, ""end"": 308, ""replacement"": ""hg/hl xqﬀuyaqy/yxxl""}]"
a8947bffa96e,[]
a932db03b040,"[{""start"": 50, ""end"": 60, ""replacement"": ""Èkgdyxxgky/Èkgdyxxgkyxxl""}, {""start"": 136, ""end"": 145, ""replacement"": ""Rèkyqqgky/uèkyqqkèty""}, {""start"": 161, ""end"": 171, ""replacement"": ""Zyﬃkyqlkèg/Zyﬃkyqlkèl""}]"
a947cb8f2d38,"[{""start"": 233, ""end"": 240, ""replacement"": ""lh/lhhl""}]"
a9504e490b60,"[{""start"": 72, ""end"": 79, ""replacement"": ""wéu/wxé xˮﬂ/xˮu""}, {""start"": 222, ""end"": 250, ""replacement"": ""Öéuvpàéà""}]"
a9505ffac882,[]
a951b0bfe31f,[]
a97b77d92412,"[{""start"": 209, ""end"": 216, ""replacement"": ""Qyqqgky""}, {""start"": 228, ""end"": 239, ""replacement"": ""uyh/uyhhl Qyqqgky""}]"
a99eba98d7ae,[]
aa06d136bbb0,"[{""start"": 310, ""end"": 319, ""replacement"": ""Péxkéuxà pwéu éxàéﬂ éokéuàéà Péxkéu""}]"
aa68eb284a55,"[{""start"": 3, ""end"": 26, ""replacement"": ""ﬁkgdyxxgky/ﬁkgdyxxgkyxxl lﬁﬁlkqyayaqy""}, {""start"": 145, ""end"": 147, ""replacement"": ""ﬀa/ﬀal""}, {""start"": 310, ""end"": 321, ""replacement"": ""tlauèulqè/y""}]"
aaa7f0bacb5d,"[{""start"": 44, ""end"": 65, ""replacement"": ""Qäàtkxpàvkuèzéu:xààé*xààéà""}, {""start"": 296, ""end"": 317, ""replacement"": ""Qäàtkxpàvkuèzéu:xààé*xààéà""}, {""start"": 380, ""end"": 401, ""replacement"": ""Qäàtkxpàvkuèzéu:xààé*xààéà""}]"
ab06005ac3ec,[]
ab379af201b4,"[{""start"": 18, ""end"": 21, ""replacement"": ""uyh/uyhhl""}, {""start"": 157, ""end"": 175, ""replacement"": ""uyè/uyhhy tlauèulqè/y èa""}]"
ab498132a640,"[{""start"": 42, ""end"": 53, ""replacement"": ""lﬀqgkèéélqè/y""}, {""start"": 179, ""end"": 190, ""replacement"": ""U/My tèqqluèaè/y""}]"
ab813f92a0a3,[]
ab9d74a29bd6,"[{""start"": 211, ""end"": 231, ""replacement"": ""ul gﬃaè tlauèulql/g""}, {""start"": 316, ""end"": 337, ""replacement"": ""My/U tlauèulqè xqklaèykè""}]"
abbe6da5034d,"[{""start"": 319, ""end"": 361, ""replacement"": ""Zäàxpuâupsévvpuéà""}]"
abc02da1f381,"[{""start"": 270, ""end"": 283, ""replacement"": ""lè/lhhy tlauèulqè/y""}]"
ac2eaf87a064,[]
ac33a53c6c43,[]
ac61f8985124,"[{""start"": 148, ""end"": 149, ""replacement"": ""è/hy""}]"
acd788fccf46,[]
acee62267574,"[{""start"": 0, ""end"": 30, ""replacement"": ""Nevpybxéuéàwéà""}]"
ad2df87cc334,"[{""start"": 135, ""end"": 138, ""replacement"": ""uyh/uyhhl""}, {""start"": 149, ""end"": 172, ""replacement"": ""xtèyaqèdètg/l, è/hy qèqghlkè""}, {""start"": 255, ""end"": 260, ""replacement"": ""qykéy ﬁykxgay""}]"
ad6c10e5b569,"[{""start"": 273, ""end"": 276, ""replacement"": ""uyh/uyhhl""}]"
ad6fa2ae5c0b,"[{""start"": 203, ""end"": 211, ""replacement"": ""Pfouv""}]"
adc37e788efc,"[{""start"": 198, ""end"": 211, ""replacement"": ""uyè/uyhhy hlzgkè gﬃaè ﬁykxgal""}]"
aded4be10ea0,[]
adee54041f97,"[{""start"": 134, ""end"": 140, ""replacement"": ""qyaﬀqg/l""}, {""start"": 163, ""end"": 165, ""replacement"": ""lhhl""}, {""start"": 179, ""end"": 192, ""replacement"": ""xtèyaqèdètg/l g""}]"
ae13f2345a0a,[]
ae3eda8e8859,[]
aee2f2a68852,[]
af513a6e81da,[]
af6e673158d4,"[{""start"": 36, ""end"": 84, ""replacement"": ""Qdßˮeéuéxßˮvyéxkéàwé,""}, {""start"": 140, ""end"": 184, ""replacement"": ""Nekéxyäàzvyéxkéàwé,""}, {""start"": 240, ""end"": 282, ""replacement"": ""Iàvkxkäkvyéxkéàwé,""}]"
af8e29d70cce,[]
af9637e35824,"[{""start"": 327, ""end"": 340, ""replacement"": ""uyè/uyhhy tlauèulqè/y""}]"
af978becd758,[]
b04427b0d655,"[{""start"": 80, ""end"": 92, ""replacement"": ""lh/lhhl Qyqqgky è/hy""}, {""start"": 236, ""end"": 245, ""replacement"": ""lhhyﬃlqè/y.""}, {""start"": 271, ""end"": 288, ""replacement"": ""ulè/ulhhy zykslhè ""}]"
b05c517d8b9d,"[{""start"": 0, ""end"": 8, ""replacement"": ""Eéüéueéu""}]"
b091c7c10d42,"[{""start"": 223, ""end"": 231, ""replacement"": ""kyhlqkèty""}]"
b0a44bf1c899,"[{""start"": 10, ""end"": 27, ""replacement"": ""uyè/uyhhy tghhlsgklqgkè""}, {""start"": 169, ""end"": 173, ""replacement"": ""lhhg/lhhl""}]"
b0cce6fb86c6,"[{""start"": 137, ""end"": 145, ""replacement"": ""tgkﬁg xqﬀuyaqyxtg""}]"
b10402807fce,"[{""start"": 132, ""end"": 144, ""replacement"": ""èh/hl tlauèulqg/l""}, {""start"": 302, ""end"": 306, ""replacement"": ""xgag/l""}]"
b239ff086ba1,"[{""start"": 546, ""end"": 556, ""replacement"": ""ﬁkgdyxxgky g ﬁkgdyxxgkyxxl;""}, {""start"": 588, ""end"": 598, ""replacement"": ""ﬁkgdyxxgky g ﬁkgdyxxgkyxxl;""}]"
b25160e93831,"[{""start"": 247, ""end"": 262, ""replacement"": ""Nevpybéàk äàw Nevpybéàkxààéà""}]"
b27f531105d9,"[{""start"": 35, ""end"": 48, ""replacement"": ""Ödukàéu äàw Ödukàéuxààéà""}]"
b28263b1b0f0,"[{""start"": 289, ""end"": 317, ""replacement"": ""Üéukuékéu""}]"
b29ba00e2780,[]
b2aef54dd2f2,[]
b2e968264e3c,"[{""start"": 90, ""end"": 116, ""replacement"": ""Nevpybéàkéà/Nevpybéàkxààé*xààéà""}]"
b2f973f559ca,[]
b38ce7fb3faa,"[{""start"": 293, ""end"": 335, ""replacement"": ""Géàxpuâupsévvpuéà""}]"
b3a4a49ea421,[]
b3bdf66f541a,"[{""start"": 191, ""end"": 214, ""replacement"": ""wév""}, {""start"": 343, ""end"": 385, ""replacement"": ""Zäàxpuâupsévväuéà""}]"
b3d6a5e86d62,"[{""start"": 226, ""end"": 228, ""replacement"": ""l""}]"
b42bc2c882fa,[]
b43776c7eb96,"[{""start"": 317, ""end"": 320, ""replacement"": ""dfluv""}]"
b43bad06b660,[]
b470d6b1cda0,[]
b477b8ed4d37,"[{""start"": 152, ""end"": 166, ""replacement"": ""ulhhl/ulh Zyﬃkyqlkèl/g""}]"
b4d226357808,"[{""start"": 130, ""end"": 132, ""replacement"": ""èh/hl""}, {""start"": 189, ""end"": 204, ""replacement"": ""uyh/uyhhl tlauèulql""}, {""start"": 343, ""end"": 355, ""replacement"": ""lhhy ﬁykxgay tìy xè tlauèulag.""}]"
b4d9737fb3d9,[]
b4e89a9df586,"[{""start"": 40, ""end"": 51, ""replacement"": ""tghgkg""}, {""start"": 206, ""end"": 208, ""replacement"": ""èh/hl""}]"
b4ed284b2a95,"[{""start"": 3, ""end"": 11, ""replacement"": """"}, {""start"": 30, ""end"": 43, ""replacement"": ""èqlhèlaè/y. \nEh/Ehhl""}]"
b50a8585103b,[]
b51fadd7b56f,"[{""start"": 146, ""end"": 157, ""replacement"": ""Péxkéuv/wéu""}]"
b5573b2fe6e9,"[{""start"": 69, ""end"": 72, ""replacement"": ""tìè""}]"
b591d28b0ee5,[]
b5b68d52092c,"[{""start"": 74, ""end"": 92, ""replacement"": ""hy/è ﬁlkqytèﬁlaqè g hy/è""}]"
b5d2fddee91f,"[{""start"": 113, ""end"": 116, ""replacement"": ""uyh/uyhhl""}, {""start"": 167, ""end"": 180, ""replacement"": ""uyhhy tlauèulqﬀky""}, {""start"": 264, ""end"": 273, ""replacement"": ""qﬀqqè è xgﬃﬃyqqè""}]"
b5d816ea06dc,[]
b683fb68b192,"[{""start"": 0, ""end"": 20, ""replacement"": ""EM/EMME AELSUKUJB/E QTÀÀBQT/QTÀÀQUJT""}]"
b6a687a3dbae,"[{""start"": 136, ""end"": 147, ""replacement"": ""éxàzéuéxßˮk""}]"
b6c48b5435b0,[]
b7205fb9bffe,[]
b72b7de20f5b,"[{""start"": 13, ""end"": 39, ""replacement"": ""expwxbéuvxkèkvpuxéàkxéuk*xààéà""}, {""start"": 301, ""end"": 315, ""replacement"": ""Eéüéueéu äàw Eéüéueéuxààéà""}]"
b743164a5363,[]
b7439e09e42f,[]
b76588a3f779,[]
b76870f958a1,[]
b7cd4f1d2e83,"[{""start"": 71, ""end"": 113, ""replacement"": ""Géàxpuâupsévvpuéà""}, {""start"": 361, ""end"": 378, ""replacement"": ""Géàxpuâupsévvpu*xààéà""}, {""start"": 384, ""end"": 405, ""replacement"": ""Géàxpuâupsévvpuxàà*xààéà.""}]"
b84d81044a5c,[]
b8977dcecfed,[]
b92e0a54d83a,[]
b92fc1b8fcd5,"[{""start"": 16, ""end"": 27, ""replacement"": ""ﬁykxgalhy kètyktlqgky""}, {""start"": 56, ""end"": 63, ""replacement"": ""gﬃaè""}, {""start"": 149, ""end"": 154, ""replacement"": ""hl/hl/èh""}, {""start"": 316, ""end"": 332, ""replacement"": ""gxﬁèqè xgﬃﬃyqqè tga tèqqluèalaél""}]"
b933a0284949,[]
b958b2d6e0cc,"[{""start"": 365, ""end"": 368, ""replacement"": ""ulh/hl""}]"
b972ddc9545b,"[{""start"": 14, ""end"": 19, ""replacement"": ""ﬁkèjl/g""}, {""start"": 273, ""end"": 287, ""replacement"": ""èh/hl tlauèulql""}]"
b9780de7e091,"[{""start"": 9, ""end"": 10, ""replacement"": ""è/hy""}, {""start"": 280, ""end"": 286, ""replacement"": ""Hèqly.""}]"
b97fc26d3f4a,"[{""start"": 232, ""end"": 258, ""replacement"": ""Eéüéueéàwé""}]"
b997b355e656,"[{""start"": 358, ""end"": 365, ""replacement"": ""ljjyxxè/y""}]"
b99faaa1e0b1,"[{""start"": 11, ""end"": 26, ""replacement"": ""uè xqﬀuyaqè y xqﬀuyaqyxxy;""}]"
b9c7094a6bc3,"[{""start"": 18, ""end"": 21, ""replacement"": ""uyh/uyhhl""}, {""start"": 32, ""end"": 43, ""replacement"": ""xtèyaqèdètg/l""}, {""start"": 76, ""end"": 79, ""replacement"": ""uyh/uyhhl""}]"
b9edc55e1203,"[{""start"": 21, ""end"": 49, ""replacement"": ""Vdvkˮáuéu""}, {""start"": 330, ""end"": 366, ""replacement"": ""Öuxbdkwpféàkéà""}, {""start"": 387, ""end"": 401, ""replacement"": ""Öupsévvpuxàà*xààéà""}]"
ba0e22ce883d,"[{""start"": 263, ""end"": 273, ""replacement"": ""ME QTÀÀBQT""}]"
ba32d482cf72,"[{""start"": 86, ""end"": 94, ""replacement"": ""pwéu wév/wéu""}]"
ba440ab51df3,[]
ba54c4a1aca3,"[{""start"": 4, ""end"": 32, ""replacement"": ""Öéuvpàéà""}, {""start"": 117, ""end"": 145, ""replacement"": ""Öéuvpàéà""}]"
ba688cba7be7,[]
ba6cb374ee25,"[{""start"": 53, ""end"": 64, ""replacement"": ""Zyﬃkyqlkèg/Zyﬃkyqlkèl""}, {""start"": 78, ""end"": 88, ""replacement"": ""ﬁkgdyxxgkè/y""}, {""start"": 155, ""end"": 162, ""replacement"": ""yxﬁykqè/y,""}]"
ba8634e433a7,"[{""start"": 162, ""end"": 166, ""replacement"": ""véxà/xˮu""}]"
ba8e5e8d9bc8,"[{""start"": 57, ""end"": 68, ""replacement"": ""hy/è tèqqluèaè/y""}]"
ba96870ef5dd,[]
ba9b46a327bc,[]
badb08f45c9b,[]
bafa47189f51,"[{""start"": 170, ""end"": 186, ""replacement"": ""tghhlsgklqgkè/-qkètè, yu""}, {""start"": 187, ""end"": 194, ""replacement"": ""tgjﬁyqyaqè""}, {""start"": 268, ""end"": 270, ""replacement"": ""èh/hl""}]"
bb5a934d7871,[]
bb66cf518046,[]
bb7eeeec0d0e,[]
bb8f0e987d66,[]
bb9c0feddcc5,"[{""start"": 73, ""end"": 109, ""replacement"": ""Öuxbdkwpféàkéà""}, {""start"": 130, ""end"": 144, ""replacement"": ""Öupsévvpuxàà*xààéà""}, {""start"": 165, ""end"": 177, ""replacement"": ""Öupsévväuéà""}]"
bbac6521d162,"[{""start"": 21, ""end"": 41, ""replacement"": ""Lhè gxﬁèqè xgﬃﬃyqqè tga tèqqluèalaél""}]"
bbaf46436210,[]
bbb76a1a98e0,[]
bc26a19096dd,"[{""start"": 36, ""end"": 41, ""replacement"": ""èh/hl""}]"
bc37c9d1d265,"[{""start"": 180, ""end"": 187, ""replacement"": ""tìy""}]"
bc3a62dbc236,"[{""start"": 194, ""end"": 207, ""replacement"": ""My/U tlauèulqè/y""}, {""start"": 241, ""end"": 251, ""replacement"": ""kètìèyxql""}]"
bc6ee494a0ed,[]
bc8504f19e7b,"[{""start"": 292, ""end"": 322, ""replacement"": ""Öupsévvpuéà""}]"
bca2f76caa68,[]
bcd74506dacb,"[{""start"": 40, ""end"": 45, ""replacement"": ""fl nv""}, {""start"": 51, ""end"": 64, ""replacement"": ""nv fuy nv flv""}]"
bd00aa72eeec,"[{""start"": 135, ""end"": 136, ""replacement"": ""g""}, {""start"": 190, ""end"": 197, ""replacement"": ""èaqyaugag""}]"
bd34f469df4c,[]
bd38d62fd603,[]
bd3f4d229f34,[]
bd5367083402,"[{""start"": 224, ""end"": 241, ""replacement"": ""uyè/uyhhy tghhlsgklqgkè""}]"
bd783a91ff44,[]
bd7b1485821e,[]
be75f6486f55,"[{""start"": 283, ""end"": 292, ""replacement"": ""Pfouv""}]"
bf00253f8bd7,[]
bf3beb0a1463,"[{""start"": 91, ""end"": 102, ""replacement"": ""wév/wéu Métkpuv""}, {""start"": 157, ""end"": 168, ""replacement"": ""Öupuétkpu*xààéà""}, {""start"": 198, ""end"": 209, ""replacement"": ""Öupuétkpu*xààéà""}, {""start"": 293, ""end"": 304, ""replacement"": ""wév/wéu Métkpuv""}]"
bfa08a061061,"[{""start"": 208, ""end"": 234, ""replacement"": ""ﬀal/ﬀa ﬁkgdyxxgky/ﬁkgdyxxgkyxxl lﬁﬁlkqyayaqy""}]"
bfafb9e66955,"[{""start"": 97, ""end"": 107, ""replacement"": ""ﬁkgdyxxgky g ﬁkgdyxxgkyxxl;""}, {""start"": 139, ""end"": 149, ""replacement"": ""ﬁkgdyxxgky g ﬁkgdyxxgkyxxl;""}, {""start"": 182, ""end"": 192, ""replacement"": ""ﬁkgdyxxgky g ﬁkgdyxxgkyxxl;""}, {""start"": 503, ""end"": 516, ""replacement"": ""tghhlsgklqgky""}]"
c023a0d3077b,[]
c056880cd35f,[]
c05a249f873c,"[{""start"": 126, ""end"": 139, ""replacement"": """"}]"
c0a1c70497ec,"[{""start"": 15, ""end"": 59, ""replacement"": ""Yˮuéàüöuwéàkuèzéu""}, {""start"": 257, ""end"": 301, ""replacement"": ""Yˮuéàüöuwéàkuèzéu""}]"
c0aa26713875,"[{""start"": 197, ""end"": 208, ""replacement"": ""Dxuétkpuxà pwéu éxàéﬂ éokéuàéà Dxuétkpu""}, {""start"": 227, ""end"": 256, ""replacement"": ""Iàvkxkäkvyéxkéuxà pwéu éxàéﬂ éokéuàéà Iàvkxkäkvyéxkéu \nPéxkéuxà pwéu éxàéﬂ éokéuàéà Péxkéu""}, {""start"": 285, ""end"": 294, ""replacement"": ""Péxkéuxà pwéu éxàéﬂ éokéuàéà Péxkéu""}, {""start"": 321, ""end"": 330, ""replacement"": ""Péxkéuxà pwéu éxàéﬂ éokéuàéà Péxkéu""}, {""start"": 357, ""end"": 366, ""replacement"": ""Péxkéuxà pwéu éxàéﬂ éokéuàéà Péxkéu""}, {""start"": 392, ""end"": 401, ""replacement"": ""Péxkéuxà pwéu éxàéﬂ éokéuàéà Péxkéu""}, {""start"": 472, ""end"": 481, ""replacement"": ""Péxkéuxà pwéu éxàéﬂ éokéuàéà Péxkéu""}]"
c0b515db0734,"[{""start"": 192, ""end"": 232, ""replacement"": ""Wpßˮvßˮäyyéˮuéàwéà""}, {""start"": 233, ""end"": 248, ""replacement"": ""Öupsévväuéà""}, {""start"": 249, ""end"": 321, ""replacement"": ""Dpféàkxààéà""}, {""start"": 361, ""end"": 392, ""replacement"": ""Öupsévväuéà,""}]"
c0ba4c8b4498,"[{""start"": 191, ""end"": 214, ""replacement"": ""véxà/xˮu Gkéyybéukuékéu""}, {""start"": 220, ""end"": 247, ""replacement"": ""véxàé/xˮué Gkéyybéukuékéux*xààéà""}]"
c0eb9d84108e,"[{""start"": 270, ""end"": 272, ""replacement"": ""èh/hl""}]"
c1091a8259fc,[]
c115c00b70c2,"[{""start"": 82, ""end"": 90, ""replacement"": ""tgkﬁg xqﬀuyaqyxtg""}, {""start"": 201, ""end"": 218, ""replacement"": ""tgkﬁg xqﬀuyaqyxtg hlﬀkylqè""}]"
c1459856c2a1,"[{""start"": 10, ""end"": 22, ""replacement"": ""èh/hl tlauèulqg/l""}, {""start"": 269, ""end"": 287, ""replacement"": ""tghhlsgklqgky/tghhlsgklqkèty). Uh/Ml""}]"
c16968839d0f,"[{""start"": 147, ""end"": 171, ""replacement"": ""Èkgdyxxgky/Èkgdyxxgkyxxl ""}, {""start"": 292, ""end"": 304, ""replacement"": ""lh/lhhl Qyqqgky è/hy""}]"
c171a3d10ed0,[]
c1b0c916f73f,"[{""start"": 259, ""end"": 265, ""replacement"": ""xqyxxg/l""}]"
c1c039dbb909,"[{""start"": 53, ""end"": 62, ""replacement"": ""dfluv""}]"
c1ce888cc8a2,"[{""start"": 201, ""end"": 211, ""replacement"": ""dflq""}]"
c1d81536b34e,[]
c28d33bfc979,[]
c2c961278ba4,[]
c2ca5b5ca31b,"[{""start"": 87, ""end"": 96, ""replacement"": ""uyxèﬃalqè/y""}]"
c2cd491caf8b,"[{""start"": 243, ""end"": 246, ""replacement"": ""uyh/uyhhl""}, {""start"": 257, ""end"": 268, ""replacement"": ""xtèyaqèdètg/l""}]"
c2d38609a15f,"[{""start"": 58, ""end"": 65, ""replacement"": ""Qyqqgky""}]"
c2e124d3ba8f,[]
c2ebfbc05dc7,"[{""start"": 194, ""end"": 196, ""replacement"": ""èh/hl""}]"
c2f99f8eeb3b,"[{""start"": 168, ""end"": 188, ""replacement"": ""EM/EMME AELSUKUJB/E QTÀÀBQT/QTÀÀQUJT""}]"
c3822b254646,"[{""start"": 186, ""end"": 206, ""replacement"": ""qèqghè: èh/hl tlauèulqg""}]"
c38527fea070,"[{""start"": 14, ""end"": 27, ""replacement"": ""hl/g xqﬀuyaqy ò""}, {""start"": 172, ""end"": 188, ""replacement"": ""zykslhèéélql/g ulh/ulhhl""}]"
c38803b86c7b,[]
c3e6f5f0ca4e,[]
c3ff79fb61d2,[]
c442d16734de,[]
c49261f3e916,"[{""start"": 300, ""end"": 307, ""replacement"": ""tìy""}]"
c4bd75c2091d,[]
c4db9748c041,"[{""start"": 83, ""end"": 85, ""replacement"": ""èh/hl""}, {""start"": 95, ""end"": 107, ""replacement"": ""èh/hl Rèkyqqgky/Rèkyqqkèty""}, {""start"": 119, ""end"": 121, ""replacement"": ""ﬀa/ﬀal""}]"
c5b5857d45e9,"[{""start"": 74, ""end"": 76, ""replacement"": ""èh/hl""}, {""start"": 221, ""end"": 224, ""replacement"": ""uyh/uyhhl""}]"
c5cc6fe1583a,[]
c609f51219bf,[]
c61fd34ada5a,"[{""start"": 5, ""end"": 12, ""replacement"": ""dfluv""}]"
c69852821feb,"[{""start"": 136, ""end"": 143, ""replacement"": ""ugqqgky/ugqqgkyxxl""}, {""start"": 162, ""end"": 168, ""replacement"": ""qyaﬀqè/y""}, {""start"": 205, ""end"": 216, ""replacement"": ""è/hy tèqqluèaè/y""}, {""start"": 262, ""end"": 273, ""replacement"": ""lﬀqgkèéélqè/y""}]"
c6b5b56ffe39,[]
c6b8e24835c7,[]
c6d060b872be,"[{""start"": 30, ""end"": 41, ""replacement"": ""wév/wéu Métkpuv""}]"
c6ff1668e748,"[{""start"": 109, ""end"": 120, ""replacement"": ""Dxuétkpuxà pwéu éxàéﬂ éokéuàéà Dxuétkpu""}, {""start"": 139, ""end"": 168, ""replacement"": ""Iàvkxkäkvyéxkéuxà pwéu éxàéﬂ éokéuàéà Iàvkxkäkvyéxkéu \nPéxkéuxà pwéu éxàéﬂ éokéuàéà Péxkéu""}, {""start"": 197, ""end"": 206, ""replacement"": ""Péxkéuxà pwéu éxàéﬂ éokéuàéà Péxkéu""}, {""start"": 233, ""end"": 242, ""replacement"": ""Péxkéuxà pwéu éxàéﬂ éokéuàéà Péxkéu""}, {""start"": 269, ""end"": 278, ""replacement"": ""Péxkéuxà pwéu éxàéﬂ éokéuàéà Péxkéu""}, {""start"": 304, ""end"": 313, ""replacement"": ""Péxkéuxà pwéu éxàéﬂ éokéuàéà Péxkéu""}, {""start"": 384, ""end"": 393, ""replacement"": ""Péxkéuxà pwéu éxàéﬂ éokéuàéà Péxkéu""}]"
c72cec6dddfa,[]
c77d53306191,"[{""start"": 233, ""end"": 238, ""replacement"": ""véxàé/xˮué""}]"
c7cd72bab1d2,[]
c83bba1b62d2,[]
c88b16be8052,[]
c8b46758ea3d,"[{""start"": 0, ""end"": 20, ""replacement"": ""Eh/Ehhl Alﬃaèdètg/l Qyqqgky/Qyqqkèty""}, {""start"": 204, ""end"": 405, ""replacement"": ""Èkgdyxxgky/Èkgdyxxgkyxxl Zqklgkuèalkèl/g                                                        Èkgdyxxgky/Èkgdyxxgkyxxl Bkuèalkèl/g\n          Èkgdyxxgky/Èkgdyx""}, {""start"": 437, ""end"": 462, ""replacement"": ""Qètyktlqgky ""}]"
c90bab08e1ff,"[{""start"": 427, ""end"": 432, ""replacement"": ""èh/hl""}]"
c9344e20393d,"[{""start"": 131, ""end"": 157, ""replacement"": ""Eéüéueéàwé""}]"
c943f2f0bfae,"[{""start"": 128, ""end"": 129, ""replacement"": ""è/hy""}]"
c95c3bdea624,"[{""start"": 49, ""end"": 58, ""replacement"": ""Pfouv""}, {""start"": 69, ""end"": 77, ""replacement"": ""Pfouv""}]"
c980b2cc11ef,[]
ca54d58ee2de,"[{""start"": 181, ""end"": 192, ""replacement"": ""èauèzèuﬀlqg/l""}, {""start"": 272, ""end"": 273, ""replacement"": ""è/hy""}]"
ca6212403a41,[]
cac018d57557,"[{""start"": 182, ""end"": 185, ""replacement"": ""uyh/uyhhl""}]"
cb04b920bbb6,[]
cbab5887d836,"[{""start"": 256, ""end"": 259, ""replacement"": ""uyh/uyhhl""}, {""start"": 270, ""end"": 281, ""replacement"": ""xtèyaqèdètg/l""}, {""start"": 314, ""end"": 317, ""replacement"": ""uyh/uyhhl""}]"
cbbd39906952,"[{""start"": 118, ""end"": 121, ""replacement"": ""uyh/uyhhl""}, {""start"": 132, ""end"": 143, ""replacement"": ""xtèyaqèdètg/l""}, {""start"": 349, ""end"": 351, ""replacement"": ""èh/hl""}]"
cbe3a82a945c,"[{""start"": 204, ""end"": 211, ""replacement"": ""wév""}]"
cbf9c961cc0a,"[{""start"": 38, ""end"": 39, ""replacement"": ""è/hy""}, {""start"": 143, ""end"": 157, ""replacement"": ""èh/hl tlauèulql""}]"
cc2e052af8a1,[]
cc5000cc3b5b,[]
cc75d3bd1ff0,[]
cc7ccacae83a,"[{""start"": 187, ""end"": 200, ""replacement"": ""èaxyﬃalaqè l""}, {""start"": 289, ""end"": 296, ""replacement"": ""ljjyxxè/y""}, {""start"": 323, ""end"": 335, ""replacement"": ""ﬃhè xqﬀuyaqè""}]"
ccc9b8d48f27,"[{""start"": 45, ""end"": 48, ""replacement"": ""uyè/uyhhy""}]"
ccfcffbca134,[]
cd41915f8507,[]
cd8e8382cae4,"[{""start"": 302, ""end"": 334, ""replacement"": ""Cxkdueéxkéu""}]"
cddec484f902,[]
cdef0c953f04,"[{""start"": 201, ""end"": 204, ""replacement"": ""uyh/uyhhl""}]"
ce04670af32b,[]
ce26ba3aac09,[]
cf0a763462f8,"[{""start"": 318, ""end"": 325, ""replacement"": ""wéu/wxé""}, {""start"": 351, ""end"": 357, ""replacement"": ""wxé Öéuváàyxßˮtéxk""}]"
cf194144bc04,[]
cf97bd2973ff,"[{""start"": 56, ""end"": 80, ""replacement"": ""Èkgdyxxgky/Èkgdyxxgkyxxl ""}]"
cfe350a57a96,[]
cfe9e56ae6b7,[]
d026a665cba0,"[{""start"": 264, ""end"": 275, ""replacement"": ""hy/è tèqqluèaè/y""}]"
d049b3896d83,"[{""start"": 69, ""end"": 87, ""replacement"": ""tghhlsgklqgky/tghhlsgklqkèty). Uh/Ml""}]"
d04b38bdce30,[]
d073c6468dc3,"[{""start"": 388, ""end"": 392, ""replacement"": ""éxàéà""}]"
d0f4f9efa39b,[]
d11c28d90f7f,[]
d12877fe086c,[]
d1382a0c8547,"[{""start"": 330, ""end"": 345, ""replacement"": ""Nevpybéàk äàw Nevpybéàkxààéà""}]"
d22cffaf26ed,[]
d284478b712b,"[{""start"": 272, ""end"": 278, ""replacement"": ""qyaﬀqg/l""}, {""start"": 292, ""end"": 294, ""replacement"": ""lhhl""}, {""start"": 308, ""end"": 319, ""replacement"": ""xtèyaqèdètg/l""}]"
d28bb5523c54,[]
d29b22434a7b,"[{""start"": 81, ""end"": 109, ""replacement"": ""Üéukuékéu""}, {""start"": 186, ""end"": 197, ""replacement"": ""wév/wéu Métkpuv""}, {""start"": 261, ""end"": 291, ""replacement"": ""Öupuétkpuéà""}]"
d2f8550e6bef,"[{""start"": 77, ""end"": 90, ""replacement"": ""uyè/uyhhy tlauèulqè/y""}, {""start"": 240, ""end"": 249, ""replacement"": ""Rèkyqqgky/Rèkyqqkèty""}]"
d338327a1db3,"[{""start"": 0, ""end"": 16, ""replacement"": ""uyh/uyhhl uyxqèalqlkèg/l""}, {""start"": 132, ""end"": 145, ""replacement"": ""uyh/uyhhl tlauèulqg/l""}]"
d35dd17b41d9,[]
d3621e583e07,[]
d3ae4d4a9ef7,"[{""start"": 24, ""end"": 27, ""replacement"": ""uyè/uyhhy""}, {""start"": 39, ""end"": 51, ""replacement"": ""ﬀaèzykxèqlkè/y""}]"
d3c122f589a2,"[{""start"": 42, ""end"": 49, ""replacement"": ""Déu/wxé""}, {""start"": 173, ""end"": 179, ""replacement"": ""éu pwéu vxé""}, {""start"": 372, ""end"": 379, ""replacement"": ""wév""}]"
d3df19e56777,"[{""start"": 7, ""end"": 15, ""replacement"": ""Pfouv""}]"
d446f40f3973,"[{""start"": 133, ""end"": 144, ""replacement"": ""eékupsséà*xààéà""}]"
d45d0f466934,"[{""start"": 68, ""end"": 113, ""replacement"": ""Wpàpuduâupsévvpuéà,""}, {""start"": 127, ""end"": 167, ""replacement"": ""Oxvvéàvßˮdskyéu""}]"
d48f1603c24f,[]
d49483b780d7,"[{""start"": 183, ""end"": 188, ""replacement"": ""qykéy ﬁykxgay""}, {""start"": 303, ""end"": 316, ""replacement"": ""lﬃhè/lhhy xqﬀuyaqè/xqﬀuyaqyxxy""}]"
d528026c8e95,[]
d53afa23796c,"[{""start"": 97, ""end"": 119, ""replacement"": ""lhhl xﬀttyxxèzl/g lkqètghl/g""}]"
d56a0a710956,[]
d56aa48622b1,[]
d588d84085d8,[]
d5899fe92891,[]
d59a62e508df,"[{""start"": 35, ""end"": 38, ""replacement"": ""uyh/uyhhl""}]"
d5a4a242b2e4,"[{""start"": 71, ""end"": 78, ""replacement"": ""qytaètg/l""}]"
d5b40863f0bf,"[{""start"": 78, ""end"": 89, ""replacement"": ""xtèyaqèdètg/l""}]"
d5d5b1b15d85,[]
d60b356f83ae,[]
d659a11be1da,[]
d66ce23ddf12,"[{""start"": 142, ""end"": 156, ""replacement"": ""uyh/uyhhl tlauèulqg/l""}]"
d69779927650,"[{""start"": 141, ""end"": 151, ""replacement"": ""kètìèyxql""}]"
d69b05c933c1,[]
d6a0f1ad5f85,"[{""start"": 4, ""end"": 35, ""replacement"": ""Péuàâdukàéu;""}]"
d71755c91c79,[]
d752febbf59b,"[{""start"": 183, ""end"": 194, ""replacement"": ""è/hy tlauèulqè""}]"
d79540e580eb,[]
d7d59f58928a,[]
d7e2627c258f,"[{""start"": 128, ""end"": 129, ""replacement"": ""U/My""}, {""start"": 148, ""end"": 155, ""replacement"": ""ﬁﬀw""}, {""start"": 226, ""end"": 228, ""replacement"": ""lhhl""}, {""start"": 242, ""end"": 253, ""replacement"": ""xtèyaqèdètg/l""}]"
d7e5e13b2075,[]
d81a23b7ae40,[]
d83fe1950422,"[{""start"": 105, ""end"": 126, ""replacement"": ""éxàéà dtkxbé Cxkdueéxk""}, {""start"": 277, ""end"": 286, ""replacement"": ""ﬂxkdueéxkéà.""}]"
d882aedd2e06,"[{""start"": 43, ""end"": 55, ""replacement"": ""ﬁlkqytèﬁlaqè/y""}]"
d8f427ceff55,"[{""start"": 97, ""end"": 112, ""replacement"": ""ﬁkgdyxxgky/ﬁkgdyxxgkyxxl; \n1.""}]"
d95b28ebfbdd,[]
d9644178e2ef,[]
d96da477102a,"[{""start"": 91, ""end"": 94, ""replacement"": ""uyh/uyhhl""}, {""start"": 149, ""end"": 162, ""replacement"": ""ﬀal/ﬀa èatlkètlql/g""}]"
d99eded3968f,"[{""start"": 137, ""end"": 174, ""replacement"": ""Yˮuéàvéàdkpuéà,""}, {""start"": 175, ""end"": 207, ""replacement"": ""Yˮuéàeöuzéàwéà""}, {""start"": 311, ""end"": 348, ""replacement"": ""Yˮuéàvéàdkpuéà""}, {""start"": 354, ""end"": 388, ""replacement"": ""Yˮuéàeöuzéàwéà""}]"
da00613a5351,[]
da0d392ce7dd,[]
da26b01fca28,[]
da3ce37b8273,"[{""start"": 158, ""end"": 162, ""replacement"": ""lﬃhè/My""}]"
da80857e1294,"[{""start"": 115, ""end"": 121, ""replacement"": ""qyaﬀqg/l""}, {""start"": 212, ""end"": 215, ""replacement"": ""uyh/uyhhl""}]"
da8d53da9f17,[]
da9a205f3210,[]
db0eb7a6a7a1,[]
db679750a5d5,"[{""start"": 274, ""end"": 282, ""replacement"": ""qyaﬀql/g l""}, {""start"": 294, ""end"": 296, ""replacement"": ""lhhl""}, {""start"": 310, ""end"": 321, ""replacement"": ""xtèyaqèdètg/l""}]"
db84e3e5c820,"[{""start"": 221, ""end"": 232, ""replacement"": ""Gxé""}]"
dcab33656aea,"[{""start"": 367, ""end"": 393, ""replacement"": ""Nevpybéàkéà/Nevpybéàkxààé*xààéà""}]"
dd0248d3bf7d,[]
dda3a8eaaed1,[]
ddd692983a62,"[{""start"": 49, ""end"": 50, ""replacement"": ""è/hy""}, {""start"": 300, ""end"": 301, ""replacement"": ""è/hy""}]"
de0fbd20bfd5,[]
de169b76eb93,[]
de7dde6a7b11,"[{""start"": 293, ""end"": 325, ""replacement"": ""Gâéfxdyxvkéà""}]"
de96a47c89c3,"[{""start"": 97, ""end"": 119, ""replacement"": ""ljjyxxè/y è/hy Èkgdyxxgkè""}, {""start"": 178, ""end"": 180, ""replacement"": ""èh/hl""}]"
de99d3fab484,[]
deaa79351025,[]
deb6012a3da1,"[{""start"": 99, ""end"": 122, ""replacement"": ""Péxkéàwéà""}, {""start"": 265, ""end"": 306, ""replacement"": ""Wpßˮvßˮäyyéˮuéàwéà""}]"
def6b0c2434b,[]
df0413a82f53,"[{""start"": 78, ""end"": 94, ""replacement"": ""lh/lhhl tghhlsgklqgky/tghhlsgklqkèty""}]"
dfbdee1bd077,"[{""start"": 26, ""end"": 48, ""replacement"": ""Nekéxyäàzvyéxkéuxààéà äàw Nekéxyäàzvyéxkéuéà""}, {""start"": 209, ""end"": 231, ""replacement"": ""Nekéxyäàzvyéxkéuxààéà äàw Nekéxyäàzvyéxkéuéà""}]"
dfdca6f42032,"[{""start"": 49, ""end"": 52, ""replacement"": ""uyh/uyhhl""}, {""start"": 63, ""end"": 74, ""replacement"": ""xtèyaqèdètg/l""}, {""start"": 169, ""end"": 180, ""replacement"": ""ﬁykxgalhy kètyktlqgky""}, {""start"": 212, ""end"": 225, ""replacement"": ""è/hy ﬁykxgalhy kètyktlqgky""}, {""start"": 275, ""end"": 286, ""replacement"": ""xtèyaqèdètg/l""}]"
e014394d8960,"[{""start"": 235, ""end"": 258, ""replacement"": ""Uh/Ml Rèkyqqgky/uèkyqqkèty RUAT ﬁkgd.""}]"
e02586635394,"[{""start"": 124, ""end"": 131, ""replacement"": ""ugtyaqy, xqﬀuyaqè""}, {""start"": 134, ""end"": 143, ""replacement"": ""xqﬀuyaqyxxy,""}]"
e02ae4d09b4b,"[{""start"": 112, ""end"": 126, ""replacement"": ""lh/lhhl qèqghlky uè""}]"
e02bbbde85ca,"[{""start"": 73, ""end"": 80, ""replacement"": ""ugtyaqy, xqﬀuyaqè""}, {""start"": 83, ""end"": 92, ""replacement"": ""xqﬀuyaqyxxy,""}]"
e07b6e60ea45,"[{""start"": 211, ""end"": 215, ""replacement"": ""è/hy""}, {""start"": 283, ""end"": 288, ""replacement"": ""qykéy ﬁykxgay""}]"
e0886c9ce32b,"[{""start"": 231, ""end"": 259, ""replacement"": ""Üéukuékéu""}]"
e08a0e77a60b,"[{""start"": 206, ""end"": 226, ""replacement"": ""Öupaétkâdukàéu äàw Öupaétkâdukàéuxààéà""}]"
e0bca0d5ec27,[]
e0f0634c862a,[]
e0f1480bfc4b,"[{""start"": 11, ""end"": 14, ""replacement"": ""ulh/hl""}]"
e1215be0c3e9,"[{""start"": 36, ""end"": 43, ""replacement"": ""wéﬂ/wéu""}, {""start"": 107, ""end"": 114, ""replacement"": ""wéu pwéu wxé""}, {""start"": 315, ""end"": 322, ""replacement"": ""Déu/wxé""}]"
e1a24f4d3091,[]
e1b295ea3a5f,[]
e21c5a68ca63,"[{""start"": 0, ""end"": 9, ""replacement"": ""Péxkéuxà pwéu éxàéﬂ éokéuàéà Péxkéu""}, {""start"": 177, ""end"": 202, ""replacement"": ""éxàéxààéà äàw éxàééà Iàvkxkäkvyéxkéuxà pwéu éxàéﬂ éokéuàéà Iàvkxkäkvyéxkéu""}]"
e2853762946d,"[{""start"": 102, ""end"": 114, ""replacement"": ""lh/lhhl tlauèulql/g""}]"
e2876ea7445e,"[{""start"": 235, ""end"": 245, ""replacement"": ""U/My qèqghlkè""}, {""start"": 260, ""end"": 273, ""replacement"": ""uyzgag""}]"
e2a9fb1498ec,[]
e2bb3944d7d6,"[{""start"": 6, ""end"": 7, ""replacement"": ""è/hy""}, {""start"": 71, ""end"": 73, ""replacement"": ""èh/hl""}, {""start"": 201, ""end"": 214, ""replacement"": ""uyh/uyhhl tlauèulqg/l""}]"
e2d433b1a90e,"[{""start"": 134, ""end"": 141, ""replacement"": ""Qyqqgky""}]"
e2f3a28c2dee,"[{""start"": 79, ""end"": 110, ""replacement"": ""Öupsévvpuéà,""}]"
e30a0c775e6c,"[{""start"": 138, ""end"": 170, ""replacement"": ""Üxféuétkpuéà""}, {""start"": 186, ""end"": 218, ""replacement"": ""Üxféuétkpuéà""}, {""start"": 299, ""end"": 302, ""replacement"": ""xˮﬂ/xˮu""}]"
e36a1367ec17,[]
e37f818968c2,"[{""start"": 118, ""end"": 126, ""replacement"": ""lzzyaﬀqg/l""}]"
e38c4f09bfee,"[{""start"": 267, ""end"": 269, ""replacement"": ""lh/lhhl""}, {""start"": 280, ""end"": 287, ""replacement"": ""qytaètg/l""}]"
e3a9c4055812,"[{""start"": 17, ""end"": 27, ""replacement"": ""dflq""}]"
e3fbbba2c165,[]
e451f767fe32,"[{""start"": 180, ""end"": 218, ""replacement"": ""eéàdààkéà""}]"
e46654cc0ffc,[]
e49b68f5651c,"[{""start"": 87, ""end"": 110, ""replacement"": ""Öuöséàwéà,""}, {""start"": 276, ""end"": 285, ""replacement"": ""zéàdààké:à""}]"
e4a2f07caf7c,[]
e4bd719ebf64,[]
e4d0edbccf27,[]
e4d95c1ac4b2,"[{""start"": 63, ""end"": 76, ""replacement"": ""EM JBQÈB ZÀPRTSÀTZJB""}, {""start"": 148, ""end"": 161, ""replacement"": ""lﬃhè Jgkﬁg Zqﬀuyaqyxtg""}]"
e4dbccc592c2,"[{""start"": 309, ""end"": 348, ""replacement"": ""wéﬂ""}]"
e5707b5e0224,"[{""start"": 149, ""end"": 162, ""replacement"": ""tghhlsgklqgky""}]"
e5cf0f52c875,"[{""start"": 64, ""end"": 70, ""replacement"": ""qyaﬀqè/y""}, {""start"": 98, ""end"": 110, ""replacement"": ""ﬀaèzykxèqlkè/y""}]"
e5db97e22d20,[]
e6166beea35f,[]
e689e4139c80,[]
e695096b6442,[]
e6c1b78226a8,"[{""start"": 78, ""end"": 87, ""replacement"": ""Péxkéuxà pwéu éxàéﬂ éokéuàéà Péxkéu""}, {""start"": 348, ""end"": 357, ""replacement"": ""Péxkéuxà pwéu éxàéﬂ éokéuàéà Péxkéu""}]"
e6d660464f47,"[{""start"": 48, ""end"": 53, ""replacement"": ""qykéy ﬁykxgay""}, {""start"": 80, ""end"": 83, ""replacement"": ""uyè/uyhhy""}, {""start"": 142, ""end"": 146, ""replacement"": ""ﬁkgﬁkèl""}]"
e6f43cd3be36,"[{""start"": 157, ""end"": 160, ""replacement"": ""uyè/uyhhy""}, {""start"": 198, ""end"": 199, ""replacement"": ""l""}]"
e721e0da64dd,"[{""start"": 169, ""end"": 182, ""replacement"": ""uyhhy tlauèulqﬀky""}, {""start"": 288, ""end"": 300, ""replacement"": ""lè/lhhy tlauèulqè/y""}]"
e7492168632d,[]
e753c3f50353,[]
e75ebe5a4220,"[{""start"": 0, ""end"": 9, ""replacement"": ""tlauèulqè/y""}]"
e7a896514297,"[{""start"": 0, ""end"": 11, ""replacement"": ""xtèyaqèdètg/l""}, {""start"": 36, ""end"": 47, ""replacement"": ""ﬁykxgalhy kètyktlqgky""}, {""start"": 79, ""end"": 92, ""replacement"": ""è/hy ﬁykxgalhy kètyktlqgky""}, {""start"": 142, ""end"": 153, ""replacement"": ""xtèyaqèdètg/l""}]"
e7e318708adc,"[{""start"": 178, ""end"": 187, ""replacement"": ""uyxèﬃalqè/y""}, {""start"": 262, ""end"": 265, ""replacement"": ""uyè/uyhhy""}]"
e814c5b887ec,"[{""start"": 125, ""end"": 127, ""replacement"": ""lh/lhhl""}, {""start"": 220, ""end"": 222, ""replacement"": ""èh/hl""}, {""start"": 233, ""end"": 244, ""replacement"": ""xtèyaqèdètg/l""}]"
e841f267cff7,[]
e850142b199b,"[{""start"": 0, ""end"": 22, ""replacement"": ""Dxuétkpuxà pwéu éxàéﬂ éokéuàéà Dxuétkpu, Péxkéuxà pwéu éxàéﬂ éokéuàéà Péxkéu""}, {""start"": 51, ""end"": 60, ""replacement"": ""Péxkéuxà pwéu éxàéﬂ éokéuàéà Péxkéu""}, {""start"": 124, ""end"": 133, ""replacement"": ""Péxkéuxà pwéu éxàéﬂ éokéuàéà Péxkéu""}, {""start"": 165, ""end"": 187, ""replacement"": ""Dxuétkpuxà pwéu éxàéﬂ éokéuàéà Dxuétkpu, Péxkéuxà pwéu éxàéﬂ éokéuàéà Péxkéu""}, {""start"": 216, ""end"": 225, ""replacement"": ""Péxkéuxà pwéu éxàéﬂ éokéuàéà Péxkéu""}, {""start"": 297, ""end"": 306, ""replacement"": ""Péxkéuxà pwéu éxàéﬂ éokéuàéà Péxkéu""}]"
e87e88cc1c34,"[{""start"": 152, ""end"": 178, ""replacement"": ""hètyaéèljyaqg uyh/uyhhl kyqqgky,""}]"
e89299a88477,"[{""start"": 99, ""end"": 102, ""replacement"": ""uyh/uyhhl""}, {""start"": 113, ""end"": 124, ""replacement"": ""xtèyaqèdètg/l""}, {""start"": 210, ""end"": 221, ""replacement"": ""xtèyaqèdètg/l""}, {""start"": 246, ""end"": 257, ""replacement"": ""ﬁykxgalhy kètyktlqgky""}, {""start"": 289, ""end"": 302, ""replacement"": ""è/hy ﬁykxgalhy kètyktlqgky""}]"
e8b7c41e17d0,[]
e8da1bf98284,[]
e8ee9d7dd7fc,[]
e92d95add013,"[{""start"": 287, ""end"": 293, ""replacement"": ""wxé Öéuváàyxßˮtéxk""}]"
e93c517ed670,"[{""start"": 10, ""end"": 13, ""replacement"": ""ulè/ulhhy""}, {""start"": 35, ""end"": 47, ""replacement"": ""ﬀag/ﬀal xqﬀuyaqy""}]"
e988fb89904a,"[{""start"": 5, ""end"": 26, ""replacement"": ""Qäàtkxpàvkuèzéu:xààé*xààéà""}, {""start"": 89, ""end"": 110, ""replacement"": ""Qäàtkxpàvkuèzéu:xààé*xààéà""}]"
e9b338aac3cb,"[{""start"": 16, ""end"": 26, ""replacement"": ""dflq""}]"
e9f3fd819c45,[]
ea2f917f00b4,[]
eae5fe4c3496,"[{""start"": 0, ""end"": 8, ""replacement"": ""Pfouv""}, {""start"": 134, ""end"": 137, ""replacement"": ""fuy""}]"
eb1ac8629353,"[{""start"": 53, ""end"": 76, ""replacement"": ""Uh/Ml Rèkyqqgky/uèkyqqkèty RUAT ﬁkgd.""}, {""start"": 122, ""end"": 124, ""replacement"": ""Uh/Ml""}, {""start"": 133, ""end"": 146, ""replacement"": ""ﬁkgd.Aﬀìljjlu""}, {""start"": 194, ""end"": 206, ""replacement"": ""Eh/Ehhl Rèkyqqgky/Rèkyqqkèty""}, {""start"": 260, ""end"": 272, ""replacement"": ""xgqqgxtkèqqg/l""}]"
eb9cd6f46105,[]
eba66f1cd4e3,[]
ebbba193ba32,[]
ebcddad4da0a,"[{""start"": 161, ""end"": 169, ""replacement"": ""Qyqqgky/Qyqqkèty""}]"
ebe81b746577,[]
ec41ffed6498,"[{""start"": 291, ""end"": 314, ""replacement"": ""wév Öudtkxtdàkéà/x*xààéà""}, {""start"": 422, ""end"": 429, ""replacement"": ""wév""}]"
ec75c371d5a9,"[{""start"": 14, ""end"": 24, ""replacement"": ""Rgtyaqy""}]"
ec8030fae0cc,[]
ecb3d4fdd0c0,[]
ecddeb7b9377,"[{""start"": 51, ""end"": 64, ""replacement"": ""EM JBQÈB ZÀPRTSÀTZJB""}, {""start"": 247, ""end"": 267, ""replacement"": ""Rèkyqqgky/Rèkyqqkèty""}]"
ed5199f82e40,[]
edfb6b39e5e9,[]
ee707b122564,"[{""start"": 136, ""end"": 166, ""replacement"": ""Öupsévvpuéà""}, {""start"": 171, ""end"": 213, ""replacement"": ""Zäàxpuâupsévvpuéà""}, {""start"": 223, ""end"": 253, ""replacement"": ""Öupsévvpuéà""}, {""start"": 260, ""end"": 302, ""replacement"": ""Zäàxpuâupsévvpuéà""}]"
eea06ab9b992,[]
ef2512f8ca41,[]
ef746dc8233a,"[{""start"": 329, ""end"": 338, ""replacement"": ""ﬂxkdueéxkéà.""}]"
ef7914e8eaf2,[]
efe244d3612a,"[{""start"": 4, ""end"": 30, ""replacement"": ""Gkäwéàkéà""}, {""start"": 222, ""end"": 253, ""replacement"": ""Nevpybxéuéàwéà""}]"
efe3d67d3117,[]
efef2280383b,"[{""start"": 46, ""end"": 49, ""replacement"": ""ulh/ulhhl""}, {""start"": 165, ""end"": 168, ""replacement"": ""ulh/ulhhl""}, {""start"": 265, ""end"": 282, ""replacement"": ""U/My kyxﬁgaxlsèhè""}]"
f00d56a08c6b,[]
f0362399abea,"[{""start"": 31, ""end"": 34, ""replacement"": ""uyè/uyhhy""}, {""start"": 46, ""end"": 58, ""replacement"": ""ﬀaèzykxèqlkè/y""}, {""start"": 154, ""end"": 155, ""replacement"": ""è/hy""}, {""start"": 181, ""end"": 194, ""replacement"": ""xgal/g qyaﬀqè/y l""}, {""start"": 206, ""end"": 207, ""replacement"": ""è/hy""}]"
f04d7ad12628,[]
f051d03b30f0,"[{""start"": 228, ""end"": 245, ""replacement"": ""uyh/uyhhl tghhlsgklqgky/tghhlsgklqkèty""}]"
f073d3bebf92,[]
f08dfc88cf80,"[{""start"": 225, ""end"": 238, ""replacement"": ""lh/lhhl ﬁkyxqlqgky/-qkèty""}]"
f09cb0ec5a39,[]
f0b0a2d83b60,"[{""start"": 193, ""end"": 201, ""replacement"": ""kyhlqkèty""}, {""start"": 273, ""end"": 275, ""replacement"": ""Uh/Ml""}]"
f0b570d9f43d,"[{""start"": 59, ""end"": 70, ""replacement"": ""Dxuétkpuxà pwéu éxàéﬂ éokéuàéà Dxuétkpu""}, {""start"": 162, ""end"": 173, ""replacement"": ""Dxuétkpuxà pwéu éxàéﬂ éokéuàéà Dxuétkpu""}, {""start"": 427, ""end"": 438, ""replacement"": ""Dxuétkpuxà pwéu éxàéﬂ éokéuàéà Dxuétkpu""}]"
f0bc4c3d26cf,"[{""start"": 49, ""end"": 110, ""replacement"": ""Qäàtkxpàvkuèzéu:x*xààéà Xéxßˮàäàzveéuéßˮkxzké:u Qäàtkxpàvkuèzéu:x*xààéà""}, {""start"": 153, ""end"": 205, ""replacement"": ""Xéxßˮàäàzveéuéßˮkxzké:u Qäàtkxpàvkuèzéu:x*xààéà Métkpu:x*xààéà""}, {""start"": 249, ""end"": 271, ""replacement"": ""Métkpu:x*xààéà Öuèvxwéàk:x*xààéà""}, {""start"": 333, ""end"": 355, ""replacement"": ""Métkpu:x*xààéà Öuèvxwéàk:x*xààéà""}]"
f0c2a1e22832,[]
f0caf547f975,[]
f112668851cf,"[{""start"": 180, ""end"": 204, ""replacement"": ""Èkgdyxxgky/Èkgdyxxgkyxxl""}, {""start"": 301, ""end"": 303, ""replacement"": ""èh/hl""}, {""start"": 317, ""end"": 319, ""replacement"": ""èh/hl""}]"
f1251917830d,[]
f14c91973bba,"[{""start"": 253, ""end"": 255, ""replacement"": ""èh/hl""}]"
f1d1c71e3b82,"[{""start"": 116, ""end"": 153, ""replacement"": ""Öuxbdkwpfxéuéàwé""}, {""start"": 199, ""end"": 210, ""replacement"": ""Öupsévvpu*xààéà""}, {""start"": 303, ""end"": 335, ""replacement"": ""Öuxbdkwpféàk""}]"
f1e7d4d6cf76,"[{""start"": 0, ""end"": 4, ""replacement"": ""véxà/xˮu""}, {""start"": 15, ""end"": 19, ""replacement"": ""véxà/xˮu""}]"
f21d38004a84,"[{""start"": 146, ""end"": 169, ""replacement"": ""Péxkéàwéà""}]"
f253334cd701,"[{""start"": 142, ""end"": 172, ""replacement"": ""Öupsévväuéà""}, {""start"": 320, ""end"": 321, ""replacement"": ""Métkpuxà äàw""}]"
f268836082f6,"[{""start"": 134, ""end"": 145, ""replacement"": ""xtèyaqèdètg/l""}]"
f29356449de5,"[{""start"": 281, ""end"": 301, ""replacement"": ""Eh/Ehhl Alﬃaèdètg/l Qyqqgky/Qyqqkèty""}]"
f2b5c6ef31aa,[]
f2c6dfc1c01d,[]
f2e4ad8032e4,[]
f3165162cfba,"[{""start"": 111, ""end"": 153, ""replacement"": ""Zäàxpuâupsévväuéà""}, {""start"": 313, ""end"": 322, ""replacement"": ""zéàdààké:à""}]"
f3302f8a1c79,[]
f3662659779e,"[{""start"": 43, ""end"": 54, ""replacement"": ""wév/wéu Métkpuv""}]"
f36d13a5cf08,"[{""start"": 125, ""end"": 129, ""replacement"": ""éxàéà""}]"
f378d00ef5c2,[]
f3ac203778a9,[]
f3d9a4437c53,"[{""start"": 251, ""end"": 291, ""replacement"": ""Wpßˮvßˮäyyéˮuéu""}, {""start"": 302, ""end"": 333, ""replacement"": ""Öupsévvpuéà,""}, {""start"": 334, ""end"": 354, ""replacement"": ""Zäàxpuâupsévvpuxàà*xààéà""}]"
f3e5045f21b3,"[{""start"": 41, ""end"": 59, ""replacement"": ""ulh/ulhhl Jykqèdètlqgky.""}, {""start"": 250, ""end"": 252, ""replacement"": ""èh/hl""}]"
f4887bd02261,"[{""start"": 159, ""end"": 172, ""replacement"": ""ulh/ulhhl tlauèulql/g""}, {""start"": 285, ""end"": 297, ""replacement"": ""èh/hl tlauèulqg/l""}]"
f4ec3221fcf9,"[{""start"": 120, ""end"": 137, ""replacement"": ""ﬁkgdyxxègalhy g hy/è""}]"
f55be5a6f09b,[]
f566d651d988,[]
f5a013d58efc,[]
f5d91edcbd9a,"[{""start"": 183, ""end"": 203, ""replacement"": ""Wáuéàwéà""}]"
f647dc1c803b,"[{""start"": 1017, ""end"": 1030, ""replacement"": ""Paèzykxèqlkèl/g""}]"
f64d2da6c3b2,"[{""start"": 412, ""end"": 423, ""replacement"": ""éxàzéuéxßˮk""}]"
f66f0e42c2f2,"[{""start"": 29, ""end"": 32, ""replacement"": ""uyè/uyhhy""}]"
f674b5c66d48,"[{""start"": 150, ""end"": 161, ""replacement"": ""xtèyaqèdètg/l""}]"
f6b12a753320,"[{""start"": 182, ""end"": 197, ""replacement"": ""Rèkyqqgky/uèkyqqkèty Èkgd./Èkgd.xxl.""}]"
f6d95ee61ee1,"[{""start"": 45, ""end"": 54, ""replacement"": ""Péxkéuxà pwéu éxàéﬂ éokéuàéà Péxkéu""}, {""start"": 239, ""end"": 248, ""replacement"": ""Péxkéuxà pwéu éxàéﬂ éokéuàéà Péxkéu""}]"
f6f6f2bb6738,"[{""start"": 236, ""end"": 239, ""replacement"": ""tìè""}]"
f74179392ec0,"[{""start"": 137, ""end"": 148, ""replacement"": ""Pfouv nv""}, {""start"": 156, ""end"": 164, ""replacement"": ""Pfouv""}]"
f77827449b0d,"[{""start"": 34, ""end"": 43, ""replacement"": ""Pfouv""}]"
f7847f9e72d2,"[{""start"": 139, ""end"": 145, ""replacement"": ""nv fuy""}]"
f79d737bd67d,[]
f81cc4fb61a0,"[{""start"": 149, ""end"": 158, ""replacement"": ""Rèkyqqgky/uèkyqqkèty""}]"
f8c295546394,[]
f917b4165ae6,"[{""start"": 38, ""end"": 55, ""replacement"": ""uyè/uyhhy tlauèulqè. \nMy/U""}, {""start"": 243, ""end"": 261, ""replacement"": ""tèlxtﬀa/l tlauèulqg/l,""}]"
f92a627ea7f0,"[{""start"": 119, ""end"": 134, ""replacement"": ""Nevpybéàk äàw Nevpybéàkxààéà""}]"
f9488d82b94b,"[{""start"": 58, ""end"": 72, ""replacement"": ""èh/hl tlauèulql""}, {""start"": 159, ""end"": 171, ""replacement"": ""xgal/g ljjyxxy""}, {""start"": 261, ""end"": 262, ""replacement"": ""è/hy""}]"
f96546a90126,[]
f9c554ad513d,[]
fa394863d11b,"[{""start"": 211, ""end"": 230, ""replacement"": ""xtljsèl/g xtèyaqèdètg/l""}, {""start"": 291, ""end"": 293, ""replacement"": ""èh/hl""}, {""start"": 304, ""end"": 315, ""replacement"": ""xtèyaqèdètg/l""}]"
fa5c84c40cab,"[{""start"": 74, ""end"": 75, ""replacement"": ""Métkpuxà äàw""}]"
fa6c72662bd4,"[{""start"": 188, ""end"": 209, ""replacement"": ""Vépüxvvéàvßˮdskyéu pwéu Vépüxvvéàvßˮdskyéuxà""}]"
faab78083f3f,"[{""start"": 369, ""end"": 393, ""replacement"": ""xqlqè zykslhèéélqè qﬀqqè""}]"
faf1db99d870,[]
fafcc2d7a7a9,"[{""start"": 114, ""end"": 144, ""replacement"": ""Öupsévvpuéà""}]"
fbb5a8a12d5f,"[{""start"": 498, ""end"": 506, ""replacement"": ""Pfouv""}, {""start"": 518, ""end"": 526, ""replacement"": ""Pfouv""}]"
fc20f9019424,[]
fc28c1e4925c,[]
fc5aaa0fd51c,"[{""start"": 261, ""end"": 267, ""replacement"": ""qyaﬀqè/y""}, {""start"": 295, ""end"": 307, ""replacement"": ""ﬀaèzykxèqlkè/y""}]"
fc5e0f5c6bf0,"[{""start"": 0, ""end"": 28, ""replacement"": ""Üéukuékéu""}, {""start"": 57, ""end"": 85, ""replacement"": ""Üéukuékéu""}, {""start"": 114, ""end"": 142, ""replacement"": ""Üéukuékéu""}, {""start"": 171, ""end"": 199, ""replacement"": ""Üéukuékéu""}]"
fd1a821c4e3b,[]
fd2ddba044b8,[]
fd4fe268c305,"[{""start"": 217, ""end"": 228, ""replacement"": ""My/U tlauèulqè""}]"
fd782e571c83,[]
fdcead965a6a,[]
fdf14188fbec,"[{""start"": 252, ""end"": 257, ""replacement"": ""üxuw,""}]"
fe27ed16d438,"[{""start"": 133, ""end"": 146, ""replacement"": """"}]"
fe35d76f92e8,[]
fe74ac8b64b0,[]
fe9d018d7884,[]
fec07c9d82bf,"[{""start"": 115, ""end"": 125, ""replacement"": ""kètìèyxql""}]"
ff310188fcc1,"[{""start"": 101, ""end"": 133, ""replacement"": ""Cxkdueéxkéu""}, {""start"": 331, ""end"": 351, ""replacement"": ""Wpßˮvßˮäyyéˮuéuxàà*xààéà""}]"
ff3592caa319,"[{""start"": 167, ""end"": 173, ""replacement"": ""xqyxxg/l""}]"
ff6ccbda9476,"[{""start"": 210, ""end"": 228, ""replacement"": ""éxàé pwéu éxàéxà Eékuéäéu pwéu Eékuéäéuxà""}]"
ff9871d0e929,"[{""start"": 101, ""end"": 110, ""replacement"": ""dfluv""}]"
ff9d73a4fd76,"[{""start"": 137, ""end"": 142, ""replacement"": ""qykéy ﬁykxgay""}, {""start"": 152, ""end"": 164, ""replacement"": ""uyè/uyhhy qèqghlkè""}]"
ffd00a201919,"[{""start"": 125, ""end"": 137, ""replacement"": ""lh/lhhl tlauèulql/g""}]"
