id,document_group,language,text,edits_json
0033d309dcf7,05c9dee4c5,de,"Métkpu:xà Öuèvxwéàk:xà wév Wpßˮvßˮäyudkév àdßˮ Eévßˮyävv wév Wpßˮvßˮäyudkév 
Nyyé Eékuèzé béuvkéˮéà vxßˮ xàty. CüGk. 

Mézyéﬂéàk Vévßˮèskvsöˮuäàz (ÖWVM; 337.077) 
Nàˮdàz III
SÄAYMGKWMIQAYÄJUCÖYAYÄXYÄ Üéukudz / Dptäﬂéàk 
3. Sàkéuvßˮuxsk 
0. Sàkéuvßˮuxsk Öéuvpàéyyév 
Eésuxvkéké äàw äàeésuxvkéké Nàvkéyyäàzvbéukuèzé Véﬂèvv Mézyéﬂéàk Öéuvpàdy (ÖWVM; 307.377) 
Yàzdzéﬂéàk bpà àéeéàdﬂkyxßˮéà Cxkdueéxkéàwéà Öupaétkyéxkéu:xà Üéuüdykäàzvwxuétkpu:xà Nueéxkvféäzàxvvé 
Péxkéu:xà Öéuvpàdy Xéxßˮàäàzveéuéßˮkxzké:u","[{""start"":0,""end"":22,""replacement"":""Métkpu pwéu Métkpuxà Öuèvxwéàk pwéu Öuèvxwéàkxà""},{""start"":314,""end"":320,""replacement"":""zéﬂèvv""},{""start"":402,""end"":441,""replacement"":""Öupaétkyéxkéu pwéu Öupaétkyéxkéuxà Üéuüdykäàzvwxuétkpu pwéu Üéuüdykäàzvwxuétkpuxà""},{""start"":460,""end"":469,""replacement"":""Péxkéu pwéu Péxkéuxà""}]"
00410f686551,5806f4737e,de,"Ywäßdkxpà dàw Övlßˮpypzl 
Iàvkxkäk wé âqwdzpzxé vâqßxdyxvqé ék wé âvlßˮpypzxé 
Cdvkéu-Gkäwxéàzdàz Gpàwéuâèwdzpzxt 
Cdvkéu ps Nukv xà Gâéßxdy Äééwv Ywäßdkxpà 
Cdvkéu/Dxâyﬃﬂé éà âqwdzpzxé vâqßxdyxvqé 
- Üéukxésäàzvuxßˮkäàz Gßˮäyxvßˮé Wéxyâèwdzpzxt GWÖ 
- Yokéàvxpà Öupzudﬂﬂé Iàßyävxbé dàw Gâéßxdy Ywäßdkxpà 
- Dxuéßkxpà éàvéxzàéﬂéàk vâqßxdyxvq 
- Üéukxésäàzvuxßˮkäàz Wéxyâèwdzpzxvßˮé Quöˮéufxéˮäàz WQY 
- Yokéàvxpà Öupzudﬂﬂé Yduyl",[]
00ecb2fa1fe8,b2f9cdf42f,de,"wév Öudtkxtäﬂv (9 YKAG) vßˮyxévvéà wxé Gkäwéàkxà/ wéu Gkäwéàk, wxé/ wéu eékuéäéàwé Géàxpu Péßkäuéu vpüxé wxé Eékuéäéuxà/ wéu Eékuéäéu xﬂ Eékuéxe éxàé Öudtkxtäﬂvbéuéxàeduäàz öeéu wxé Xxéyé äàw Iàˮdyké wév Öudtkxtäﬂv vpüxé wxé Eékuéääàz üèˮuéàw wév Öudtkxtäﬂv de.
Déu Öudtkxtäﬂveéuxßˮk üxuw ﬂxk «éusöyyk» pwéu «àxßˮk éusöyyk» eéüéukék. 
TSNPIAHAGGIKWYMÄDY CNGGÄNWCYÄ","[{""start"":35,""end"":62,""replacement"":""dyyé Gkäwxéuéàwéà,""},{""start"":109,""end"":133,""replacement"":""Eékuéääàzvâéuvpà""}]"
01206e12a456,08cc097d7a,it,"uèulqqètl ayè hèjèqè tgaxyaqèqè ulhhl agkjlqèzl zèﬃyaqy. 
M’lxxyﬃaèxql xè èjﬁyﬃal èaghqky lu gxxykzlky qﬀqqy hy agkjy èaykyaqè lhhl xètﬀkyéél xﬀè hﬀgﬃìè uè hlzgkg, agatìp l kèxﬁyqqlky ﬃhè gsshèﬃìè uè tgaugqql ﬁkyzèxqè ulh Jguèty uè Jgjﬁgkqljyaqg uyè uèﬁyauyaqè ﬁﬀsshètè uè tﬀè lh R.È.Q. a. 20 uyh 32.71.0735 y ulh",[]
0146e480d327,5806f4737e,de,"Gäââpukâupfévvé 
Péxkéu*xà xvk Wpßˮvßˮäyyéxkäàzvﬂxkzyxéw (P.Géubxßév Qxàdàféà äàw IA, P.Géubxßév Gkäwxäﬂ äàw Péˮué) äàw söˮuk béuvßˮxéwéàé Nekéxyäàzéà Sﬂydzéà däs zdàfé Wpßˮvßˮäyé uévâ. däs Péxvkäàzvdäskudz Gkäwxäﬂ äàw Péˮué.
Nàˮdàz D: Äpﬂéàtydkäu ÖW QWÄO 
Nàˮdàz D Vévßˮèskvuézyéﬂéàk ÖW QWÄO 
Déäkvßˮ 
Jöuféy 
Yàzyxvßˮ 
Qudàfávxvßˮ Qdßˮˮpßˮvßˮäyé Äpuwüévkvßˮüéxf QWÄO 
QWÄO 
QWÄO 
Sàxbéuvxkl ps Nââyxéw","[{""start"":17,""end"":26,""replacement"":""Péxkéu pwéu Péxkéuxà""}]"
01911d0904e3,a9f0925c9a,it,"zykèuètèqo uyhhy lﬀqgtykqèdètléègaè ﬁkgugqqy. 
Syh tlxg uè jlatlql lttyqqléègay g uè jlatlql ﬁkyxyaqléègay uyè ugtﬀjyaqè, g uè kèaﬀatèl uyhh’lzyaqy uèkèqqg, h’lxxyﬃag ﬁﬀw yxxyky tgadykèqg lh ﬁkèjg èugayg ayhhl ﬃkluﬀlqgkèl uyhhl xﬁytèdètl zlhﬀqléègay tgjﬁlklqèzl ﬁﬀsshètl kyhlqèzl lhh’lxxyﬃag aga lqqkèsﬀèqg, jyuèlaqy lﬀqgkèééléègay uèkyqqgkèlhy xﬀ yxﬁhètèql kètìèyxql uyh kydykyaqy xtèyaqèdètg uyhhl","[{""start"":188,""end"":203,""replacement"":""lhhl ﬁkèjl ﬁykxgal èugayl""},{""start"":368,""end"":371,""replacement"":""uyhhl/uyh""},{""start"":382,""end"":393,""replacement"":""xtèyaqèdètl/g""}]"
01c40f4ab52d,52e42a2282,de,"§ 27 Gdkf 3 Äu.3 WGV PGN Cxkzyxéw wéu UÜVS xvk. 
(5) Ddv Nﬂk wéu Öupuétkpuxà pwéu wév Öupuétkpuv üxuw àéeéàeéuäsyxßˮ dävzéöek. 
Qöu wxé fävèkfyxßˮéà Näszdeéà tdàà àéeéà wéu Méwäfxéuäàz wéu Péˮubéuâsyxßˮkäàz däßˮ éxà Nävzyéxßˮ xà dàwéuéu Qpuﬂ zéüèˮuk üéuwéà. 
(1) Ivk eéx Neydäs wéu Nﬂkvféxk wéu Öupuétkpuxààéà","[{""start"":25,""end"":33,""replacement"":""Cxkzyxéwéu""},{""start"":43,""end"":47,""replacement"":""vxàw.""}]"
01ce7af820d8,b2f9cdf42f,de,"ydäwé) 
K (ﬂdzàd ßäﬂ ydäwé) 
D (ßäﬂ ydäwé) 
Y (uxké) 
IÄJMNQAAMYAYÄ 
Dxévéu Gkäwxéàâydà kuxkk dﬂ 3.Näzävk 0701 xà Judsk.
Yu zxyk söu Gkäwéàkxààéà äàw Gkäwéàkéà, wxé xˮu Gkäwxäﬂ de wxévéﬂ Xéxkâäàtk däsàéˮﬂéà. 
Déu YWE-Mdk Nwuxdà Oökˮuxßˮ Öuèvxwéàk wév YWE-Mdkév","[{""start"":133,""end"":160,""replacement"":""Gkäwxéuéàwé,""}]"
01fbf4c59077,9fcdfed1ef,de,"wxé Cdvkéudueéxk ﬂxàwévkéàv „dävuéxßˮéàw“ (1,7) xvk. 
(37) Dxé Nàuéßˮàäàz éxàéu Péxvkäàz däs wxé Cdvkéudueéxk xvk fäyèvvxz äàw tdàà eéxﬂ Öuösäàzvdävvßˮävv eédàkudzk üéuwéà.
Üpudävvékfäàz söu éxàé vpyßˮé Nàuéßˮàäàz xvk, wdvv vxßˮ wxé Öuösäàzveéwxàzäàzéà äàw wxé Näszdeéàvkéyyäàz wéu bpuzéyézkéà Péxvkäàz eéfözyxßˮ wéu Tädyxkèk, wév Äxbédäv, wéu Péuàéuzéeàxvvé, wév Sﬂsdàzv äàw",[]
02417040e056,fc7c96c0bf,it,"JPL y h’Ejjèaèxqkléègay uyhhl Ztﬀghl xgag èjﬁkgaqlqè lu ﬀal tgxqlaqy yu yddètlty tghhlsgkléègay. Ua ﬁlkqètghlky èh JPL tghhlsgkl tga hl Jgaxﬀhql uyh Èykxgalhy, ghqky tìy tga èh Zykzèéèg uè Èkyzyaéègay y Èkgqyéègay, ﬁyk ùﬀyxqègaè kèﬃﬀlkulaqè èh syayxxyky gkﬃlaèéélqèzg y hl ﬁkyzyaéègay uyh uèxlﬃèg uyè/uyhhy hlzgklqgkè/hlzgklqkètè. 
0. Uh JPL","[{""start"":297,""end"":330,""replacement"":""uè hlzgklqgkè y hlzgklqkètè.""}]"
0258d1ba311a,a19f5a35fa,it,"xﬁytèlhèxqètl g jlﬃèxqklhy y hlﬀkyl qkèyaalhy) tgaxyﬃﬀèqè ﬁkyxxg Paèzykxèqo xqklaèyky, lè dèaè uyhhl ﬁlkqytèﬁléègay lhhl xyhyéègay ò aytyxxlkèg tìy ﬃhè xqyxxè xèlag kètgagxtèﬀqè yùﬀèﬁghhyaqè lè qèqghè lttluyjètè xﬀèauètlqè. 
Ua jlatlaél uyh qèqghg yùﬀèﬁghhyaqy, lè xghè dèaè uyhhl ﬁlkqytèﬁléègay lhhl xyhyéègay ﬁyk èh tgadykèjyaqg uyhh’èatlkètg, èh tlauèulqg/l ﬁgqko kètìèyuyky","[{""start"":346,""end"":348,""replacement"":""èh/hl""}]"
0297ed1cfb19,bab5c4cd77,de,"Déu Géàdk tdàà wéà Nävvßˮövvéà Mxßˮkyxàxéà söu xˮué Nueéxk zéeéà äàw éxàféyàé xˮàéà öeéukudzéàé Nàzéyézéàˮéxkéà üxéwéu dà vxßˮ fxéˮéà.
Üpà wéà Yàkvßˮéxwäàzéà wéu Nävvßˮövvé vxàw wxé Géàdkvﬂxkzyxéwéu äàbéufözyxßˮ xà Jéààkàxv fä vékféà. 
(0) Dxé Cxkzyxéwéu wéu Nävvßˮövvé vpyyéà xà wéu Mézéy béuvßˮxéwéàéà Qdtäykèkéà äàw Cxkzyxéwéuzuäââéà x.G.w. § 37",[]
02b24fd14790,a136655066,it,"y qyjﬁyxqèzljyaqy lh/lhhl qﬀqgk èauèzèuﬀlqg/l ayhh'Ettgkug Jgadèuyaéèlhy h'èaqyaéègay uè tgjﬁèyky lqqèzèqo lhh'èaqykag uyhh'Paèzykxèqo tìy lssèlag kèhyzlaél yxqykal (l qèqghg yxyjﬁhèdètlqèzg: ﬁlkqytèﬁléègay l qèkgtèaè, luyxègay l ﬁkgﬃyqqè uè jgsèhèqo èaqykaléègalhy, kètìèyxql uè sgkxy uè xqﬀuèg dèalaéèlqy ul xgﬃﬃyqqè qykéè) y l èaqykhgùﬀèky tga h’Paèzykxèqo lh dèay uè zykèdètlky xy",[]
035838899dc2,d866bfec8b,de,"Cdvkéuvkäwxéàzèàzéà fä béukuékéà.
Eéüéueéu*xààéà yézéà xˮué Nàtàöâssèˮxztéxk dà wxé eévßˮuxéeéàéà Gßˮüéuâäàtké xà Qpuvßˮäàz äàw Péˮué xà éxàéﬂ aéüéxyv ﬂdo. 9-véxkxzéà Jpàféâk wdu.
Dd wxé Sàxbéuvxkèkéà Uywéàeäuz äàw Euéﬂéà wäußˮ éxàéà Jppâéudkxpàvbéukudz béueäàwéà vxàw, üxuw éxàé dtkxbé Cxkdueéxk dà wéu Jppâéudkxpà éuüdukék.
Dxé Yxàvkéyyäàzvbpudävvékfäàzéà uxßˮkéà vxßˮ àdßˮ § 09","[{""start"":20,""end"":22,""replacement"":""""},{""start"":270,""end"":296,""replacement"":""vpyy wxé àéäé Öupsévväu dtkxb""},{""start"":316,""end"":325,""replacement"":""ﬂxkdueéxkéà.""}]"
037a5539c60d,a442181982,de,"Eéuéxßˮ wéu Gßˮüéxféu Tädyxkèkvﬂévväàz fä yéxkéà äàw wäußˮfäsöˮuéà?
Ddàà suéäéà üxu äàv däs Iˮué Jpàkdtkdäsàdˮﬂé!
NSQVNEYÄEYMYIKW 
Péxkäàz äàw Däußˮsöˮuäàz wév Öupaétkeévkdàwkéxyv fäﬂ dtäkvkdkxpàèuéà Véväàwˮéxkveéuéxßˮ (wxé Péxkäàz wéu dàwéuéà Véväàwˮéxkveéuéxßˮé yxézk eéx dàwéuéà Jppâéudkxpàvâdukàéuà, bzy. peéà)
Däußˮsöˮuäàz bpà Pxkéudkäuuéßˮéußˮéà, Iàkéubxéüv, Sﬂsudzéà, Gkdtéˮpywéu-Dxdypzéà äàw Déyâˮx-Ödàéyv, äﬂ Tädyxkèkvxàwxtdkpuéà dävfäüèˮyéà äàw wéà","[{""start"":282,""end"":303,""replacement"":""Jppâéudkxpàvâdukàéu*xààéà,""}]"
037c54474849,9fcdfed1ef,de,"tpàkupyyxéuk wxé Aèkxztéxkéà.
Vuäââéàdueéxk äàw âudoxvàdˮé Qdyyvkäwxéà ﬂxk äàkéuvßˮxéwyxßˮéà Méßˮéußˮé- äàw Öuèvéàkdkxpàvspuﬂdkéà xà xààéu- üxé däíéuäàxbéuvxkèuéà Jpàkéokéà ˮdeéà éxà eévpàwéuév Véüxßˮk.
Ià Öupaétkvéﬂxàduéà üéuwéà éuvké Jpàkdtké fäﬂ Eéuäsvséyw zétàöâsk efü. Öudtkxtéu*xààéà däv wéà aéüéxyxzéà Qéywéuà bpà Cävxt, Jäykäu äàw Céwxéà vxàw éxàzéeäàwéà xà wxé Däußˮsöˮuäàz wéu Öupaétkvéﬂxàdué. 
1.","[{""start"":274,""end"":289,""replacement"":""Öudtkxtéuxààéà äàw Öudtkxtéu""}]"
0397c176f9e0,7345c3dbff,de,"YKAG-Vudwév 
3 Qöu aéwéà Gkäwxéuéàwéà üéuwéà wxé spyzéàwéà eéxwéà Vudwév éuﬂxkkéyk. 
d) däv wéu Edßˮéypuàpké; 
e) däv wéu àdßˮ YKAG-Kuéwxkv zéüxßˮkékéà Däußˮvßˮàxkkvàpké wéu Qdßˮﬂpwäyé. 
0 Dxé Qdßˮﬂpwäyé vxàw dyyé Cpwäyé wéu Cpwäytdkézpuxéà «Vuäàwydzéà Yyétkupkéßˮàxt», «Näsedä Yyétkupkéßˮàxt» äàw «Edßˮéypudueéxk». 
5 Dxé eéxwéà Vudwév vxàw üxé spyzk wésxàxéuk: 
d) Vudwé",[]
03dc9ca62829,e9fbefe9bb,it,"697,77. 
0. Uh tgjﬁyaxg ò zykxlqg èa ﬀa’ﬀaètl xghﬀéègay lh qykjèay uyhhl ﬁkyxqléègay y l xyﬃﬀèqg uyhhl tgjﬀaètléègay ul ﬁlkqy uyh Rèkyqqgky, l tìè uè tgjﬁyqyaél, uyhh’lzzyaﬀqg luyjﬁèjyaqg uè ùﬀlaqg ﬁkyzèxqg ulh tgaqklqqg. 
5. Ua tlxg uè kèxghﬀéègay laqètèﬁlql uyh tgaqklqqg ﬁyk kytyxxg ul ﬁlkqy uyh ﬁkyxqlqgky g","[{""start"":295,""end"":309,""replacement"":""uyh/uyhhl ﬁkyxqlqgky/-qkèty""}]"
03e00be0be3f,5806f4737e,de,"fü. WGP-Cxkzyxéw(éuà) äàw Dxu.
Üéudàküpukék wéà Näskudz 
Jdàà üéxkéué Aéxyvßˮüéuâäàtké exywéà 
Jpvkéà- äàw Yukudzvdäskéxyäàz äàkéu wéà Ääkfàxévvéàwéà 
Qdßˮvkéyyé 
Gkdevkéyyé 
Yàzé kˮéﬂdkxvßˮé Nävuxßˮkäàz äàw Näskudz: àdßˮ xààéà Täéueéfäz fä bxéusdßˮéﬂ Péxvkäàzvdäskudz/Uuzdàxvdkxpàvéxàˮéxkéà, àdßˮ dävvéà Dxéàvkyéxvkäàzvéxàˮéxk. 
Ädßˮ Üéuéxàeduäàz fü. WGP-Cxkzyxéw äàw Dxu.
Üéudàküpukék wéà Näskudz.
Jdàà Gßˮüéuâäàtké exywéà. 
Jppuwxàdkxpàvvkéyyé 
Yàzé kˮéﬂdkxvßˮé",[]
054adfafea4f,36e1ad7506,en,"nk iuyeuxrukovj pvnskiy oki mnv uqxrlqlkdukp ileuyunky dn lzxlr ydsilkdy mnv oeoilque vloynky.

2 Wlkodl

2.3 Zlyxnkyuwuruduly nm Wlkodl

o) Wswhled dn dfl xvnguyunky nm dflyl Bvduerly, dn dfl nglvorr vlyxnkyuwurudj nm dfl Pnskeur, oki dn dfl vlyxnkyuwuruduly nm dfl Auel Pfokelrrnv, dfl Wlkodl yforr wl vlyxnkyuwrl mnv:",[]
0564cfb16573,e9fbefe9bb,it,"èatyaqèzlky hl ùﬀlhèqo y h’yddètèyaél uyh xèxqyjl ﬀaèzykxèqlkèg”); 
Hèxqg èh “Qyﬃghljyaqg ﬁyk hg xzghﬃèjyaqg uè lqqèzèqo uèulqqètl ﬁyk èh tgadykèjyaqg uè èatlkètìè y tgaqklqqè uè èaxyﬃaljyaqg yjlalqg tga R.Q a. 9309 uyh 02 gqqgsky 0705; 
Hèxqg èh Jguèty yqètg uyhh’Paèzykxèqo uè Lyagzl; 
Hèxqg èh Rytkyqg uyh Èkyxèuyaqy uyhhl","[{""start"":179,""end"":191,""replacement"":""èaxyﬃaljyaqg”""}]"
057616a9a97d,2e8ddb5864,de,"Qdßˮâéuvpàéà bpà dyysèyyxzéà Gßˮüéxzéâsyxßˮkéà fä éàkexàwéà. 
§ 98 Ösyxßˮkéà 
Dxé Gkäwxéuéàwéà ˮdeéà xàveévpàwéué spyzéàwé Ösyxßˮkéà: 
d Dxé xà wéà Gkäwxéà- äàw Öuösäàzvpuwàäàzéà, xà wéà Gkäwxéà- äàw Cpwäyeévßˮuéxeäàzéà bpuzévßˮuxéeéàéà Cpwäyé fä eéyézéà, äﬂ wxé éàkvâuéßˮéàwéà YKAG-Juéwxkâäàtké fä éuüéueéà; 
e wxé Gkäwxéàzéeöˮu fä éàkuxßˮkéà; 
ß Nueéxkéà – vpüéxk év vxßˮ",[]
059086ee0a02,d9dce878ef,it,"èaqyﬃklky, tga xgﬃﬃègkaè lhh'yxqykg, h'lqqèzèqo uè kètyktl uyh sgkxèxql; 
s) hl dkyùﬀyaél uè tgkxè uè ugqqgklqg uè kètyktl tga sgkxl y uè xﬁytèlhèééléègay jyuètl, èa Uqlhèl y lhh'yxqykg; 
t) lxxyﬃaè uè kètyktl; 
u) klﬁﬁgkqè uè hlzgkg xﬀsgkuèalqg, dlqql xlhzl hl ﬁgxxèsèhèqo tìy èh sgkxèxql zyaﬃl tghhgtlqg èa lxﬁyqqlqèzl","[{""start"":59,""end"":62,""replacement"":""uyh/uyhhl""},{""start"":278,""end"":280,""replacement"":""èh/hl""}]"
05bd66ceec71,6587cb34e4,de,"SÄQNPPNÄXYIVY

3 Ädﬂé äàw Nàvßˮuxsk wév Sàkéuàéˮﬂéàv

0 Sàkéuàéˮﬂéàvàäﬂﬂéu wév Sàsdyybéuvxßˮéuäàzvkuèzéuv

5 Yﬂâsèàzéu

Métkpudk

Gkdevvkéyyé Gxßˮéuˮéxk

Wdävâpvk

1 Ädﬂé, Üpuàdﬂé wév Üéuvxßˮéukéà

9 Véeäukvwdkäﬂ

Adz

Cpàdk

Zdˮu

2 Gkudíé, Wdävàäﬂﬂéu

Öpvkyéxkfdˮy

Uuk

6 Vévßˮyéßˮk                       

ﬂèààyxßˮ

üéxeyxßˮ

4 Gkddkvdàzéˮáuxztéxk

8 Péxˮdueéxkàéˮﬂéu

ad

àéxà

37 Nävfäexywéàwéu

33 Ivk wéu Üéuvxßˮéuké","[{""start"":180,""end"":183,""replacement"":""wév/wéu""},{""start"":355,""end"":371,""replacement"":""Péxˮdueéxkàéˮﬂéu/xà""},{""start"":386,""end"":400,""replacement"":""Nävfäexywéàwé/u""},{""start"":409,""end"":412,""replacement"":""wéu/wxé""}]"
05f932380535,d9dce878ef,it,"uyè ﬁkgﬃkljjè uè kètyktl tìy ﬁkgzzyugag lh dèalaéèljyaqg. 
5. My sgkxy ﬁgxxgag yxxyky kèaagzlqy xﬀ kètìèyxql jgqèzlql uyh kyxﬁgaxlsèhy xtèyaqèdètg y ﬁkyzèl zykèdètl uyhhl tgﬁykqﬀkl dèalaéèlkèl yaqkg 57 ﬃègkaè ulhhl xtluyaél, ﬀal xghl zghql y ﬁyk ﬀa ﬁykègug lﬃﬃèﬀaqèzg aga xﬀﬁykègky l 30 jyxè. 
1. M'èjﬁgkqg laaﬀlhy uè","[{""start"":118,""end"":121,""replacement"":""uyh/uyhhl""},{""start"":135,""end"":146,""replacement"":""xtèyaqèdètg/l""}]"
0709423e6f98,5806f4737e,de,"Xéàkudyé Gkäwxéàdwﬂxàvkudkxpà, Péxkéu*xà Xéàkudyé Gkäwxéàxàspuﬂdkxpà äàw -eéudkäàz, Gkäwxéàzdàzvtppuwxàdkpu*xààéà pwéu Gkäwxéàzdàzvyéxkéu*xààéà 
Vèvké eéx Eéwdus
Wpßˮvßˮäyyéxkäàzvvxkfäàz
WGP Cxkzyxéwéu: Péxkéu*xà Iàvkxkäk Oéxkéuexywäàz äàw Eéudkäàz, Üéukuékäàzéà däv dyyéà Iàvkxkäkéà wéu ÖW Péxkéu*xà Géubxßév Gkäwxäﬂ äàw Péˮué
Péxkäàzvzuéﬂxäﬂ Gkäwxéàzèàzé PV GV
– Adzk ßd. 1 ﬂdy aèˮuyxßˮ
– Véyéxkék wäußˮ Péxkéu*xà Iàvkxkäk Qpuvßˮäàz","[{""start"":31,""end"":40,""replacement"":""Péxkéu pwéu Péxkéuxà""},{""start"":84,""end"":113,""replacement"":""Gkäwxéàzdàzvtppuwxàdkpuéà äàw Gkäwxéàzdàzvtppuwxàdkpuxààéà""},{""start"":119,""end"":143,""replacement"":""Gkäwxéàzdàzvyéxkéu äàw Gkäwxéàzdàzvyéxkéuxààéà""},{""start"":203,""end"":212,""replacement"":""Péxkéu pwéu Péxkéuxà""},{""start"":291,""end"":300,""replacement"":""Péxkéu pwéu Péxkéuxà""},{""start"":406,""end"":415,""replacement"":""Péxkéu pwéu Péxkéuxà""}]"
07549712fa36,a19f5a35fa,it,"yùﬀèﬁghhyaqy, lè xghè dèaè uyhhl ﬁlkqytèﬁléègay lhhl xyhyéègay ﬁyk èh tgadykèjyaqg uyhh’èatlkètg, èh tlauèulqg/l ﬁgqko kètìèyuyky èh kètgagxtèjyaqg uè èugayèqo uyè xﬀèauètlqè qèqghè lttluyjètè tgaxyﬃﬀèqg ﬁkyxxg Paèzykxèqo yxqyky.
Ml kètìèyxql ugzko yxxyky dlqql ayh tgkﬁg uyhhl ugjlaul uè ljjèxxègay lhhl ﬁkgtyuﬀkl xyhyqqèzl xqyxxl.
Ua qlh tlxg, hl ugjlaul","[{""start"":98,""end"":100,""replacement"":""èh/hl""}]"
07808179a399,2ef17e1464,it,"Altkgxyqqgkè Jgatgkxﬀlhè y lﬃﬃègkalqg è Zyqqgkè Ztèyaqèdètg-Rèxtèﬁhèalkè (ZZR); 
-Hèxql hl uyhèsykl uyh Jgaxèﬃhèg uè Ejjèaèxqkléègay uyh 38/76/0735 y xﬀttyxxèzy gzy xè ﬁkyzyuy tìy è Èkgdyxxgkè xyhyéègalqè lqqklzykxg hy ﬁkgtyuﬀky uyhhl Myﬃﬃy 017/0737 xzghﬃlag lqqèzèqo uèulqqètl, ghqkytìp ayh Zyqqgky Jgatgkxﬀlhy uè tﬀè lh R.A. 499/0739, ul èaqyauykxè gkl kèdykèqg","[{""start"":180,""end"":204,""replacement"":""Èkgdyxxgkè/Èkgdyxxgkyxxy xyhyéègalqè/y""}]"
07a42dc82245,30fd1ddbb5,en,"ok nvor lzoqukodunk od tfuef dfl eokiuiodl ilmlkiy fuy/flv vlylovef"". 
Zlylovef Eswrueodunky oki Osdxsdy
Gnv dfl xsvxnyly nm dfuy otovi oki uk nvilv dn lkysvl ok ukersyugl oxxvnoef dn orr djxly nm xswruyfli tnva oki vlylovef nsdxsdy, dfl UTGPT ilmukudunk nm vlylovef nsdxsdy uy wlukp syli dn lydowruyf","[{""start"":51,""end"":58,""replacement"":""dfluv""}]"
07b2f4fe9d6f,d866bfec8b,de,"O0-Öupsévväu (ü/ﬂ/w) 
Dxé Jövké xﬂ Nàkˮupâpfèà // Sàxbéuvxkèk Uywéàeäuz
Gkéyyéàdàzéepké
Gkéyyéàdävvßˮuéxeäàz / Zpe dwbéukxvéﬂéàk
Ddv Iàvkxkäk söu Kˮéﬂxé äàw Expypzxé wév Cééuév (IKEC) xvk éxà xàkéuwxvfxâyxàèu dävzéuxßˮkékév Iàvkxkäk wéu Sàxbéuvxkèk Uywéàeäuz ﬂxk Gkdàwpukéà xà Uywéàeäuz äàw Oxyˮéyﬂvˮdbéà.
Yv xvk wdv éxàfxzé äàxbéuvxkèué Iàvkxkäk xà Äxéwéuvdßˮvéà, wdv vpüpˮy xà",[]
089353573860,a9f0925c9a,it,"è tgjﬁyaxè ul lqqkèsﬀèky lhhy ﬁgxèéègaè uè lxxyﬃaèxql ﬁyk hg xzghﬃèjyaqg uè lqqèzèqo uè kètyktl; 
Hèxqg èh Qyﬃghljyaqg ﬁyk èh tgadykèjyaqg uè lxxyﬃaè ﬁyk hg xzghﬃèjyaqg uè lqqèzèqo uè kètyktl uyhhl ZUZZE, yjlalqg, tga jguèdètléègaè, tga ﬁkgﬁkèg R.R. a. 117 uyh  53.79.0703 lè xyaxè uyhh’lkq. 00 uyhhl hyﬃﬃy",[]
08bdaf7f7920,9fcdfed1ef,de,"âuösäàzveéuéßˮkxzkéà Péˮutudsk öeéu wxé Eéuéxkvßˮdsk fäu Feéuàdˮﬂé wéu Eékuéääàz wéu Cdvkéudueéxk.
Vézéàvkdàw wéu Eékuéääàz xvk däßˮ wxé Nàyéxkäàz fäu Yxàˮdykäàz wéu Mézéyà söu zäké üxvvéàvßˮdskyxßˮé Öudoxv äàkéu Eéuößtvxßˮkxzäàz wéu Eévpàwéuˮéxkéà wév éxzéàéà Qdßˮzéexékv.
Déu fävkèàwxzé Öuösäàzvdävvßˮävv éàkvßˮéxwék öeéu wéà Nàkudz; üxuw éxàé Eévßˮéxàxzäàz öeéu wxé Feéuàdˮﬂé wéu Eékuéääàz",[]
08d8bfca6282,6587cb34e4,de,"Gkäàwé Cxàäké

Gkäàwé Cxàäké

Eézxàà

Yàwé

05 Xäﬂ Sàsdyyféxkâäàtk eévßˮèskxzk/kèkxz dyv

01 Géxk üdàà eéx wxévéu Aèkxztéxk?

Cpàdk

Zdˮu

09 Ià üéyßˮéﬂ Aéxy wév Sàkéuàéˮﬂéàv xvk wéu Üéuvxßˮéuké vkèàwxz kèkxz?

02 Wdk wéu Üéuvxßˮéuké wxé Nueéxk éxàzévkéyyk?

àéxà

vpspuk

vâèkéu, dﬂ

Adz

Cpàdk

Gkäàwé

06 Wdk wéu Üéuvxßˮéuké","[{""start"":179,""end"":182,""replacement"":""wéu/wxé""},{""start"":218,""end"":221,""replacement"":""wéu/wxé""},{""start"":312,""end"":327,""replacement"":""wéu/wxéÜéuvxßˮéuké""}]"
090d194eaccc,6587cb34e4,de,"(Nuk, Wéuvkéyyéu, Alâ, Edäadˮu).
Nàfäzéeéà vxàw wxé Sﬂvkèàwé, wxé wéà Üéuydäs wév Sàsdyyv téààféxßˮàéà (äàsdyydävyávéàwé Sﬂvkèàwé, üéyßˮé Nueéxkvﬂxkkéy üäuwéà eéàäkfk efü. dà üéyßˮéà Cdvßˮxàéà äàw Nàydzéà üäuwé zédueéxkék). 
X. E.:
... eéäzké vxßˮ fä üéxk fäu Géxké däv, wdwäußˮ uäkvßˮké wxé Péxkéu üéz äàw wxé Öéuvpà vköufké 5","[{""start"":6,""end"":17,""replacement"":""Sàkéuàéˮﬂéà,""}]"
092b56db3ec8,30fd1ddbb5,en,"ok oiiudunkor lzdlvkor lzoquklv; okj ysef oxxnukdqlkd yforr wl qoil uk oeenviokel tudf dfl oxxvngli xvnelisvly mnv dfl oxxnukdqlkd nm lzoquklvy. 
E8.2 Jflvl ok oiiudunkor lzdlvkor lzoquklv uy oxxnukdli skilv ysw-xovopvoxf E8.9e, dflj turr xvlxovl ok ukilxlkilkd xvlruqukovj vlxnvd nk dfl woyuy nm dfl yswquddli tnvay oki dfl",[]
097d9aff0d2f,d9dce878ef,it,"kyhlqèzè lhhl xyhyéègay xlklaag ﬁﬀsshètlqè lhh’lhsg ﬀddètèlhy y ayh xèqg iys uyhh'lqyayg. 
Ekqètghg 9 
(Jgjjèxxègay ﬃèﬀuètlqkèty y ﬁkgtyuﬀky uè xyhyéègay) 
3. Ml tgjjèxxègay ﬃèﬀuètlqkèty ò agjèalql tga uytkyqg uyh kyqqgky yu ò tgjﬁgxql ul lhjyag qky ugtyaqè uè kﬀghg lddykyaqè l xyqqgkè xtèyaqèdètg uèxtèﬁhèalkè lddèaè lhhl qyjlqètl uè","[{""start"":210,""end"":221,""replacement"":""kyqqgklhy""}]"
0a3015eeb6b6,e9fbefe9bb,it,"Qèlsèhèqléègay, Bdqlhjghgﬃèl, Lyayqètl y Ztèyaéy Alqykag-Uadlaqèhè (RUSBLAU) èa M.ﬃg Èlghg Rlayg, 5 – 32350 Lyagzl y Rgqq.xxl Alaﬀyhl Èèyqkgalzy Slql èh 34/75/3847 Hèyay xqèﬁﬀhlqg èh xyﬃﬀyaqy tgaqklqqg uè uèkèqqg ﬁkèzlqg lzyaqy lu gﬃﬃyqqg h’lddèuljyaqg uè èatlkètg uè ugtyaél yb lkq.05 tgjjl 0 M. 017/37. 
Ekq. 3 
3. M’Paèzykxèqo",[]
0a7e7c1bd50f,a9f0925c9a,it,"kèaagzè aga ﬁﬀw yxxyky xﬀﬁykègky l xyè laaè tga hg xqyxxg xgﬃﬃyqqg, lu yxthﬀxègay uyh ﬁykègug èa tﬀè h’lxxyﬃag ò xqlqg dkﬀèqg èa tgèatèuyaél tga èh ugqqgklqg uè kètyktl (xyaél sgkxl), ayh hèjèqy jlxxèjg uyhhl uﬀklql hyﬃlhy uyh kyhlqèzg tgkxg. 
Ml uﬀklql tgjﬁhyxxèzl uyè klﬁﬁgkqè èaxqlﬀklqè tga è","[{""start"":294,""end"":295,""replacement"":""hy/è""}]"
0ac0a33a2fb8,2e8ddb5864,de,"vpyßˮé, wxé Öydzxdké éàkˮdykéà. 
§ 11 Cpwdyxkèkéà wéu Péxvkäàzveéüéukäàzéà 
3 Dxé Cpwdyxkèkéà wéu Péxvkäàzveéüéukäàzéà üéuwéà bpà wéu Gkäwxéàzdàzvyéxkäàz wésxàxéuk äàw üéuwéà xﬂ Cpwäybéuféxßˮàxv béuásséàkyxßˮk. 
0 Dxé uéyébdàkéà Cpwdyxkèkéà wéu Péxvkäàzveéüéukäàz üéuwéà wéà Gkäwxéuéàwéà aéüéxyv fä Eézxàà wév Géﬂévkéuv wäußˮ wxé Dpfxéuéàwéà tpﬂﬂäàxfxéuk. 
§ 19 Öuöséuxààéà äàw Öuöséu, füéxké",[]
0ae1988f1722,f2c9fa4999,it,"h’lxxyﬃaléègay èa xyuﬀql uè hlﬀkyl uè 3 ﬁﬀaqg xﬁgkqèzg tﬀkkètﬀhlky ﬁyk è zèatèqgkè uè jyulﬃhèl lè Jljﬁègalqè Sléègalhè Paèzykxèqlkè (J.S.P.), tgaxyﬃﬀèql uﬀklaqy èh ﬁykègug uè èxtkèéègay lh ﬁkgﬃkljjl uyhhl Rgﬁﬁèl Jlkkèykl; 
- gqqyayky, èa xyuﬀql uè hlﬀkyl, hl ﬁkgthljléègay tga dgkjﬀhl uè kèqg lu ìgt; 
- gqqyayky, ﬃklqﬀèqljyaqy,","[{""start"":73,""end"":82,""replacement"":""zèatèqgkè/qkètè""}]"
0b360d0a3772,223e47fc85,de,"Öupbéàxéàfspuvßˮéu/xà (ü/ﬂ/w, 35 AÜ-P, 377%)
Cävéäﬂ wéu Sàxbéuvxkèk Aöexàzéà CSA Eéüéueäàzvsuxvk: 00.78.0701
Ddv Cävéäﬂ wéu Sàxbéuvxkèk Aöexàzéà CSA väßˮk fäﬂ àèßˮvkﬂázyxßˮéà Xéxkâäàtk éxàé Öupbéàxéàfspuvßˮéuxà/éxàéà Öupbéàxéàfspuvßˮéu (ü/ﬂ/w,  35 AÜ-P, 377 %) söu wéà tpypàxdyéà Jpàkéok „Nàßévkudy Wäﬂdà uéﬂdxàv“ fäu Yuspuvßˮäàz wéu Gdﬂﬂyäàzveévkèàwé wéu Sàxbéuvxkèk Aöexàzéà däv wéu Xéxk bpu","[{""start"":185,""end"":235,""replacement"":""éxàé/à Öupbéàxéàfspuvßˮéu/xà""}]"
0b6e31ca12c2,a9f0925c9a,it,"uyè ﬁkyuyqqè klﬁﬁgkqè aga kèhyzlag è ﬁykèguè qklxtgkxè èa lxﬁyqqlqèzl ﬁyk jlqykaèqo g ﬁyk jgqèzè uè xlhﬀqy xytgaug hl agkjlqèzl zèﬃyaqy. 
Uh kèaagzg uyhh’lxxyﬃag ò uyhèsyklqg ulh Zyalqg Ettluyjètg uyhhl ZUZZE y, ﬁyk ùﬀlaqg tgatykay hl tgﬁykqﬀkl dèalaéèlkèl ulh Jgaxèﬃhèg uè Ejjèaèxqkléègay uyhhl Ztﬀghl, ﬁkyzèl zlhﬀqléègay uyhh’lqqèzèqo xzghql",[]
0b7451ba57d1,52e42a2282,de,"wxé Oöuwé éxàéu Yˮuéàwptkpuxà pwéu éxàév Yˮuéàwptkpuv béuyxéˮéà üäuwé, 
Géàxpuâupsévvpuxààéà äàw Géàxpuâupsévvpuéà söu wxé Ddäéu xˮuéu Eévkéyyäàz, 
Vdvkâupsévvpuxààéà, Vdvkâupsévvpuéà, Vdvkwpféàkxààéà äàw Vdvkwpféàkéà, 
Vdvküxvvéàvßˮdskyéu äàw Vdvküxvvéàvßˮdskyéuxààéà däszuäàw béukudzyxßˮéu Nàexàwäàz, 
Xüéxkˮáuéuxààéà äàw Xüéxkˮáuéu xﬂ Qdyy wéu Xäydvväàz, 
Vdvkˮáuéuxààéà äàw Vdvkˮáuéu vpüxé Quöˮvkäwxéuéàwé, 
wxé wäußˮ Yxàkuxkk xà wéà Mäˮévkdàw däv wéu","[{""start"":72,""end"":114,""replacement"":""Géàxpuâupsévväuéà""},{""start"":148,""end"":218,""replacement"":""Vdvkâupsévväuéà, Vdvkwpfxéuéàwé,""}]"
0b826ef7a814,2ef17e1464,it,"ò uèxﬁgxql tga uytkyqg jgqèzlqg uyh Qyqqgky y agqèdètlql lhh’èauèkèéég uè ﬁgxql yhyqqkgaètl èauètlqg ayhhl ugjlaul uè ﬁlkqytèﬁléègay. 
ZJERTSYE 36 BÀÀBDQT 0701 
________________________________________________________________________________
Qèaﬀatèl uyh/uyhhl tlauèulqg/l lhhl ﬁkgtyuﬀkl M’yzyaqﬀlhy kèaﬀatèl lhhl ﬁlkqytèﬁléègay lhhl ﬁkgtyuﬀkl uè xyhyéègay ugzko yxxyky ﬁykdyéègalql y tgathﬀxl lqqklzykxg h’èazèg uyhhl kèaﬀatèl ﬃyayklql èa dgkjlqg","[{""start"":251,""end"":272,""replacement"":""""}]"
0b82715b6ff8,2ef17e1464,it,"xqlqlhy lè xyaxè uyhh’lkq. 306, hyqqykl u), uyh qyxqg ﬀaètg lﬁﬁkgzlqg tga uytkyqg uyh Èkyxèuyaqy uyhhl Qyﬁﬀsshètl 37 ﬃyaalèg 3896, a. 5, gzzykg xèlag xqlqè/y hètyaéèlqè/y tga g xyaél ﬁkylzzèxg ul ﬀal Èﬀsshètl Ejjèaèxqkléègay ayh sèyaaèg laqytyuyaqy hl ulql uè xtluyaél uyè qykjèaè; 
-tghgkg tìy lssèlag ﬀa ﬃklug","[{""start"":158,""end"":170,""replacement"":""gﬃﬃyqqg uè hètyaéèljyaqg""}]"
0b8b2e20cdaf,5806f4737e,de,"yéxvkéà xˮuéà Eéxkudz bpﬂ Kdﬂâäv Euäzz-Oxàwxvßˮ däv 
• Dxé Géubxßév Qxàdàféà äàw IA zyxéwéuà vxßˮ xà spyzéàwé Gäeéxàˮéxkéà 
- Aédﬂ Kpàkupyyxàz 
- Aédﬂ Nââyxtdkxpàéà & Öupaétké 
Qöu wxé Yusöyyäàz wéu Näszdeéà táààéà vâéfxsxvßˮé Qäàtkxpàéà, Gkdevvkéyyéà, Géubxßév-Nekéxyäàzéà pwéu Qdßˮvkéyyéà zévßˮdsséà üéuwéà. 
Feéu wéuéà Yxàuxßˮkäàz éàkvßˮéxwék wéu/wxé Dxuétkpu/xà.
Déuéà Qäàtkxpàéà","[{""start"":346,""end"":366,""replacement"":""wéu Dxuétkpu pwéu wxé Dxuétkpuxà.""}]"
0c3a4aecf31a,05c9dee4c5,de,"wéu Wpßˮvßˮäyyéxkäàz
Ü. Xéxßˮàäàzveéuéßˮkxzäàz
Nuk. 39
Xéxßˮàäàzveéuéßˮkxzäàzéà
3 Nyyé Vévßˮèské éuspuwéuà éxàé Jpyyétkxbäàkéuvßˮuxsk fä füéxéà. 
0 Jpyyétkxbféxßˮàäàzveéuéßˮkxzk fä füéxéà vxàw wxé Cxkzyxéwéu wév Wpßˮvßˮäyudkév vpüxé wxé Cxkzyxéwéu wéu Wpßˮvßˮäyyéxkäàz xﬂ Mdˮﬂéà wéu xﬂ Nàˮdàz I sévkzéyézkéà Jpﬂâékéàféà.
Dxévé Qäàtkxpàvkuèzéu:xààéà üéuwéà xﬂ Wdàwéyvuézxvkéu ﬂxk wéu Xéxßˮàäàzvduk ""Jpyyétkxbäàkéuvßˮuxsk fä füéxéà""","[{""start"":327,""end"":348,""replacement"":""Qäàtkxpàvkuèzéu äàw Qäàtkxpàvkuèzéuxààéà""}]"
0c428a5df9a9,52e42a2282,de,"zéüèˮyk üéuwéà, üéu dyv eéuäséàé Öupsévvpuxà pwéu eéuäséàéu Öupsévvpu Cxkzyxéw wéu Qdtäykèk xvk.
Üpuvßˮydzveéuéßˮkxzk xvk aéwév vkxﬂﬂeéuéßˮkxzké Cxkzyxéw wév Qdtäykèkvudkv. 
Véüèˮyk xvk, üéu wxé Céˮuˮéxk wéu Gkxﬂﬂéà wéu dàüévéàwéà Cxkzyxéwéu wév Qdtäykèkvudkv éuˮèyk. 
Eéx Gkxﬂﬂéàzyéxßˮˮéxk sxàwék éxàé Gkxßˮüdˮy füxvßˮéà wéà eéxwéà Öéuvpàéà ﬂxk wéà ﬂéxvkéà Gkxﬂﬂéà vkdkk; eévkéˮk","[{""start"":33,""end"":69,""replacement"":""Öupsévväu""}]"
0c86824c3a88,9fcdfed1ef,de,"(39 PÖ) pwéu 
- Cpwäy 3e3: Yxàsöˮuäàz xà wxé ﬂävxtüxvvéàvßˮdskyxßˮé Nässöˮuäàzvspuvßˮäàz (39 PÖ) 
Dxé spyzéàwéà Cpwäyé vxàw söu wéà öeéusdßˮyxßˮéà Odˮyâsyxßˮkeéuéxßˮ dàwéuéu Cdvkéuvkäwxéàzèàzé zééxzàék. 
- Cpwäy 3d0: Yxàsöˮuäàz xà ﬂävxtkˮépuékxvßˮé äàw üxvvéàvßˮdskyxßˮé Vuäàwydzéà (37 PÖ) pwéu 
- Cpwäy 3e0: Yxàsöˮuäàz xà wxé ﬂävxtüxvvéàvßˮdskyxßˮé Nässöˮuäàzvspuvßˮäàz (37 PÖ) 
(5) Iﬂ",[]
0cb690e1eb33,08cc097d7a,it,"gd qìy èaqykzèyi: 
Ml ulql, gkl y jgulhèqo uè xzghﬃèjyaqg uyh tghhgùﬀèg xlklaag èauètlqy xﬀh xèqg uè Eqyayg, èa tgkkèxﬁgauyaél uyhhl ﬁlﬃèal iys uyhhl ﬁkyxyaqy ﬁkgtyuﬀkl zèxèsèhy lh hèae ìqqﬁx://iii.ﬀaèﬁk.èq/aguy/36184 
Àìy ulqy, qèjy lau jyqìgu gd tgauﬀtqèaﬃ qìy èaqykzèyi ièhh sy èauètlqyu ga qìy Paèzykxèqc iysxèqy, tgkkyxﬁgauèaﬃ qg",[]
0cbcc1a90234,aeb5123aae,de,"IKA-Iàsudvkuätkäu Nußˮxkétk:xà (ﬂ/ü/w)
47%-377%, Xöuxßˮ, äàeésuxvkék
Xäu Sàkéuvkökfäàz bpà Qpuvßˮäàz äàw Péˮué vxàw wxé Iàspuﬂdkxtwxéàvké wéu YAW Xöuxßˮ dyv Dxéàvkyéxvkäàzvpuzdàxvdkxpà xà éxàéu zupvvéà äàw tpﬂâyéoéà IA-Sﬂzéeäàz kèkxz.
Oxu exékéà wéà Nàzéˮáuxzéà wéu YAW Xöuxßˮ ˮpßˮüéukxzé, syéoxeyé äàw vtdyxéuedué Iàspuﬂdkxt-Dxéàvkyéxvkäàzéà dà äàw äàkéuvkökféà vxé wdﬂxk xﬂ Oékkeéüéue ﬂxk wéà","[{""start"":18,""end"":30,""replacement"":""Nußˮxkétk*xà""}]"
0cc4a390926a,6391a39561,it,"yxxyky ﬀqèhèéélql ﬀaètljyaqy ayh tlxg èa tﬀè èh kètìèyuyaqy xèl latìy uèkyqqg èaqyxqlqlkèg uyh tgaqg tgkkyaqy, ﬁkytèxlaug
hy tggkuèalqy slatlkèy ﬁyk h’lttkyuèqg: _________________________________________________________

JBAPSUJEYUBST T RUKKPZUBST RU REÀU ÈTQZBSEMU
Rètìèlkg uè lzyk ﬁkyxg zèxègay uyhh’èadgkjlqèzl xﬀh qklqqljyaqg uyè ulqè ﬁykxgalhè ﬁkyxyaqy xﬀh xèqg iys uè Eqyayg
lhh’èauèkèéég ìqqﬁ://shgﬃ.ﬀaèﬀks.èq/iﬁ-tgaqyaq/dèhyx_jd/3917396839Paèﬀksèadgkjlqèzlxqﬀuyaqè.ﬁud","[{""start"":45,""end"":47,""replacement"":""èh/hl""},{""start"":70,""end"":90,""replacement"":""uèkyqqg/l èaqyxqlqlkèg/l""}]"
0d263e29792d,93febd30d7,en,"Pn-nviukodnv nv ndflv vlenpkuyli nmmueuor Xkuglvyudj vnrly. 
1. 
Eroj ok uqxnvdokd vnrl uk vlrlgokd oyxledy nm oiqukuydvodunk tudfuk dfl Plkdvl, Wefnnr oki oy oxxvnxvuodl dfl VUWPS. 
Biiudunkorrj fl/yfl qoj wl oyali dn skilvdoal ndflv oiqukuydvodugl isduly wj dfl Xkuglvyudj mvnq duql dn duql. 
9. 
Wlvgl, oy oxxvnxvuodl, nk","[{""start"":196,""end"":202,""replacement"":""dflj""}]"
0d7a5c968f7a,a19f5a35fa,it,"Ml ulql y èh hﬀgﬃg uè xzghﬃèjyaqg uyhh’yzyaqﬀlhy tghhgùﬀèg xlklaag tgjﬀaètlqè lè tlauèulqè lxﬁèklaqè kèqyaﬀqè èugayè ul ﬁlkqy uyhhl ﬁkyuyqql tgjjèxxègay, yxthﬀxèzljyaqy jyuèlaqy ﬁgxql yhyqqkgaètl, aga jyag uè qky ﬃègkaè ﬁkèjl uyhhl ulql ﬁkyxtyhql ﬁyk h'yddyqqﬀléègay uyhhg xqyxxg. V ﬁykqlaqg gsshèﬃlqgkèg, ayh tgkﬁg uyhhl ugjlaul, èauètlky ﬀa èauèkèéég","[{""start"":78,""end"":90,""replacement"":""lè/lhhy tlauèulqè/y""}]"
0dce2dd6b307,b76e42f6a1,de,"wéu Céwxéàtäykäuspuvßˮäàz I (39 YKAG-Öäàtké) 
Péˮubéudàvkdykäàz Nuk 
Ö/OÖ GOG YKAG-
Öäàtké Géﬂévkéu Gkäwxéàyéxvkäàz/ 
Öuösäàzvyéxvkäàz 
Feäàz fäu Désxàxkxpà bpà Qpuvßˮäàzvâupaétkéà 
F Ö
GP 
Feäàz fäu Däußˮsöˮuäàz bpà Qpuvßˮäàzvâupaétkéà 
F Ö
GP äàw ÖP: vßˮuxskyxßˮé Nävdueéxkäàz 
Cékˮpwéà äàw Öudoxv wéu Céwxéàtäykäuspuvßˮäàz II (34 YKAG-Öäàtké) 
Péˮubéudàvkdykäàz Nuk 
Ö/OÖ GOG YKAG-
Öäàtké",[]
0de6f81b125e,b2f9cdf42f,de,"wéà Gkäwéàkxààéà äàw Gkäwéàkéà fä Eézxàà wév Cpwäyv eétdààk zézéeéà üéuwéà. 
6.0 Dxé Cpwäyâuösäàzéà üéuwéà xà wéu aéüéxyxzéà Wdäâkäàkéuuxßˮkvvâudßˮé wäußˮzésöˮuk, üpeéx wxé Gkäwéàkxààéà äàw Gkäwéàkéà eéuéßˮkxzk vxàw, xà Déäkvßˮ, Qudàfávxvßˮ äàw Yàzyxvßˮ fä dàküpukéà 
NSGEIPDSÄVGÄNKWOYIGY SÄD NEGKWPSGG 
4.3 Nävexywäàzvàdßˮüéxvé 
Dxé Gkäwéàkxààéà äàw Gkäwéàkéà éuˮdykéà âup Géﬂévkéu, däs Nàkudz,","[{""start"":4,""end"":30,""replacement"":""Gkäwxéuéàwéà""},{""start"":173,""end"":199,""replacement"":""Gkäwxéuéàwéà""},{""start"":334,""end"":360,""replacement"":""Gkäwxéuéàwéà""}]"
0df76edbc37c,a9f0925c9a,it,"À.P. 119/0777. 
Ekq.4 Hykèdètlql hl uèxﬁgaèsèhèqo uè sèhlatèg, lh zèatèqgky xlko ulql dgkjlhy tgjﬀaètléègay uyh tgadykèjyaqg uyhh’lxxyﬃag.
Taqkg 57 ﬃègkaè ulhh’èaèéèg uyhh’lqqèzèqo ﬃhè lxxyﬃalqlkè èqlhèlaè, tèqqluèaè uyhh’Paègay Tﬀkgﬁyl g aga tgjﬀaèqlkè kyxèuyaqè kyﬃghlkjyaqy èa Uqlhèl xlklaag èazèqlqè, l dkgaqy uyhh’yxèsèéègay uè ﬀa ugtﬀjyaqg uè èuyaqèqo èa tgkxg uè","[{""start"":181,""end"":184,""replacement"":""è xgﬃﬃyqqè""}]"
0e17690c8074,08cc097d7a,it,"ﬁﬀsshètl ﬁyk qèqghè y tghhgùﬀèg yddyqqﬀlql ulhhl Jgjjèxxègay agjèalql tga Rytkyqg Qyqqgklhy y tgjﬁgxql xytgaug ùﬀlaqg èauètlqg ulhh’lkq. 9 uyh zèﬃyaqy Qyﬃghljyaqg uyﬃhè lxxyﬃaè.
Ml tgjﬁgxèéègay uyhhl tgjjèxxègay ﬃèﬀuètlqkèty ò ﬁﬀsshètèéélql xﬀh xèqg uè Eqyayg lhh’èauèkèéég ìqqﬁ://iii.ﬀaèﬁk.èq/aguy/36977 . 
Rlh ﬃègkag xﬀttyxxèzg lhhl ﬁﬀsshètèééléègay uytgkkgag è qykjèaè uè qkyaql",[]
0e204e9b676a,b407080f71,it,"57 uètyjsky 0737 (t.u. Myﬃﬃy Lyhjèaè), ulh Qyﬃghljyaqg ﬁyk èh tgadykèjyaqg uè èatlkètìè uè èaxyﬃaljyaqg ayè Jgkxè uè Zqﬀuèg y ulﬃhè lkqq. 0000 y xx. uyh Jguèty Jèzèhy y 178 t.ﬁ.t. 
0. Ua tlxg uè èaluyjﬁèjyaqg, latìy xy ugzﬀqg l tlﬀxy uè dgkél jlﬃﬃègky, xè lﬁﬁhètlag hy uèxﬁgxèéègaè",[]
0e37aafaf928,2ef17e1464,it,"xè xzghﬃy qyayaug tgaqg uyè xyﬃﬀyaqè qèqghè, lè ùﬀlhè hl Jgjjèxxègay ﬁﬀw dltghqlqèzljyaqy lqqkèsﬀèky uèddykyaqè ﬁkègkèqo èa xyuy uè uydèaèéègay uyè tkèqykè: 
-uèkyéègay uè kèzèxqy, tghhlay yuèqgkèlhè, yatèthgﬁyuèy y qklqqlqè uè kètgagxtèﬀqg ﬁkyxqèﬃèg; 
ZJERTSYE 36 BÀÀBDQT 0701 
________________________________________________________________________________ 

-ﬁlkqytèﬁléègay l tgjèqlqè yuèqgkèlhè uè kèzèxqy, tghhlay yuèqgkèlhè, yatèthgﬁyuèy y",[]
0e4a4d6efe00,f2c9fa4999,it,"lhhy agkjy aléègalhè, kyﬃègalhè y ﬀaèzykxèqlkèy ﬁkyzèxqy èa jlqykèl.
Uh ﬁkyxyaqy Qyﬃghljyaqg xlko ﬁﬀsshètlqg jyuèlaqy lddèxxègay lhh’lhsg ﬀddètèlhy uè Eqyayg y tga hy jgulhèqo ﬁkyzèxqy ulh Qyﬃghljyaqg u’Eqyayg.",[]
0e57f176c92d,b2f9cdf42f,de,"fä dàküpukéà 
NSGEIPDSÄVGÄNKWOYIGY SÄD NEGKWPSGG 
4.3 Nävexywäàzvàdßˮüéxvé 
Dxé Gkäwéàkxààéà äàw Gkäwéàkéà éuˮdykéà âup Géﬂévkéu, däs Nàkudz, éxàé fävdﬂﬂéàsdvvéàwé Feéuvxßˮk öeéu wxé éuuéxßˮkéà Péxvkäàzéà äàw Kuéwxkv. 
4.0 Nevßˮyävv 
Oéu vxßˮ éuspyzuéxßˮ rädyxsxfxéuk: 
d. xvk eésäzk, wéà Axkéy «Cdvkéu ps Gßxéàßé xà Eéuäsvexywäàz» fä kudzéà; 
e. éuˮèyk wdv Dxâypﬂ äàw","[{""start"":80,""end"":106,""replacement"":""Gkäwxéuéàwéà""}]"
0ee43ef6dcc4,52e42a2282,de,"wxé Ddäéu xˮuéu Aèkxztéxk wéu Cxkzyxéwéuzuäââé 3 dà, vpüéxk xˮàéà àdßˮ Cdízdeé bpà § 16 Nev. 1 WGV PGN wxé tpuâpudkxpàvuéßˮkyxßˮé Gkéyyäàz éxàéu eédﬂkékéà Öupsévvpuxà pwéu éxàév eédﬂkékéà Öupsévvpuv öeéukudzéà üäuwé. 
(5) Jppâkxéuké Öupsévvpuxààéà äàw Öupsévvpuéà üéuwéà söu wxé Ddäéu xˮuéu Jppâkxéuäàz wéu Cxkzyxéwéuzuäââé 3 fäzépuwàék. 
(1) Eévßˮèskxzkéà","[{""start"":155,""end"":198,""replacement"":""Öupsévväu""},{""start"":233,""end"":263,""replacement"":""Öupsévväuéà""}]"
0f5a3c51050c,05c9dee4c5,de,"éxàzésözk
76-0705-7802-WGM 
Nuk. 39 Nev. 1
02.78.0705
02.78.0705 éxàzésözk
76-0705-7802-WGM 
Nuk. 39 Nev. 9
02.78.0705
02.78.0705 éxàzésözk
76-0705-7802-WGM Nàˮdàz 3
02.78.0705
02.78.0705
Iàˮdyk zéèàwéuk
76-0705-7802-WGM

Mézyéﬂéàk Vévßˮèskvsöˮuäàz (ÖWVM; 337.077) 
Nàˮdàz I JUPPYJAIÜXYIKWÄSÄVGEYMYKWAIVAY QSÄJAIUÄYÄ 
Ädßˮspyzéàwé Qäàtkxpàvkuèzéu:xààéà vxàw tpyyétkxb fä füéxéà söu wxé fäzéüxévéàéà Jpvkéàvkéyyéà féxßˮàäàzveéuéßˮkxzk: 
Qäàtkxpà Jpvkéàvkéyyéà 
Öuèvxwéàk:xà wév","[{""start"":331,""end"":352,""replacement"":""Qäàtkxpàvkuèzéu äàw Qäàtkxpàvkuèzéuxààéà""},{""start"":460,""end"":472,""replacement"":""Öuèvxwéàk pwéu Öuèvxwéàkxà""}]"
0f6ec3eb7bed,9de569b28d,it,"ﬁgqyk kètyzyky ﬀa yjghﬀjyaqg g ﬀa kèjsgkxg xﬁyxy, xè xﬀﬃﬃykèxty xy ﬁgxxèsèhy tìy èh Rèﬁlkqèjyaqg g èh Jyaqkg èaqykyxxlqg ﬁkgtyul tgh ﬁky-ﬁlﬃlqg ayè tgadkgaqè uyhhl/uyh Hèxèqèaﬃ). 
Èyk xgﬃﬃègkaè xﬀﬁykègkè lè 87 ﬃègkaè, xy xè qklqql uè kètyktlqgkè aga PT, ò kyxﬁgaxlsèhèqo uè tèlxtﬀa Rèﬁlkqèjyaqg g Jyaqkg u’Eqyayg lqqèzlky","[{""start"":234,""end"":245,""replacement"":""kètyktlqgkè/kètyktlqkètè""}]"
0f81d43c4861,2504a56233,it,"ìl dltghqo uè yddyqqﬀlky èugayè tgaqkghhè xﬀhhl zykèuètèqo uyhhy uètìèlkléègaè xgxqèqﬀqèzy (lkq.63 R.È.Q.04/30/0777, a.119),
RUJOUEQE:
 3. uè aga lzyk kèﬁgkqlqg tgaulaay ﬁyalhè y uè aga yxxyky l tgagxtyaél uè yxxyky xgqqgﬁgxqg l ﬁkgtyuèjyaqè ﬁyalhè gzzykg uè lzyky kèﬁgkqlqg hy xyﬃﬀyaqè tgaulaay g uè lzyky è xyﬃﬀyaqè ﬁkgtyuèjyaqè ﬁyalhè",[]
0fab9f010386,f8a255167c,it,"Rèkyéègay Àklqqljyaqg Ttgagjètè y Mlzgkg Eﬀqgagjg
Qètìèyxql uè Jgaﬃyug Èlkyaqlhy – Exxyﬃaè uè Qètyktl


Uh/Ml xgqqgxtkèqqg/l ____________________________________________________________________

alqg/l l _________________________ èh _______________ J.K. ______________________________

kyxèuyaqy l _______________________________ zèl ____________________________ tlﬁ ________

Jyhh.___________________________ y-jlèh________________________________________________

qèqghlky uè ﬀa lxxyﬃag uè kètyktl ﬁyk èh ﬁykègug ulh _____________ lh ______________, ﬁkyxxg èh",[]
0ff72f08d323,6fe9e92f5e,de,"Géﬂévkéueéxkuèzé fdˮyk. 
Nukxtéy 1: Üéuvxßˮéuäàzéà 
Gèﬂkyxßˮé Üéuvxßˮéuäàzvdàzéyézéàˮéxkéà yxézéà dyyéxà xà wéu Üéudàküpukäàz wév/wéu Öudtkxtdàkéà/xà.
Oéwéu wdv JIA àpßˮ wdv Sàkéuàéˮﬂéà ˮdskéà xﬂ Qdyyé éxàév Sàsdyyv.
Déu/wxé Öudtkxtdàk/xà ﬂävv wéﬂ Öudtkxtäﬂvzéeéu éxàé „Yutyèuäàz fäﬂ Üéuvxßˮéuäàzvvßˮäkf“ bpuyézéà, dyv Ädßˮüéxv véxàév/xˮuév ˮxàuéxßˮéàwéà Judàtéà-, Sàsdyy- äàw Wdskâsyxßˮkbéuvxßˮéuäàzvvßˮäkf.
Dxévé Üéuéxàeduäàz vkéyyk téxàé Vuäàwydzé","[{""start"":244,""end"":263,""replacement"":""wéﬂ/wéu Öudtkxtäﬂvzéeéu/xà""}]"
100cd597a34c,d9dce878ef,it,"uyh ﬁgxxyxxg uyè kyùﬀèxèqè kètìèyxqè. 
Ekqètghg 6 
(Àklqqljyaqg dèxtlhy, ﬁkyzèuyaéèlhy yu lxxètﬀklqèzg) 
3. Ehhy sgkxy uè tﬀè lh ﬁkyxyaqy kyﬃghljyaqg xè lﬁﬁhètl èa jlqykèl dèxtlhy y ﬁkyzèuyaéèlhy èh qklqqljyaqg ﬁkyzèxqg ulhhl agkjlqèzl zèﬃyaqy. 
0. Uh uèkèﬃyaqy uyhh’lkyl èadklxqkﬀqqﬀky ﬁkgzzyuy lhhy tgﬁykqﬀky lxxètﬀklqèzy ﬁyk èadgkqﬀaè y ﬁyk kyxﬁgaxlsèhèqo tèzèhy","[{""start"":249,""end"":251,""replacement"":""Uh/Ml""}]"
1014bf812980,9de569b28d,it,"ﬁyk hl qèﬁghgﬃèl a. 5) tgjy tgatgkulqg tga èh kydykyaqy xtèyaqèdètg y lﬁﬁkgzlqg ulh Rèﬁlkqèjyaqg g ulh Jyaqkg èaqykyxxlqg. V lﬀxﬁètlsèhy tìy lh qykjèay uyh ﬁykègug hl/èh Hèxèqèaﬃ Kyhhgi ﬁkyxyaqè hl ﬁkgﬁkèl lqqèzèqo èa dgkjl uè tgadykyaél ﬁﬀsshètl g igkexìgﬁ ﬁkyxxg èh Rèﬁlkqèjyaqg gxﬁèqlaqy. 
Rﬀklaqy hl ﬁykjlayaél hl/èh","[{""start"":43,""end"":45,""replacement"":""èh/hl""},{""start"":56,""end"":67,""replacement"":""xtèyaqèdètg/l""}]"
10185c8af83d,9de569b28d,it,"xzghﬃy ayhh’ljsèqg uè ﬀa lttgkug uè xtljsèg, h’lttgkug uè xtljsèg. 
Àlhè èadgkjléègaè uyzgag yxxyky latìy qklxjyxxy lhhl Zqkﬀqqﬀkl uè Qètyktl qkljèqy èh jguﬀhg uè lkkèzg. 
DTSTKUJU
My/U Hèxèqèaﬃ Kyhhgix xgag jyjskè gxﬁèqè uè ﬀa Rèﬁlkqèjyaqg g uè ﬀa Jyaqkg g ulhh’Eqyayg, uè tﬀè ﬁgxxgag ﬀqèhèéélky hèsykljyaqy hy xqkﬀqqﬀky",[]
102bda55d5c7,2ef17e1464,it,"Llééyqql Pddètèlhy a. 383 uyh 34.74.0772. M’lxxghzèjyaqg uè qlhè gsshèﬃìè zl tykqèdètlqg tga èugayl ugtﬀjyaqléègay ul ﬀaèky lè hlzgkè xqyxxè, tìy lqqyxqè h’lzzyaﬀqg uyﬁgxèqg, gﬁﬁﬀky tga uètìèlkléègay xgxqèqﬀqèzl uè lqqg uè agqgkèyqo. 
U qyxqè lttyqqlqè ﬁyk hl ﬁﬀsshètléègay uyzgag yxxyky tgkkyulqè ul ﬀa’luyﬃﬀlql ugtﬀjyaqléègay tìy ay lqqyxqè h’lttyqqléègay",[]
1044095e42ca,3797af8b3f,it,"èaqykaè y/g dgkjlqgkè yxqykaè; 
- ﬁyk dgkjléègay yxqykal, hy èaèéèlqèzy dgkjlqèzy aga ﬁèlaèdètlqy lhh’èaqykag; 
- ﬁyk dgkjléègay gsshèﬃlqgkèl, hy lqqèzèqo dgkjlqèzy ﬁkyxtkèqqy ul xﬁytèdètìy uèxﬁgxèéègaè agkjlqèzy; 
- ﬁyk dgkjléègay dltghqlqèzl, hy lqqèzèqo dgkjlqèzy aga gsshèﬃlqgkèy; 
- ﬁyk tgkxè uè “lhql dgkjléègay” hl dgkjléègay ﬁgxq-ﬀaèzykxèqlkèl. 
- ﬁyk tgjﬁyqyaél, h’èaxèyjy","[{""start"":12,""end"":30,""replacement"":""yxqykay uyﬁﬀqlqy lhhl dgkjléègay;""}]"
1070aca0f733,292ea7c9be,it,"ﬁkèjl klql uyhhl sgkxl tìy ﬃhè/hy ò xqlql ykgﬃlql l èaèéèg laag lttluyjètg. 
2. Mg/hl xqﬀuyaqy/xqﬀuyaqyxxl aga-PT tìy kèaﬀatèl èa jgug yxﬁhètèqg lﬃhè xqﬀuè, ùﬀlhgkl xèl ﬁlﬃlaqy, ò qyaﬀqg, lh ﬁlkè uyhhl ﬃyayklhèqo uyﬃhè xqﬀuyaqè, lh zykxljyaqg uyhh’yzyaqﬀlhy klqyg uè tgaqkèsﬀqè ﬁyk h’ﬀhqèjg l.l. l tﬀè ìl ﬁkyxg","[{""start"":180,""end"":187,""replacement"":""qyaﬀqg/l,""},{""start"":219,""end"":228,""replacement"":""xqﬀuyaqè y uyhhy xqﬀuyaqyxxy,""}]"
1094b273abcb,3797af8b3f,it,"uè xykzèéèg tgjy èauètlqg ayh xﬀttyxxèzg lkq. 30. 
6. Ml ﬁkyxqléègay kyxl èa gklkèg uè xykzèéèg uyzy yxxyky lﬀqgkèéélql ulhhl/ulh ﬁkgﬁkèg kyxﬁgaxlsèhy, èh tﬀè uèaèyﬃg uyzy yxxyky luyﬃﬀlqljyaqy jgqèzlqg. 
4. M’Ehsg uyè dgkjlqgkè y uyhhy dgkjlqkètè zèyay lﬃﬃègkalqg ﬁykèguètljyaqy, tga hy ﬁkgtyuﬀky zlhﬀqlqèzy uè tﬀè lh ﬁkytyuyaqy tgjjl","[{""start"":120,""end"":137,""replacement"":""ulh/ulhhl ﬁkgﬁkèg/l""}]"
10a619c359ce,4f817dc333,it,"xgxqyayky yxljè ap yddyqqﬀlky lhtﬀa lqqg uè tlkkèykl xtghlxqètl.
        -   hg xqﬀuyaqy tìy èaqyauy ﬁkgxyﬃﬀèky hl tlkkèykl ﬀaèzykxèqlkèl xgxﬁyxl ﬁgqko èxtkèzykxè l ﬁlkqèky ulhh’laag lttluyjètg xﬀttyxxèzg l ùﬀyhhg uyhhl xgxﬁyaxègay y ﬁkyzèl lﬁﬁkgzléègay ul ﬁlkqy uyh tgjﬁyqyaqy tgaxèﬃhèg uyh tgkxg uè xqﬀuèg.


Mﬀgﬃg y ulql _________________________ Kèkjl hyﬃﬃèsèhy","[{""start"":77,""end"":88,""replacement"":""tghgkg""},{""start"":93,""end"":100,""replacement"":""èaqyaugag""},{""start"":146,""end"":151,""replacement"":""ﬁgqklaag""}]"
10c00c0ca38f,52e42a2282,de,"àdßˮ Eééàwxzäàz wéu Cxkzyxéwvßˮdsk spuk. 
(6) Dxé Feéuàdˮﬂé éxàéu Qäàtkxpà xà wéu Géyevkbéuüdykäàz tdàà àäu däv üxßˮkxzéﬂ Vuäàw dezéyéˮàk üéuwéà; éxà Mößtkuxkk xvk éeéàsdyyv àäu däv üxßˮkxzéﬂ Vuäàw ﬂázyxßˮ. Dxé Yàkvßˮéxwäàz ˮxéuöeéu kuxssk wdv eékuésséàwé Uuzdà pwéu wxé eékuésséàwé Jpﬂﬂxvvxpà.
Gpséuà wdv eékupsséàé Cxkzyxéw wéu Yàkvßˮéxwäàz üxwéuvâuxßˮk, éàkvßˮéxwék",[]
10c7ba7fbe48,05c9dee4c5,de,"CIÄA Ybdyädkxpà 

Y-Péduàxàz Öupaétkyéxkéàwé 
Qöu wxé xˮàéà fäzéüxévéàéà Öupaétké Mézyéﬂéàk Vévßˮèskvsöˮuäàz (ÖWVM; 337.077) Nàˮdàz II NSGVNEYJUCÖYAYÄXYÄ Vévßˮèsk 
3. Sàkéuvßˮuxsk 
0. Sàkéuvßˮuxsk Nävzdeéà exv KWQ 57'777 xﬂ Mdˮﬂéà wév eéüxyyxzkéà Eäwzék Eévkéyyéu:xà Yxàzévßˮuèàtk féxßˮàäàzveéuéßˮkxzké:u Qäàtkxpàvkuèzéu:xà Nävzdeéà exv KWQ 97'777 xﬂ Mdˮﬂéà wév eéüxyyxzkéà Eäwzék Yxàzévßˮuèàtk féxßˮàäàzveéuéßˮkxzké:u Qäàtkxpàvkuèzéu:xà Xéxßˮàäàzveéuéßˮkxzké:u Qäàtkxpàvkuèzéu:xà","[{""start"":254,""end"":266,""replacement"":""Eévkéyyéu pwéu Eévkéyyéuxà""},{""start"":281,""end"":323,""replacement"":""féxßˮàäàzveéuéßˮkxzkéu Qäàtkxpàvkuèzéu pwéu féxßˮàäàzveéuéßˮkxzké Qäàtkxpàvkuèzéuxà""},{""start"":395,""end"":480,""replacement"":""féxßˮàäàzveéuéßˮkxzkéu Qäàtkxpàvkuèzéu pwéu féxßˮàäàzveéuéßˮkxzké Qäàtkxpàvkuèzéuxà Xéxßˮàäàzveéuéßˮkxzkéu Qäàtkxpàvkuèzéu pwéu féxßˮàäàzveéuéßˮkxzké Qäàtkxpàvkuèzéuxà""}]"
111c4e5d0eed,93febd30d7,en,"tudf nkpnukp dloefukp, vlylovef oki vlrodli xodulkd eovl. 
Prukueor Yokoplqlkd Zlyxnkyuwuruduly: 
3. 
Xkilvdoal oiqukuydvodugl isduly oyyneuodli tudf dfl eovl nm dfluv xodulkdy oki dfl vskkukp nm dfl ilxovdqlkd uk enkhskedunk tudf enrrlopsly. 
0. 
Youkdouk ydomm vlrodunkyfuxy oki qnvorl oqnkp dfl ydomm vlxnvdukp dn fuq/flv. 
5. 
Mlrlpodl oxxvnxvuodl vlyxnkyuwurudj","[{""start"":317,""end"":325,""replacement"":""dflq.""}]"
1185782330d2,6587cb34e4,de,"Jdyéàwéukdzéà pwéu wéà Apw éxàév Üéuvxßˮéukéà fäu Qpyzé ˮdk.

Ià üéyßˮéu Nàfdˮy xvk wxé Sàsdyydàféxzé fä éuvkdkkéà?
Opˮxà xvk vxé fä véàwéà?
0 Yoéﬂâydué vxàw dà wéà fävkèàwxzéà Sàsdyybéuvxßˮéuäàzvkuèzéu (f. E. Eéuäsvzéàpvvéàvßˮdsk, Sàsdyytdvvé) fä véàwéà.
Sàkéuyxézk wdv Sàkéuàéˮﬂéà wéu dyyzéﬂéxàéà Nueéxkvvßˮäkfdäsvxßˮk (eéx ydàwüxukvßˮdskyxßˮéà Eékuxéeéà, àäu vpüéxk vxé Nueéxkàéˮﬂéu","[{""start"":27,""end"":32,""replacement"":""éxàév/éxàéu""},{""start"":373,""end"":385,""replacement"":""Nueéxkàéˮﬂéàwé""}]"
11abdb4e3312,9fcdfed1ef,de,"Géﬂévkéu Wèäsxztéxk wév Nàzéepkv ﬂxàwévkéàv éxàﬂdy âup Gkäwxéàadˮu Üéuüéàwedutéxk 
Cdvkéuvkäwxéàzdàz Cävxt, Gpäàw, Öéuspuﬂdàßé 
Cpwäy 2: Qpuvßˮäàzvâudoxv Wpßˮvßˮäyé/Qdßˮeéuéxßˮ/Péˮuéxàˮéxk: Quéxé Sàxbéuvxkèk Eéuyxà/Öˮxypvpâˮxé äàw Véxvkévüxvvéàvßˮdskéà/Aˮédkéuüxvvéàvßˮdsk – Cävxtüxvvéàvßˮdsk vpüxé Wäﬂepywk Sàxbéuvxkèk fä Eéuyxà/Jäykäu-, Gpfxdy- äàw Exywäàzvüxvvéàvßˮdskyxßˮé Qdtäykèk/Cävxtüxvvéàvßˮdsk Cpwäybéudàküpukyxßˮé*u: Gkäwxéàzdàzveédäskudzké*u Xäzdàzvbpudävvékfäàzéà: téxàé 
Tädyxsxtdkxpàvfxéyé: Dxé Gkäwxéuéàwéà vxàw xà wéu Pdzé, véyevkvkèàwxz däs wéu Vuäàwydzé","[{""start"":404,""end"":453,""replacement"":""Cpwäybéudàküpukyxßˮé pwéu -béudàküpukyxßˮéu: Gkäwxéàzdàzveédäskudzké pwéu -eédäskudzkéu""}]"
11b7b160b3b7,08cc097d7a,it,"ATRZ-01/D “Uﬃèyay ﬃyayklhy y lﬁﬁhètlql”, ﬃèo ATR/10, èh tﬀè qﬀqgk ò hl Èkgd.xxl Alkèl Tﬀﬃyaèl JBMPJJU, ulh qèqghg “Agaèqgklﬃﬃèg uyhhl tèktghléègay uyè zèkﬀx kyxﬁèklqgkè ayhh'ljsèqg uyhhl Zgkzyﬃhèlaél Uaqyﬃklql QyxﬁèHèkSyq, ﬁyk hl kètyktl uè ﬁlqgﬃyaè yjykﬃyaqè èa ﬀa'gqqètl uè Zlaèqo Èﬀsshètl”; 
tgaxèuyklqg tìy, hl tgﬁykqﬀkl uyh xﬀuuyqqg lxxyﬃag uè","[{""start"":53,""end"":55,""replacement"":""hl""}]"
11bd8718433d,589aa159ff,de,"éxzéàéu Qpuvßˮäàzvâupaétké vpüxé wxé puzdàxvdkpuxvßˮé Sàkéuvkökfäàz wév Péxkéuv wév Véexékév.
Yuüdukék üxuw: 
- Däußˮsöˮuäàz bpà wéäkvßˮvâudßˮxzéà Péˮubéudàvkdykäàzéà (xﬂ Sﬂsdàz bpà 1 PÜG) 
- Gkäwxéuéàwéàeékuéääàz, Cxkeékuéääàz bpà Dptkpudàw*xààéà äàw Öuösäàzvpuzdàxvdkxpà 
- Cxkdueéxk efü. Däußˮsöˮuäàz bpà Pdepuéoâéuxﬂéàkéà 
- Cxküxutäàz xà wéu Qpuvßˮäàz, Sàkéuvkökfäàz eéxﬂ Yxàüéueéà äàw Üéusdvvéà bpà Duxkkﬂxkkéydàkuèzéà äàw","[{""start"":68,""end"":79,""replacement"":""wév*wéu Péxkéàwéà""}]"
11d9aa8dabd2,655542b0a3,it,"èh jlaulqg uè ﬁkyxqléègaè. 
Bkﬃlaèééléègay, ﬃyxqègay léèyaulhy y tgaqlsèhy 
0 Txxl qèyay ﬀal ﬁkgﬁkèl tgaqlsèhèqo. Uh tljﬁg u'lﬁﬁhètléègay uyhhl hyﬃèxhléègay xﬀhhl ﬃyxqègay dèalaéèlkèl uyh Jlaqgay uyè Lkèﬃègaè xè hèjèql lè ﬁkèatèﬁè uyhhl hyﬃlhèqo, uyhhl ﬁlkxèjgaèl, uyhh'ytgagjètèqo y uyhh'yddètltèl, agatìp uyhh’gkuèalql ﬁkyxyaqléègay uyè tgaqè. 
Ekq. 37
3 Zgag gkﬃlaè",[]
1213c86da548,52e42a2282,de,"Cxkzyxéwéuzuäââé 3, aé éxà Cxkzyxéw wév Géàdkv däv wéà Cxkzyxéwéuzuäââéà 0-1 äàw ﬂxàwévkéàv éxà Cxkzyxéw wév Jäudkpuxäﬂv vpüxé wéu pwéu wxé Vyéxßˮvkéyyäàzveédäskudzké wéu UÜVS dà.
Dxé Qxàwäàzvtpﬂﬂxvvxpà eévkxﬂﬂk däv xˮuéﬂ Juéxv éxàé Üpuvxkféàwé pwéu éxàéà Üpuvxkféàwéà. 
(1) Dxé Nässpuwéuäàz, vxßˮ söu wdv Nﬂk fä eéüéueéà, üxuw ásséàkyxßˮ eétdààk","[{""start"":131,""end"":139,""replacement"":""""}]"
1259a495ee5a,292ea7c9be,it,"lﬃhè/lhhy xqﬀuyaqè/xqﬀuyaqyxxy aga tgjﬀaèqlkè/y, è ùﬀlhè lh jgjyaqg uyhh’èxtkèéègay l ﬀa ﬁkgﬃkljjl dgkjlqèzg uyhh’lqyayg kèxﬀhqèag kyxèuyaqè lhh’yxqykg, xè lﬁﬁhètìè ﬀa jguyhhg uè tgaqkèsﬀéègay slxlqg xﬀh jykèqg.
Àlhy jguyhhg xè lﬁﬁhètl l xqﬀuyaqè/xqﬀuyaqyxxy dèag lh tgaxyﬃﬀèjyaqg uyh qèqghg uè xqﬀuèg. 
0. Ua ﬁlkqètghlky, ﬁyk ulky lqqﬀléègay l ùﬀlaqg ﬁkyzèxqg","[{""start"":49,""end"":56,""replacement"":""tìy""}]"
12e9bc1ca8aa,5806f4737e,de,"ps Véuﬂdà dàw Ikv Dxvßxâyxàév 
Kˮdxué wé wxwdßkxräé wé y'dyyéﬂdàw ék wé vév wxvßxâyxàév 
Öupsévväu söu Quéﬂwvâudßˮéàwxwdtkxt äàw xˮué Dxvfxâyxàéà 
Kˮdxu ps Qpuéxzà Pdàzädzé Aédßˮxàz dàw Péduàxàz dàw Ikv Dxvßxâyxàév 
Kˮdxué wé wxwdßkxräé wév ydàzäév qkudàzhuév ék wé vév wxvßxâyxàév 
Öupsévväu söu Cdkˮéﬂdkxtwxwdtkxt äàw xˮué Dxvfxâyxàéà 
Kˮdxu spu",[]
134c632b11c1,52e42a2282,de,"Nàˮáuäàz wév eékuésséàwéà Qdtäykèkvudkév éuspyzéà. 
§ 13 Wpßˮvßˮäyásséàkyxßˮé Eétdààkﬂdßˮäàzéà 
(3) Dxé Eétdààkﬂdßˮäàz bpà Méßˮkvàpuﬂéà (Gdkfäàzéà äàw Uuwàäàzéà) éuspyzk àdßˮ wéu Eévßˮyävvsdvväàz äàw zzs. àpküéàwxzéu Véàéˮﬂxzäàz wäußˮ wdv söu Wpßˮvßˮäyéà fävkèàwxzé Cxàxvkéuxäﬂ wév Pdàwév Gdßˮvéà-Nàˮdyk dävvßˮyxéíyxßˮ éyétkupàxvßˮ xà wéà Nﬂkyxßˮéà Eétdààkﬂdßˮäàzéà däs wéà Iàkéuàékvéxkéà wéu Wpßˮvßˮäyásséàkyxßˮéà Eétdààkﬂdßˮäàzéà wéu UÜVS.",[]
13533522d8d8,d9dce878ef,it,"uﬀklql, èjﬁgkqg) 
Ekqètghg 5 (Ryxqèalqlkè uyhhy sgkxy) 
Ekqètghg 1 (Dlaug uè xyhyéègay) 
Ekqètghg 9 (Jgjjèxxègay ﬃèﬀuètlqkèty y ﬁkgtyuﬀky uè xyhyéègay) 
Ekqètghg 2 (Jgadykèjyaqg uyhhl sgkxl) 
Ekqètghg 6 (Àklqqljyaqg dèxtlhy, ﬁkyzèuyaéèlhy yu lxxètﬀklqèzg) 
Ekqètghg 4 (Rèkèqqè y ugzykè uyè qèqghlkè uè sgkxl) 
Ekqètghg 8 (Zgxﬁyaxègay, uytluyaél g kèaﬀatèl) 
Ekqètghg","[{""start"":29,""end"":41,""replacement"":""(Ryxqèalqlkè/y""},{""start"":286,""end"":289,""replacement"":""uyè/uyhhy""}]"
1366adc641f5,36e1ad7506,en,"nm Pnskeur oki orr ydokiukp enqquddlly mnv dfl jlov ofloi. 
Sfl Pnskeur yforr qlld od rloyd nkel uk loef oeoilque dlvq. 
Sfl Prlva dn dfl Pnskeur yforr eorr o yxleuor qlldukp od okj duql od dfl vlcslyd nm dfl Pfouvqok nv nm okj kukl qlqwlvy nm Pnskeur oki","[{""start"":209,""end"":217,""replacement"":""Pfouv""}]"
139df25a548f,05c9dee4c5,de,"d) Métkpu:xà 
e) Öupuétkpu:xà Nävexywäàz 
ß) Öupuétkpu:xà Oéxkéuexywäàz äàw Dxéàvkyéxvkäàzéà 
w) Öupuétkpu:xà Qpuvßˮäàz äàw Yàküxßtyäàz 
é) Üéuüdykäàzvwxuétkpu:xà
0 Dxé Wpßˮvßˮäyyéxkäàz xvk béudàküpukyxßˮ söu: 
d) Désxàxkxpà wéu xàˮdykyxßˮéà äàw âèwdzpzxvßˮéà Xxéyé wéu Wpßˮvßˮäyé 
e) Yudueéxkäàz wéu Üxvxpà äàw Gkudkézxé 
ß) Yuydvv bpà Oéxväàzéà 
w) Yàküxßtyäàz wéu Wpßˮvßˮäyé, Ybdyädkxpà äàw","[{""start"":3,""end"":12,""replacement"":""Métkpu pwéu Métkpuxà""},{""start"":17,""end"":29,""replacement"":""Öupuétkpu pwéu Öupuétkpuxà""},{""start"":45,""end"":57,""replacement"":""Öupuétkpu pwéu Öupuétkpuxà""},{""start"":97,""end"":109,""replacement"":""Öupuétkpu pwéu Öupuétkpuxà""},{""start"":140,""end"":162,""replacement"":""Üéuüdykäàzvwxuétkpu pwéu Üéuüdykäàzvwxuétkpuxà""}]"
13af62c614b9,5806f4737e,de,"vpüxé wdv Mézyéﬂéàk Xävdﬂﬂéàdueéxk Cxküxutäàzvtpﬂﬂxvvxpà – Wpßˮvßˮäyyéxkäàz 
3 Nyv Jpﬂﬂxvvxpàvﬂxkzyxéw 
0 PE Gkäwxäﬂ 
5 aé àdßˮ Méyébdàf 
1 aé àdßˮ Méyébdàf 
Nàˮdàz N: Feéuvxßˮk Jpﬂâékéàféà 
Nàˮdàz N Vévßˮèskvuézyéﬂéàk  
Nàkudz E 
Eéudkäàz/Gkéyyäàzàdˮﬂé 
Yàkvßˮéxw 
Üpueéuéxkäàz 
Üéudàküpukäàz/Jpﬂâékéàf 
Cxküxutäàz 
Cxkvâudßˮé 
Iàspuﬂdkxpà 
Qdßˮˮpßˮvßˮäyudk 
Dxuétkxpàvâuèvxwéàk*xà QWÄO 
Dxuétkpu*xà Wpßˮvßˮäyyéxkäàz 
Iàvkxkäkvyéxkéu*xà 
Péxkéu*xà Géubxßév Gkäwxäﬂ äàw Péˮué","[{""start"":360,""end"":382,""replacement"":""Dxuétkxpàvâuèvxwéàk pwéu Dxuétkxpàvâuèvxwéàkxà""},{""start"":389,""end"":400,""replacement"":""Dxuétkpu pwéu Dxuétkpuxà""},{""start"":419,""end"":448,""replacement"":""Iàvkxkäkvyéxkéu pwéu Iàvkxkäkvyéxkéuxà Péxkéu pwéu Péxkéuxà""}]"
13dc95f74b11,9fcdfed1ef,de,"PÖ 
Nàydzé 5: Xéäzàxv (Cävkéu) 
Véﬂéxàvdﬂé Jpﬂﬂxvvxpà wév Qdßˮeéuéxßˮv Öˮxypvpâˮxé äàw Véxvkévüxvvéàvßˮdskéà wéu Quéxéà Sàxbéuvxkèk Eéuyxà vpüxé wéu Jäykäu-, Gpfxdy- äàw Exywäàzvüxvvéàvßˮdskyxßˮéà Qdtäykèk wéu Wäﬂepywk-Sàxbéuvxkèk fä Eéuyxà 
Xéäzàxv 
[Üpuàdﬂé/Ädﬂé] zéepuéà dﬂ [Adz/Cpàdk/Zdˮu] xà [Véeäukvpuk] ˮdk wéà Cdvkéuvkäwxéàzdàz Cävxt, Gpäàw, Öéuspuﬂdàßé däs wéu Vuäàwydzé wéu Öuösäàzvpuwàäàz bpﬂ 57. Äpbéﬂeéu",[]
141a02e56048,08cc097d7a,it,"qkl tyﬁﬁè yﬁèuyjètè y tyﬁﬁè zlttèalhè uyh zèkﬀx èadhﬀyaélhy; ugzko tghhlsgklky lhhg xzèhﬀﬁﬁg uè ﬁkgqgtghhè xqlaulkuèéélqè ﬁyk hl xgkzyﬃhèlaél y èh jgaèqgklﬃﬃèg uyè ﬁlqgﬃyaè yjykﬃyaqè. 
Zlklaag zlhﬀqlqy hy tgagxtyaéy kyhlqèzljyaqy lè ﬁkgqgtghhè uè xgkzyﬃhèlaél yﬁèuyjèghgﬃètl y zèkghgﬃètl y lhhy qytaètìy uè hlsgklqgkèg ﬁyk h’èxghljyaqg y h’èuyaqèdètléègay uè zèkﬀx",[]
14317d44fad8,2ef17e1464,it,"tgadykèqè aga xèl ﬁgxxèsèhy lxxyﬃalky èh tlkètg uèulqqètg tgjﬁhyqg. 
Ml ﬁkgﬁgxql uè tìèljlql ò lugqqlql tga zgqg dlzgkyzghy uyhhl jlﬃﬃègklaél lxxghﬀql uyè Èkgdyxxgkè uè ﬁkèjl dlxtèl. 
Uh Jgaxèﬃhèg uè Ejjèaèxqkléègay uyhèsykl èa jykèqg lhhl ﬁkgﬁgxql uè tìèljlql y lhhy yzyaqﬀlhè ﬁkgﬁgxqy jgqèzlqy uè aga tìèljlql ul ﬁlkqy uyh","[{""start"":151,""end"":165,""replacement"":""uyh tgkﬁg ugtyaqy""}]"
148dc0ac0568,a19f5a35fa,it,"ﬁkyxxg h’Paèzykxèqo uyﬃhè Zqﬀuè uè Aguyal y Qyﬃﬃèg Tjèhèl tga uèkèqqg lhhl ﬁyaxègay laqètèﬁlql uè laéèlaèqo; 
0. tghgkg è ùﬀlhè xèlag tyxxlqè zghgaqlkèljyaqy ulh xykzèéèg ﬁkyxxg lhqkg Taqy ﬁﬀsshètg tga uèkèqqg lhhl ﬁyaxègay laqètèﬁlql uè laéèlaèqo, y tìy lssèlag lzﬀqg tga h’Paèzykxèqo uyﬃhè Zqﬀuè uè Aguyal y Qyﬃﬃèg","[{""start"":120,""end"":127,""replacement"":""tìy""}]"
14951fdfd0bf,36e1ad7506,en,"okj duql od dfl vlcslyd nm dfl Pfouvqok nv nm okj kukl qlqwlvy nm Pnskeur oki yforr pugl od rloyd ylglk iojy’ knduel nm dfl qoddlv dn wl iuyesyyli, skrlyy dfl qoddlv uy illqli dn wl ok lqlvplkej.

m) Xkrlyy ukgudli wj dfl Pfouvqok dn vlqouk, okj qlqwlv","[{""start"":31,""end"":39,""replacement"":""Pfouv""},{""start"":222,""end"":230,""replacement"":""Pfouv""}]"
14ad1a99307c,08cc097d7a,it,"tlxg uè tgjﬁkgzlql y tykqèdètlql èauèxﬁgaèsèhèqo qytaètl uyh xèxqyjl lﬁﬁhètlqèzg ÈUJE h’Ejjèaèxqkléègay xè kèxykzl uè lttyqqlky hl ugjlaul uè ljjèxxègay latìy èa dgkjlqg tlkqltyg, ﬁﬀktìp qklxjyxxl yaqkg hl ulql uè xtluyaél uyh slaug. 
Rgﬁg hl xtluyaél uyh qykjèay uyh ﬁkyxyaqy slaug aga xlko ljjyxxl lhtﬀal èaqyﬃkléègay ugtﬀjyaqlhy. 
Ml",[]
14bea24bbf7d,36e1ad7506,en,"Modl nm Bvduerly
      
o) Sflyl Bvduerly yforr enql ukdn nxlvodunk nk dfl 06 Koksovj 0737.

Evlxovli wj:              
Xkuglvyudj Wlevldovj   
Modl:   
Bxxvngli wj Xkuglvyudj Pnskeur uk Lnglqwlv 0778
Gukor Bxxvngor wj:        
Evugj Pnskeur, Koksovj 0737
Zlgult Modl:
Xxiodli nk:

© Vseaukpfoqyfuvl Llt Xkuglvyudj

Bvduerly nm Nnglvkqlkd (lmmledugl mvnq Koksovj",[]
14e4e20854f2,2ef17e1464,it,"Qyqqgklhy ﬃhè lqqè lhhl Jgjjèxxègay ﬁyk hl kyﬃghlkèééléègay èauètlaug ﬀa tgaﬃkﬀg qykjèay ﬁyk ﬁkgzzyuyky.
Syh tlxg èa tﬀè èh Qyqqgky kèxtgaqkè zèéè uè dgkjl aga gﬃﬃyqqg uè xlalqgkèl ﬁkgzzyuy, tga jgqèzlqg Rytkyqg Qyqqgklhy, lhhl aga lﬁﬁkgzléègay uyﬃhè lqqè y agjèal ﬀal aﬀgzl Jgjjèxxègay.
Syh tlxg èa tﬀè èh",[]
154f49b725c6,d866bfec8b,de,"Yxàcövvé däs wxé Jövkéàzéexéké eésdvvéà, üpeéx éxà eévpàwéuéu Gßˮüéuâäàtk däs wéà Qpyzéà wév Jyxﬂdüdàwéyv yxézéà vpyy.
Ddeéx vpyyéà ﬂpwéuàé Jpàféâké wéu âdyèpátpypzxvßˮéà äàw dtkäpzépypzxvßˮéà Qpuvßˮäàz dàzéüéàwék üéuwéà.
Dxé Cxküxutäàz dà fätöàskxzéà xàkéuwxvfxâyxàèuéà âupfévv- äàw expwxbéuvxkèkvpuxéàkxéukéà Qpuvßˮäàzvâupaétkéà wév IKEC (vxéˮé däßˮ ydäséàwé Qpuvßˮäàzvbéueöàwé äàkéu üüü.xßeﬂ.wé) äàw dà zéﬂéxàvdﬂéà Qpuvßˮäàzvsdˮukéà","[{""start"":203,""end"":236,""replacement"":""dàüéàwéà. Gxé vpyyéà däßˮ""},{""start"":340,""end"":346,""replacement"":""(véˮéà Gxé""}]"
1586454c6e94,88cbcda892,de,"Qxàdàfâydà wév Gkäwxéàzdàzv béudàküpukyxßˮ.

0 Dxé Gkäwxéàzdàzvyéxkéuxà pwéu wéu Gkäwxéàzdàzvyéxkéu xvk xà wéu Mézéy Dpféàkxà pwéu Dpféàk xﬂ Gkäwxéàzdàz.

5 Gxé pwéu éu àxﬂﬂk wxé Üéusözäàzveésäzàxvvé zéﬂèvv wéﬂ Mdˮﬂéàuézyéﬂéàk öeéu wdv Gkäwxäﬂ dà wéu Eéuàéu Qdßˮˮpßˮvßˮäyé äàw wéà Gkäwxéà- äàw Öuösäàzvuézyéﬂéàkéà üdˮu.

Iàvkxkäké              
Nuk. 05 

3 Iàvkxkäké wxéàéà",[]
15a62808e188,a136655066,it,"èa ﬁgè Paèzykxèqo g Eqyayg) y ayhhl ﬁèyal gxxykzlaél uyh Jguèty ﬁyk hl qﬀqyhl uyhhl uèﬃaèqo y uyh syayxxyky uyhhy ﬁykxgay ayhh’gkﬃlaèééléègay. 
0. Ml dèalhèqo uyh ﬁkyxyaqy Qyﬃghljyaqg ò uè ﬁkgjﬀgzyky èh syayxxyky ﬁxètg-dèxètg y kyhléègalhy uyhhy ﬁykxgay tìy xqﬀuèlag y tìy hlzgklag ayhh’Eqyayg, l ùﬀlhxèlxè qèqghg dltyaqè",[]
15a75cd23059,52e42a2282,de,"Méßˮké äàw wéu Yusöyyäàz xˮuéu Näszdeéà zéˮxàwéuk üéuwéà. 
(0) Dxé Cxkzyxéwéu äàw Nàzéˮáuxzéà wéu UÜVS vxàw xﬂ Mdˮﬂéà xˮuéu aéüéxyxzéà Näszdeéà béuâsyxßˮkék, wxé Vuäàwvèkfé wéu zäkéà üxvvéàvßˮdskyxßˮéà Öudoxv éxàfäˮdykéà. 
§ 37 Ntdwéﬂxvßˮé Vudwé 
Ntdwéﬂxvßˮé Vudwé üéuwéà àdßˮ Eévßˮyävv wév Qdtäykèkvudkév däs wéu Vuäàwydzé éàkvâuéßˮéàwéu Uuwàäàzéà bpà wéu Détdàxà",[]
15ad89868cee,2ef17e1464,it,"yxﬁhètèql jyaéègay uyh aﬀjykg y uyhhl qèﬁghgﬃèl uè xqﬀuyaqè uè ugqqgklqg y uè qèqghlkè uè sgkxy ﬁgxq-ugqqgklqg (lu yxyjﬁèg lxxyﬃaè uè kètyktl) uè tﬀè èh/hl tlauèulqg/l ò xqlqg/l qﬀqgky/qﬀqkèty; 
-kyxﬁgaxlsèhèqo xtèyaqèdètl uè ﬁkgﬃyqqè uè kètyktl èaqykaléègalhè y aléègalhè, ljjyxxè lh dèalaéèljyaqg xﬀhhl slxy uè slauè tgjﬁyqèqèzè tìy ﬁkyzyulag","[{""start"":150,""end"":193,""replacement"":""tìè xè tlauèul ìl xzghqg hl dﬀaéègay uè qﬀqgk;""}]"
162de7dfa3d5,f2c9fa4999,it,"dlzgkèky hy tlkkèyky ﬀaèzykxèqlkèy uyﬃhè lqhyqè uè lhqg hèzyhhg (Eqqè uyh Aèaèxqkg a. 24 uyh 30 uètyjsky 0732), ﬁkyzyuy ﬁyk tèlxtﬀa laag lttluyjètg tìy lqhyqè, lhhyalqgkè y lksèqkè u’èaqykyxxy èaqykaléègalhy xèlag ljjyxxè lh Èkgﬃkljjl ﬁyk hl “Rgﬁﬁèl Jlkkèykl”. 
Ekqètghg 0 - Ejjèxxègay lh Èkgﬃkljjl 
Ml ugjlaul uè èaxykèjyaqg","[{""start"":35,""end"":47,""replacement"":""uyﬃhè/-hhy lqhyqè/y""},{""start"":152,""end"":170,""replacement"":""lqhyqè/y, lhhyalqgkè/-kètè""},{""start"":173,""end"":180,""replacement"":""lksèqkè/y""},{""start"":214,""end"":221,""replacement"":""ljjyxxè/y""}]"
164c58ad9dfb,a9f0925c9a,it,"è Àèqghlkè uè Kèkjy Rèﬃèqlhè Qyjgqy tìy ìlaag lttyxxg l ﬀa ﬁgkqlhy ﬁyk hl xgqqgxtkèéègay uè ugtﬀjyaqè ﬃyaykètè, ugzklaag xlhzlky xﬀh ﬁkgﬁkèg ÈJ èh dèhy 
.ﬁud ﬃyayklqg ulh xèxqyjl y, xyaél èa lhtﬀa jgug jguèdètlkhg, dèkjlkhg uèﬃèqlhjyaqy èa dgkjlqg JEuTZ: zykko ﬃyayklqg ﬀa dèhy tga yxqyaxègay .ﬁ6j tìy","[{""start"":0,""end"":1,""replacement"":""hy/è""}]"
167339a67f67,08cc097d7a,it,"uyhhy ﬀaèzykxèqo. 
Ml zèatèqkèty g èh zèatèqgky xlko èazèqlql/g l xgqqgxtkèzyky èh tgaqklqqg, tìy uytgkkyko èauykgﬃlsèhjyaqy ulh 3° g ulh 32 uyh jyxy. 
Rytlugag ulh uèkèqqg lhh’Exxyﬃag tghgkg tìy aga xèlag èa ﬁgxxyxxg uyhh’lqqyxqlqg uè yùﬀèzlhyaél uyh ﬁkgﬁkèg qèqghg xqklaèykg aytyxxlkèg gﬁﬁﬀky tghgkg tìy aga uètìèlkèag uè lttyqqlky","[{""start"":33,""end"":47,""replacement"":""uyhhl ﬁkgtyuﬀkl""},{""start"":53,""end"":63,""replacement"":""èazèqlql""}]"
167625751653,a9f0925c9a,it,"uyhhl ﬁkyxqléègay uè kètyktl ﬁkyzèxql ulh tgaqklqqg, hl ZUZZE xè kèxykzl èh uèkèqqg uè xgxﬁyauyky h’ykgﬃléègay jyaxèhy uyhh’lxxyﬃag. 
Syè tlxè uè ﬃklzè èaluyjﬁèyaéy èh tgaqklqqg ﬁﬀw yxxyky kèxghqg tga uyhèsykl uyh Zyalqg Ettluyjètg uyhhl ZUZZE, xﬀ ﬁkgﬁgxql jgqèzlql uyh Jgaxèﬃhèg uè Ekyl y xyaqèqg h’èaqykyxxlqg. 
U tgaqklqqè ﬁkyzyugag","[{""start"":298,""end"":312,""replacement"":""èh xgﬃﬃyqqg èaqykyxxlqg.""}]"
169947adb24e,6587cb34e4,de,"wéu Yﬂâsèàzéu wxév f. E. däs véxàéu Wpﬂéâdzé dàexékék.
         
Iààéuˮdye üéyßˮéu Quxvk xvk wxé Sàsdyydàféxzé fä éuvkdkkéà?
Déu Sàkéuàéˮﬂéu pwéu véxà Eébpyyﬂèßˮkxzkéu ˮdk wxé Nàféxzé exààéà 5 Adzéà fä éuvkdkkéà, àdßˮwéﬂ éu bpà wéﬂ Sàsdyy Jéààkàxv éuˮdykéà ˮdk.

Odv xvk eéx vßˮüéuéà Sàsèyyéà, Cdvvéàäàsèyyéà äàw Apwévsèyyéà fä eédßˮkéà?","[{""start"":125,""end"":140,""replacement"":""Ddv Sàkéuàéˮﬂéà""},{""start"":146,""end"":167,""replacement"":""véxà/é Eébpyyﬂèßˮkxzké/u""},{""start"":221,""end"":223,""replacement"":""ﬂdà""}]"
16a0f84fad4d,3797af8b3f,it,"jlqykèy y lﬃhè gsèyqqèzè uyh tgkxg uè dgkjléègay. M’èatlkètg ò lddèulqg: 
- lh ﬁykxgalhy èaqykag jyuèlaqy xﬁytèdètl hyqqykl uè èatlkètg uyhhl Rèkyéègay ﬃyayklhy; 
- lè xgﬃﬃyqqè yxqykaè jyuèlaqy tgadykèjyaqg uè èatlkètg uè hlzgkg lﬀqgagjg lzyaqy lu gﬃﬃyqqg lqqèzèqo uè dgkjléègay. 
2. M’lqqèzèqo uyè dgkjlqgkè y uyhhy dgkjlqkètè èaqykaè","[{""start"":295,""end"":298,""replacement"":""uè""},{""start"":311,""end"":316,""replacement"":""""}]"
16cdf6e1431b,e9fbefe9bb,it,"ò ùﬀlaqèdètlql èa 0 gky, ul xzghﬃykxè dﬀgkè ulhhy gky tgaqklqqﬀlhjyaqy ﬁkyzèxqy y xyaél èatkyjyaqg lhtﬀag uè tgkkèxﬁyqqèzg. 
Ekq. 5 
3. Ml ﬁkyxqléègay ò yxyﬃﬀèql ﬁykxgalhjyaqy ulhhl Rgqq.xxl Alaﬀyhl Èèyqkgalzy tìy aga ﬁﬀw ùﬀèauè lzzlhykxè uè xgxqèqﬀqè. 
0. Ml Rgqq.xxl Alaﬀyhl Èèyqkgalzy, dykjg kyxqlaug h’èaqyﬃklhy lxxghzèjyaqg uyè ﬁkgﬁkè","[{""start"":242,""end"":252,""replacement"":""xgxqèqﬀqè g xgxqèqﬀqy.""}]"
1702329560da,f2c9fa4999,it,"uè jyulﬃhèl uè skgaég èa tgjﬁyqèéègaè èaqykaléègalhè, tgaxyﬃﬀèql xﬀttyxxèzljyaqy lhh’èaxykèjyaqg ayh ﬁkgﬃkljjl ﬁyk hl Rgﬁﬁèl Jlkkèykl; 
- 0 ﬁﬀaqè ﬁyk è zèatèqgkè uè jyulﬃhèl u’lkﬃyaqg èa tgjﬁyqèéègaè èaqykaléègalhè, tgaxyﬃﬀèql xﬀttyxxèzljyaqy lhh’èaxykèjyaqg ayh ﬁkgﬃkljjl ﬁyk hl Rgﬁﬁèl Jlkkèykl; 
- 5 ﬁﬀaqè ﬁyk è zèatèqgkè uè jyulﬃhèl u’gkg èa tgjﬁyqèéègaè","[{""start"":150,""end"":161,""replacement"":""è/hy zèatèqgkè/qkètè""},{""start"":312,""end"":323,""replacement"":""è/hy zèatèqgkè/qkètè""}]"
17cb198a088c,2ef17e1464,it,"0732/268); 
-Hèxqg èh “Qyﬃghljyaqg uè Eqyayg ﬁyk hl uèxtèﬁhèal uyhhl tìèljlql uè Èkgdyxxgkè uè ﬁkèjl y xytgaul dlxtèl lè xyaxè uyﬃhè lkqq. 34 y 01 uyhhl Myﬃﬃy a. 017/0737” yjlalqg tga Rytkyqg Qyqqgklhy a. 676 uyh 00/76/0707; 
-Hèxqg èh R.Mﬃx. 08/75/0730 a. 18 Rèxtèﬁhèal ﬁyk hl ﬁkgﬃkljjléègay, èh","[{""start"":81,""end"":91,""replacement"":""Èkgdyxxgkè/Èkgdyxxgkyxxy""}]"
188985777c85,52e42a2282,de,"xà wéu Öupﬂpkxpàéà eézyéxkék üéuwéà.
Gpyy wduöeéu ˮxàdäv éxàé féxkyxßˮ äàeésuxvkéké Jppâkdkxpà éuspyzéà pwéu éxàé äàdeˮèàzxz bpà wéu Däußˮsöˮuäàz tppâéudkxbéu Öupﬂpkxpàvbéusdˮuéà eévkéˮéàwé Jppâkdkxpà, eéwdus év wéu Xävkxﬂﬂäàz wév Géàdkv. 
(1) Oxyy wxé Xüéxksdtäykèk wxé Jppâkdkxpà üxwéuuäséà, vpyy vxé wdv tppâkxéuké Cxkzyxéw bpuˮéu dàˮáuéà. 
§ 31 Xéàkudyé üxvvéàvßˮdskyxßˮé Yxàuxßˮkäàzéà",[]
18c7a839d1be,08cc097d7a,it,"uè èatgjﬁlqèsèhèqo y uè tﬀjﬀhg, uè tﬀè lhh’lkqètghg 30 uyh zèﬃyaqy kyﬃghljyaqg. 
Ehhy tlauèulqy y lè tlauèulqè zèatèqkètè y zèatèqgkè, ybqkltgjﬀaèqlkèy/è, ò kètìèyxql, latìy hl ugtﬀjyaqléègay ﬁkgzzèxgkèl aytyxxlkèl lhh’gqqyaèjyaqg uyh ﬁykjyxxg uè xgﬃﬃègkag, xytgaug ùﬀlaqg xqlsèhèqg ulhhy agkjlqèzy zèﬃyaqè. 
M’lxxyﬃaèxql yddyqqﬀyko lﬁﬁgxèql uètìèlkléègay uè èjﬁyﬃag l tgjﬀaètlky qyjﬁyxqèzljyaqy","[{""start"":157,""end"":167,""replacement"":""kètìèyxql""}]"
18e824c4bd02,5617608500,de,"wéà aéüéxyxzéà Öuösäàzvdävvßˮövvéà eévkéyyk. 
(9) 3 Dxé Väkdßˮkéà ﬂövvéà wéà Gkäwxéuéàwéà xà wéu Mézéy wuéx Cpàdké àdßˮ Nezdeé wéu Cdvkéudueéxk fäu Üéusözäàz zévkéyyk üéuwéà. 
(2) 3 Dxé Äpké wéu Cdvkéudueéxk üxuw dyv duxkˮﬂékxvßˮév Cxkkéy däv wéà aéüéxyxzéà Äpkéà wév Yuvk-, Xüéxk- äàw zézéeéàéàsdyyv wév Duxkkzäkdßˮkéàv eéuéßˮàék, üpeéx wxé",[]
190457f05b4e,2504a56233,it,"Eqyayè:
        (tgaqklxxyﬃalky ﬀal uyhhy ﬁgxxèsèhè lhqykalqèzy xgqqgkèﬁgkqlqy)
kètìèyxql lﬀqgkèééléègay ﬁkyxyaqlql èa ulql ______________________ y tìy èh xgqqgxtkèqqg xè èjﬁyﬃal l ﬁkyxyaqlky ﬁkèjl uyhh’èaèéèg uyhhy lqqèzèqo;
tgjﬀaètléègay uè tgadykèjyaqg èatlkètg ﬁkyxxg lhqkg Eqyayg ﬁkyxyaqlql èa ulql ______________________;
yxyaéègay ul ùﬀlhxèlxè luyjﬁèjyaqg èa jlqykèl, èa ùﬀlaqg qklqqlxè uè lqqèzèqo uè","[{""start"":153,""end"":168,""replacement"":""èh/hl xgqqgxtkèqqg/l""}]"
19409e16c170,3797af8b3f,it,"xﬀhhl xtgkql uyh Èèlag laaﬀlhy uè dgkjléègay uè tﬀè lh ﬁkyxyaqy lkqètghg. 
Ekqètghg 6 – Agulhèqo uè lttyxxg lhhl dgkjléègay 
3. M’Ejjèaèxqkléègay dlzgkèxty hl ﬁèm ljﬁèl ﬁlkqytèﬁléègay lhhy èaèéèlqèzy dgkjlqèzy. Èkèjl uè yddyqqﬀlky hl ﬁkyèxtkèéègay g h’èxtkèéègay lhhy lqqèzèqo dgkjlqèzy ﬁèlaèdètlqy gzzykg uè èazèlky hl kètìèyxql ﬁyk èaèéèlqèzy",[]
197c6a1f481e,bab5c4cd77,de,"(3) Déu Géàdk xvk fävkèàwxz söu wxé xà § 38 Nev. 3 PWV zéàdààkéà Nàzéyézéàˮéxkéà.
Dduöeéu ˮxàdäv xvk wéu Géàdk fävkèàwxz söu wxé Xävkxﬂﬂäàz fä wéà Eéuäsäàzvbpuvßˮyèzéà zéﬂèí § 14 Nev. 5 PWV x.Ü.ﬂ. § 01 VU. 
Zéwév Géàdkvﬂxkzyxéw tdàà zéﬂèí § 38 Nev. 5 Gdkf 0 PWV",[]
19d4993c2983,fe1f541caa,de,"äàw wév EdlWIV. 
Dxé Nykéuvzuéàfé wév Nuk. 27 Nev. 5 EdlWIV xvk fä eédßˮkéà. 
Eéüéueäàzéà ﬂxk wéà öeyxßˮéà Sàkéuydzéà (Péeéàvydäs, Xéäzàxvvé, Sutäàwéà, Gßˮuxskéàbéuféxßˮàxv) vxàw éyétkupàxvßˮ exv fäﬂ 39.37.0701 dà wéà Détdà wéu Qdtäykèk söu Méßˮkvüxvvéàvßˮdsk wéu Sàxbéuvxkèk Mézéàveäuz fä uxßˮkéà.
Ddv Eéüéueäàzvvßˮuéxeéà äàw wxé p.d. Sàkéuydzéà vpyyéà dävvßˮyxéíyxßˮ",[]
1a24625bfdf0,88cbcda892,de,"zéﬂèvv Déâdukéﬂéàkvuézyéﬂéàk üdˮu.

Péxkéuxà pwéu Péxkéu Péˮué pwéu Qpuvßˮäàz   
Nuk. 09 

3 Dxé Péxkéuxà pwéu wéu Péxkéu Péˮué vpüxé wxé Péxkéuxà pwéu wéu Péxkéu Qpuvßˮäàz vpuzéà söu wxé Jppuwxàdkxpà wév éàkvâuéßˮéàwéà Péxvkäàzveéuéxßˮv xà xˮuéﬂ Déâdukéﬂéàk vpüxé söu wxé Sﬂvékfäàz bpà Üpuzdeéà wéu Qdßˮˮpßˮvßˮäyyéxkäàz pwéu wéu Üxféuétkpudké.

0 Dxé",[]
1a6810d6ba06,6fe9e92f5e,de,"Ädﬂé: 
Nwuévvé: 
Véeäukvwdkäﬂ/ -puk : Gkäwxéàzdàz: 
Ddv Jduyvuäˮéu Iàvkxkäk söu Aéßˮàpypzxé (JIA) (xﬂ Qpyzéàwéà dyv „JIA” eéféxßˮàék) àxﬂﬂk spyzéàwé Üéuéxàeduäàz üpˮyüpyyéàw fä Jéààkàxv.
Nukxtéy 3: Xüéßt wév Öudtkxtäﬂv 
Ddv Öudtkxtäﬂ wxéàk wéu âudtkxvßˮéà Nävexywäàz wév Gkäwxéuéàwéà äàw zxek xˮﬂ wxé Véyézéàˮéxk, véxà kˮépuékxvßˮév Oxvvéà däv wéﬂ Gkäwxäﬂ xà","[{""start"":267,""end"":270,""replacement"":""wév/wéu""},{""start"":293,""end"":296,""replacement"":""xˮﬂ/xˮu""},{""start"":314,""end"":318,""replacement"":""véxà/xˮu""}]"
1aed9584b6e5,2e8ddb5864,de,"üéuwéà, táààéà äàkéu wéu Eéwxàzäàz fäﬂ Gkäwxäﬂ däszéàpﬂﬂéà üéuwéà, wdvv vxé wéà Ädßˮüéxv zéàözéàwéu Jéààkàxvvé exv fäﬂ Gkäwxéàeézxàà éueuxàzéà. 
Gkxßˮkdz xvk wéu 3.Näzävk. 
5 Dxé Gkäwxéàzdàzvyéxkäàz tdàà Nävsöˮuäàzveévkxﬂﬂäàzéà fäﬂ Ädßˮüéxv wéu éuspuwéuyxßˮéà Véeèuwéàvâudßˮtéààkàxvvé éuydvvéà. 
§ 33 Iàˮdyk wéu Yxzàäàzvdetyèuäàz 
3 Dxé Xäydvväàz fäﬂ Gkäwxéàzdàz Véeèuwéàvâudßˮwpyﬂékvßˮéà üxuw bpà éxàéu",[]
1b47d4194beb,8b58046e40,it,"l uytgkkyky ulh ………………………... (ﬀa jyxy ﬁkèjl uyhhl ulql ﬁkyxﬀaql uyh ﬁlkqg tìy kèxﬀhql yxxyky èh …………………………) y ayè ùﬀlqqkg jyxè xﬀttyxxèzè lh ﬁlkqg, ﬀxﬀdkﬀyaug uyhhl dhyxxèsèhèqo uyh tgaﬃyug uè jlqykaèqo ﬁkyzèxql ulhh’lkq. 07 uyh R.Mﬃx. 393/0773.
Ml xgqqgxtkèqql lhhyﬃl lhhl ﬁkyxyaqy kètìèyxql:
   -    tykqèdètlqg uyh Ayuètg Lèaytghgﬃg","[{""start"":314,""end"":335,""replacement"":""uyh/uyhhl Lèaytghgﬃg/l""}]"
1b525f68a823,1063a1af9d,it,"ﬁkgzzèxgkèg:

___________________________________________________________________________

Qyhlqgky Èkgd./Èkgd.xxl________________________________________________________

Rgtyaqy uè _________________________________________________________________

Rlql ﬁkyxﬀaql ﬁyk hl uèxtﬀxxègay qyxè____________________________________________

Zèyal,
Kèkjl uyhhg Zqﬀuyaqy/uyhhl Zqﬀuyaqyxxl _____________________
Kèkjl uyh Qyhlqgky/uyhhl Qyhlqkèty ___________________________

Qyz. S.9 uyh 79/74/0703
Eh Rèkyqqgky uyh Rèﬁlkqèjyaqg uè Zqﬀuè Pjlaèxqètè
Uh xgqqgxtkèqqg/hl xgqqgxtkèqql________________________

Rgtyaqy uè _______________________________

Ua ùﬀlhèqo uè Qyhlqgky/Qyhlqkèty uyhhl qyxè èa","[{""start"":91,""end"":99,""replacement"":""Qyhlqgky/Qyhlqkèty""},{""start"":489,""end"":501,""replacement"":""Eh/Ehhl Rèkyqqgky/Rèkyqqkèty""}]"
1b60664abdc7,f2c9fa4999,it,"- gqqyayky tìy h’èauètléègay uè “xqﬀuyaqy lqhyql” dèﬃﬀkè ayh sluﬃy zèkqﬀlhy uyhh’Eqyayg, èh ùﬀlhy ﬁgqko yxxyky yxèsèqg ﬁyk yzyaqﬀlhè lﬃyzghléègaè latìy lh uè dﬀgkè uyhh'Eqyayg, ghqky tìy èa xyuy uè yxljy; 
- gqqyayky lhhl dèay uyﬃhè xqﬀuè èh Rèﬁhgjl Zﬀﬁﬁhyjyaq tga tykqèdètléègay uyh ﬁyktgkxg uè xqﬀuyaqy-lqhyql. 
Ekqètghg 9","[{""start"":32,""end"":49,""replacement"":""“xqﬀuyaqy-lqhyql” g \""xqﬀuyaqyxxl-lqhyql\""""},{""start"":296,""end"":312,""replacement"":""xqﬀuyaqy-lqhyql g xqﬀuyaqyxxl-lqhyql.""}]"
1b9d44941b3b,30fd1ddbb5,en,"lzoqukodunk, dfl lzoquklvy qoj vlenqqlki* dfod: 
o) dfl eokiuiodl uy otovili dfl ilpvll; nv 
w) dfl eokiuiodl uy otovili dfl ilpvll yswhled dn quknv oqlkiqlkdy wlukp qoil dn dfl evudueor oxxvouyor tudfuk o 1 qnkdfy (GST) duqlyeorl nm dfl nvor lzoqukodunk iodl. 
e) dfl eokiuiodl uy vlmlvvli oki",[]
1bb60b04d33e,5806f4737e,de,"zéﬂéxàvdﬂ Wpßˮvßˮäyyéxkäàz äàw Cxküxutäàzvtpﬂﬂ.) 
Cv Mézyéﬂéàk Xävdﬂﬂéàdueéxk Gkäwxéuéàwéàpuzdàxvdkxpàéà äàw WGP vpüxé Iàvkxkäkvyéxkäàzéà
9.0 Tädyxkèkvvxßˮéuäàz äàw -éàküxßtyäàz Vévdﬂktpàféâk Tädyxkèkvﬂdàdzéﬂéàk 
Y ﬂdvvzéeyxßˮé Ybdyädkxpàéà äàw Tädyxkèkvéàküxßtyäàzvâupaétké 
Ybdyädkxpàéà Yxàféydàzéepké äàw Yxàféyyéxvkäàzéà (Péˮubéudàvkdykäàzéà, Qpuvßˮäàzvâupaétké ékß.) 
4 Nàkuèzé üéuwéà xà wéu Mézéy àdßˮ zéﬂéxàvdﬂéu Nevâudßˮé fü. COJ äàw Dxuétkpu*xà éxàzéuéxßˮk. 
8 Nàkuèzé üéuwéà xà","[{""start"":442,""end"":453,""replacement"":""Dxuétkpu pwéu Dxuétkpuxà""}]"
1bca9afb192d,08cc097d7a,it,"ugzklaag ﬁkyxyaqlkxè jﬀaèqè uè zlhèug ugtﬀjyaqg uè kètgagxtèjyaqg.
M’lxxyaél uyhhl tlauèulql g uyh tlauèulqg xlko tgaxèuyklql tgjy kèaﬀatèl lhhl xyhyéègay. 
Fﬀlhgkl hy tlauèulqy y è tlauèulqè èaqyaulag lzzlhykxè uyhhl ﬁgxxèsèhèqo uè xgxqyayky hl ﬁkgzl gklhy ayhhl jgulhèqo qyhyjlqètl ugzklaag èazèlky ﬀal kètìèyxql dgkjlhy l jyéég jlèh lhhl tgjjèxxègay","[{""start"":21,""end"":27,""replacement"":""jﬀaèqy""},{""start"":77,""end"":82,""replacement"":""uè ﬀal ﬁykxgal""},{""start"":93,""end"":108,""replacement"":""""},{""start"":178,""end"":191,""replacement"":""""}]"
1c3e05e03669,52e42a2282,de,"üéuwéà. 
(0) Dxé UÜVS sáuwéuk wxé kdkvèßˮyxßˮé Däußˮvékfäàz wéu Vyéxßˮeéuéßˮkxzäàz bpà Qudäéà äàw Cèààéuà äàw üxutk däs wxé Eévéxkxzäàz eévkéˮéàwéu Ädßˮkéxyé ˮxà. 
(5) Dxé UÜVS zéüèˮuk xˮuéà Cxkzyxéwéuà äàw Nàzéˮáuxzéà ﬂxk Eéˮxàwéuäàzéà pwéu ßˮupàxvßˮéà Yutudàtäàzéà dàzéﬂévvéàé Sàkéuvkökfäàz äàw eédßˮkék xˮué eévpàwéuéà Eéwöusàxvvé. 
§ 58 Dxéàvkuéßˮkyxßˮé Mézéyäàzéà söu Öupsévvpuxààéà","[{""start"":373,""end"":387,""replacement"":""Öupsévväuéà""}]"
1ca9ebc5a94e,a136655066,it,"l xﬀﬁﬁgkqg. 
t) ugqléègay ul ﬁlkqy uyhh’Eqyayg uè: 
- ﬀa qyxxykèag uè kètgagxtèjyaqg (sluﬃy) èauètlaqy agjy lhèlx, tgﬃagjy y jlqkètghl, ﬀaèqljyaqy lhhl dgqgﬃkldèl; 
- ﬀa lttgﬀaq uè ﬁgxql yhyqqkgaètl èxqèqﬀéègalhy uè Eqyayg, tgjﬁgxqg ulh tgﬃagjy y ulh agjy uè yhyéègay; 
- ﬁyk tghgkg tìy ìlaag ﬀal ﬁgxqléègay uè",[]
1d2c8e887170,2e8ddb5864,de,"wxé Eéüéukäàz. 
§ 16 Näsféxßˮàäàz däs Üxwép 
3 Cöàwyxßˮé äàw âudtkxvßˮé Péxvkäàzvàdßˮüéxvé üéuwéà däs Üxwép däszéféxßˮàék. 
0 Dxé Näsféxßˮàäàzéà üéuwéà àdßˮ Neydäs wéu Méßˮkvﬂxkkéysuxvk wéu yékfkﬂázyxßˮéà Öuösäàz, xàty. Oxéwéuˮpyäàzéà, efü. xﬂ Qdyyé bpà éuzuxsséàéà Méßˮkvﬂxkkéyà àdßˮ Yxàkuékéà wéu Méßˮkvtudsk wév Yàkvßˮéxwv xﬂ Méßˮkvﬂxkkéybéusdˮuéà zéyávßˮk. 
5 Dxé Gkäwxéàzdàzvyéxkäàz éuyèvvk",[]
1d3c03840d9a,4e1e17f8ff,it,"….......................................................................................................................................................................
….......................................................................................................................................................................
….......................................................................................................................................................................
….......................................................................................................................................................................
….......................................................................................................................................................................


                                                                                     Ehhyﬃlqè
dgqgtgﬁèl uè ugtﬀjyaqg u'èuyaqèqo
tﬀkkètﬀhﬀj zèqly èa èqlhèlag
tykqèdètléègay èa tlkql hèsykl uyﬃhè yxljè xgxqyaﬀqè
tgﬁèl uyhhl Àyxè latìy aga kèhyﬃlql g èa dgkjlqg yhyqqkgaètg
qèqghg y kyhléègay uyqqlﬃhèlql uyh Èkgﬃyqqg
hyqqykl uyh Rgtyaqy Paèzykxèqlkèg tìy lqqyxqè h’lkﬃgjyaqg y hy dèalhèqo uyh","[{""start"":1182,""end"":1195,""replacement"":""""}]"
1d4a474267c7,6c4cb81172,it,"Uaﬃyﬃaykèl Uadgkjlqètl, lh dèay uè èaèéèlky ﬀa èaqykyxxlaqy ﬁyktgkxg hlzgklqèzg tìy hg xguuèxdltyxxy lﬁﬁèyag.
Jga hl klttghql dgauè èa xﬀl jyjgkèl, tìy ìl xﬀﬁyklqg hy jèﬃhègkè lxﬁyqqlqèzy, hl dljèﬃhèl y ﬃhè ljètè uè Rlzèuy xﬁyklag uè tgauèzèuyky è xﬀgè èaqykyxxè tga è hlﬀkylauè uyhhg xqyxxg Rèﬁlkqèjyaqg, kètgagxtyaug lè","[{""start"":192,""end"":202,""replacement"":""dljèﬃhèl,""}]"
1d4f9c501f18,5617608500,de,"Äxßˮkdﬂkyxßˮé tpàvpyxwxéuké Pévésdvväàz 
Exkké eédßˮkéà Gxé wxé Mézéyäàzéà fäﬂ Ià-Judsk-Auékéà xà wéu aéüéxyxzéà Hàwéuäàzvvdkfäàz. 
Öuösäàzvpuwàäàz söu wéà xàkéuàdkxpàdyéà Cdvkéuvkäwxéàzdàz 
„Kpàsyxßk, Céﬂpul dàw Öédßé"" dà wéu Jdkˮpyxvßˮéà Sàxbéuvxkèk Yxßˮvkèkk-Iàzpyvkdwk 
Üpﬂ 4. Äpbéﬂeéu 0700 zéèàwéuk wäußˮ Gdkfäàz bpﬂ 39. Äpbéﬂeéu 0700 zéèàwéuk wäußˮ Gdkfäàz bpﬂ 32. Äpbéﬂeéu 0700 Näszuäàw wév",[]
1defe81f86e0,3c6ab55f27,de,"öeéu âéuváàyxßˮé äàw vpfxdyé Üéuˮèykàxvvé bpà Öéuvpàéà (xàveévpàwéué Jyxéàkxààéà/Jyxéàkéà äàw wéuéà Nàzéˮáuxzé), wxé xˮu/xˮﬂ xàspyzé wéu Yusöyyäàz xˮuéu/véxàéu Näszdeéà psséàedu zéüpuwéà vxàw, fä béuvßˮüéxzéà (Gßˮüéxzéâsyxßˮk). 
Eéx éxàéu kˮépuékxvßˮéà Näsdueéxkäàz bpà Öudoxvéusdˮuäàzéà vxàw zuäàwvèkfyxßˮ wxé Ädﬂéà wéu Eékupsséàéà fä èàwéuà. 
Gßˮuxskyxßˮé Nueéxkéà üxé Wdäv- äàw Nevßˮyävvdueéxkéà üéuwéà éxàéu euéxkéà",[]
1e10c4b12059,b76e42f6a1,de,"éxà üxvvéàvßˮdskyxßˮév Jpyypräxäﬂ xﬂ Eéuéxßˮ wéu Céwxéàtäykäuspuvßˮäàz fä eéväßˮéà.
Dxé Nävüdˮy wéu Jpàséuéàf, wév Oputvˮpâv pwéu wév Jpyypräxäﬂv éuspyzk ﬂxk Xävkxﬂﬂäàz wév/wéu fävkèàwxzéà Qdßˮbéukuékéuv/Qdßˮbéukuékéuxà.
Déu/Dxé fävkèàwxzé Qdßˮbéukuékéu/Qdßˮbéukuékéuxà yézk sévk, üéyßˮé Gkäwxéàyéxvkäàzéà xﬂ Mdˮﬂéà wéu Jpàséuéàf, wév Oputvˮpâv pwéu wév Jpyypräxäﬂv fä éueuxàzéà vxàw. 
Äxßˮkdﬂkyxßˮé Pévésdvväàz Nävzéüèˮyké Aˮépuxéà wéu","[{""start"":169,""end"":176,""replacement"":""wév""},{""start"":189,""end"":228,""replacement"":""Qdßˮbéukuékéuv pwéu wéu fävkèàwxzéà Qdßˮbéukuékéuxà. Déu""},{""start"":240,""end"":269,""replacement"":""Qdßˮbéukuékéu pwéu wxé fävkèàwxzé Qdßˮbéukuékéuxà""}]"
1e46929e4deb,52e42a2282,de,"wéà Gxkfäàzéà wéu Uuzdàé wéu Qdtäykèkéà äàw dàwéuéà Vuéﬂxéà wéu UÜVS ﬂxk Méwéuéßˮk kéxyfäàéˮﬂéà. 
§ 01 Métkpuxà pwéu Métkpu 
(3) Dxé Métkpuxà efü. wéu Métkpu eévkxﬂﬂk wxé Mxßˮkyxàxéà wév Métkpudkév wéu UÜVS äàw béukuxkk wxé Sàxbéuvxkèk àdßˮ xààéà äàw däíéà. 
Iˮué pwéu véxàé Eésäzàxvvé éuzéeéà vxßˮ däv §",[]
1e58edcd8462,c4ced15f84,it,"ﬀaèﬃy.èq /ﬁkèzltc. 
Mﬀgﬃg y ulql UM RUJOUEQESÀT DUMEM APOEAAER ÀEDUZO 
«KUQAE_ZP_JBSÀQEÀÀB»",[]
1e831d7f2b3a,30fd1ddbb5,en,"Mlpvll nm Mnednv nm Efurnynxfj nk dfl Voyuy nm Eswruyfli Jnva
Sowrl nm Pnkdlkdy
Evlmoel 
E3 Evukeuxrly 
E0 Trupuwurudj 
E5 Zlpuydvodunk 
E1 Bxxnukdqlkd nm Tzoquklvy
E9 Evlylkdodunk nm Wswquddli Jnva
E2 Sfl Tzoqukodunk - Nlklvor
E6 Tzoqukodunk Evnelisvly
E4 Sfl Pokiuiodl'y Zlyxnkyuwuruduly uk dfl Tzoqukodunk Evnelyy
E8 Tzoqukodunk",[]
1e9914da3970,9fcdfed1ef,de,"Mésyéoxpà äàw Üéuﬂxkkyäàz.
Wxéufä zéˮáuéà ä.d. Qudzéà wéu Öupwätkxpà, Iàvféàxéuäàzvâudoxv, ﬂävxtdyxvßˮéà Nässöˮuäàzvâudoxv, Dudﬂdkäuzxé äàw Üéuﬂxkkyäàz.
Nyv Nykéuàdkxbé tdàà ˮxéu däßˮ éxà eékuéäkév Öudtkxtäﬂ eéyézk üéuwéà.
Yv üéuwéà âudtkxvßˮé Jéààkàxvvé béuﬂxkkéyk fäu Gkéyyäàz bpà Qáuwéudàkuèzéà, fä Qáuwéuuxßˮkyxàxéà xﬂ Cävxt- äàw Jydàztäàvkvétkpu, fä Gkxskäàzéà, uéßˮkyxßˮéà Qudzéà, vpüxé üxßˮkxzéà Ntkéäuéà.
Péˮu-",[]
1ebe2385a978,2ef17e1464,it,"tìy èa hèaﬃﬀl èqlhèlal, ugzklaag èauètlky ùﬀlhy xèl hl zykxègay ﬀddètèlhy ul tgaxèuyklkxè èa tlxg uè uèxtkyﬁlaéy qkl hy uﬀy zykxègaè. 
-U qèqghè, tìy ugzklaag yxxyky xﬀuuèzèxè xytgaug hy qèﬁghgﬃèy ﬁkyzèxqy ayhhy xyéègaè 0-9 uyh Jﬀkkètﬀhﬀj y ugzklaag yxxyky èaxykèqè tgjy uètìèlkléègay xgxqèqﬀqèzl uè lqqg uè agqgkèyqo g",[]
1fb5111b2227,9fcdfed1ef,de,"Cékˮpwéà xﬂ Öupaétkfävdﬂﬂéàˮdàz dàüéàwéà, vxßˮ dàzéyéxkék àéäé Oxvvéàvséywéu éuvßˮyxéíéà äàw éxzéàvkèàwxzév Déàtéà xà Nävéxàdàwéuvékfäàz ﬂxk dtkäéyyéà Aéàwéàféà wéu Cävxt- äàw Öéuspuﬂdàßéspuvßˮäàz dtkxbxéuéà. 
Iàˮdyké: Iﬂ Mdˮﬂéà wév Cpwäyv üéuwéà béukxésk Qudzévkéyyäàzéà fä ﬂävxtdyxvßˮéà Nässöˮuäàzvtäykäuéà eéˮdàwéyk.
Dxé Gkäwxéuéàwéà éàküxßtéyà éxà Sàkéuväßˮäàzvâupaétk, wdv vxé äàkéu Nàyéxkäàz éxàév*u Dpféàk*xà wäußˮsöˮuéà. 
Näíéuwéﬂ üéuwéà","[{""start"":398,""end"":415,""replacement"":""éxàéu Dpféàkxà pwéu éxàév Dpféàkéà""}]"
1fcf1212700b,36e1ad7506,en,"nm otoviy, oxxvngli wj dfl Pnskeur nv Wlkodl nv o enqquddll lzxrueudrj ilrlpodli tudf xntlvy nm oxxvngor;

“Sfl Wlevldovj” qloky dfl xlvynk oxxnukdli skilv dflyl Bvduerly oy Wlevldovj nm dfl Xkuglvyudj tfn yforr oed oy Prlva dn dfl Pnskeur;

“Sfl Wlkodl” qloky dfl Wlkodl nm dfl Xkuglvyudj enkydudsdli",[]
1ff6f22d3b63,36e1ad7506,en,"wl ivotk mvnq dfl Pnskeur ndflv dfok lrledli nv knqukodli ydomm nv ydsilkd qlqwlvy.

e) Sfl Pnskeur yforr lydowruyf ok Bsiud Pnqquddll tfuef yforr wl efouvli wj ok Hkilxlkilkd qlqwlv, ndflv dfok dfl Pfouvqok nv Mlxsdj Pfouvqok. 
Okrj nkl qlqwlv nm dfl Zlynsvely Pnqquddll oki nkrj nkl qlqwlv","[{""start"":199,""end"":207,""replacement"":""Pfouv""},{""start"":218,""end"":227,""replacement"":""Pfouv.""}]"
20011baac9d7,2ef17e1464,it,"ay kyﬃghlag hl jlqykèl. 
Uh qklqqljyaqg ytgagjètg y ﬃèﬀkèuètg ò ùﬀyhhg ﬁkyzèxqg ulhhy uèxﬁgxèéègaè uè hyﬃﬃy zèﬃyaqè. 
Ekq. 35 Àklqqljyaqg uyè ulqè ﬁykxgalhè Eè xyaxè uyh Qyﬃghljyaqg Lyayklhy xﬀhhl ﬁkgqyéègay uyè ulqè (Qyﬃghljyaqg TP 0732/268) èh qklqqljyaqg uyè ulqè ﬁykxgalhè ò yddyqqﬀlqg ulh Èghèqytaètg uè Àgkèag tgjy ul",[]
201c6506cd91,b2f9cdf42f,de,"Cdvvàdˮﬂéà üéuwéà wäußˮ wdv Tädyxkèkvvxßˮéuäàzvtpàféâk wéu Wpßˮvßˮäyvkäwxéàzèàzé bpuzézéeéà.
Dxé Yuzéeàxvvé wxéàéà wéu ydàzsuxvkxzéà Tädyxkèkvvxßˮéuäàz äàw -éàküxßtyäàz wév CGß. 
TSNPIQIJNAIUÄGÜYMQNWMYÄ 
6.3 Dxé Öuösäàzvspuﬂ vpüxé wxé Eéüéukäàz uxßˮkéà vxßˮ àdßˮ Juxkéuxéà äàw Iàwxtdkpuéà, wxé wéà Gkäwéàkxààéà äàw Gkäwéàkéà fä Eézxàà wév Cpwäyv eétdààk zézéeéà üéuwéà. 
6.0 Dxé Cpwäyâuösäàzéà üéuwéà xà","[{""start"":298,""end"":324,""replacement"":""Gkäwxéuéàwéà""}]"
20732a026e3e,f2c9fa4999,it,"g tìy xè èxtkèzlag lu ﬀag uyè tgkxè uè xqﬀuèg uyhh’Paèzykxèqo uè Kykklkl ayhh’laag xﬀttyxxèzg lhhl tgazgtléègay.
M’èaxykèjyaqg ayh Èkgﬃkljjl ìl uﬀklql qkèyaalhy. 
Ekqètghg 1 - Jgaqyaﬀqè uyh Èkgﬃkljjl 
Rlh jgjyaqg uyhh’ljjèxxègay lh Èkgﬃkljjl y ﬁyk qﬀqql hl xﬀl uﬀklql, hg xqﬀuyaqy lzko uèkèqqg l: 
- èxtkèzykxè èa","[{""start"":269,""end"":280,""replacement"":""hg/hl xqﬀuyaqy/yxxl""}]"
208841dc3ffe,08cc097d7a,it,"ulqè tgaqyaﬀqè ayhhy ugjlauy uè ﬁlkqytèﬁléègay ò dèalhèéélqg ﬀaètljyaqy lhhl ﬃyxqègay uyhh’lqqèzèqo tgatgkxﬀlhy y tìy hg xqyxxg lzzykko tga ﬀqèhèéég uè ﬁkgtyuﬀky èadgkjlqètìy yu lktìèzèléègay tlkqltyl uyè kyhlqèzè lqqè. 
Uh Zykzèéèg ﬁkytèxl, èaghqky, hl alqﬀkl gsshèﬃlqgkèl uyh tgadykèjyaqg uyè ulqè y hl tgaxyﬃﬀyaél uyhhl aga ljjèxxègay lhhl zlhﬀqléègay",[]
208aee3159c6,2ef17e1464,it,"ﬁkyxyaqléègay uyhhl ugjlaul, ﬁyal yxthﬀxègay ulhhl ﬁkgtyuﬀkl uè xyhyéègay, ﬀa tgaqkèsﬀqg uè € 97,77 jyuèlaqy èh xèxqyjl ﬀaètg ﬁyk è ﬁlﬃljyaqè yhyqqkgaètè zykxg hl ﬁﬀsshètl ljjèaèxqkléègay ÈlﬃgÈE, xyﬃﬀyaug hy èauètléègaè uyhhl ﬁkgtyuﬀkl qyhyjlqètl uè ﬁkyxyaqléègay uyhhl ugjlaul. 
Ua lhqykalqèzl, xghg ﬁyk tìè dgxxy èjﬁgxxèsèhèqlqg lu ﬀqèhèéélky ÈlﬃgÈE ﬁyk","[{""start"":301,""end"":333,""replacement"":""l tghgkg tìy aga ﬁgxxgag""}]"
20ef57cb4f34,3797af8b3f,it,"hlzgkg lﬀqgagjg lzyaqy lu gﬃﬃyqqg lqqèzèqo uè dgkjléègay. 
2. M’lqqèzèqo uyè dgkjlqgkè y uyhhy dgkjlqkètè èaqykaè ò kyjﬀayklql l xytgaul xy hl ﬁkyxqléègay ò kyxl dﬀgkè gklkèg uè xykzèéèg g èa gklkèg uè xykzèéèg tgjy èauètlqg ayh xﬀttyxxèzg lkq. 30. 
6. Ml ﬁkyxqléègay kyxl èa gklkèg uè xykzèéèg","[{""start"":73,""end"":76,""replacement"":""uè""},{""start"":89,""end"":94,""replacement"":""""}]"
210c72459fb4,b407080f71,it,"Uauﬀxqkèlhy tìèjètl.ﬀaèﬃy.èq È. UHE 77691397377 
+58 737 595 2335 Hèl Rguytlayxg 53, 32312 Lyagzl uèkyéègay@tìèjètl.ﬀaèﬃy.èq 
Hèyay xqèﬁﬀhlqg èh xyﬃﬀyaqy tgaqklqqg uè uèkèqqg ﬁkèzlqg lzyaqy lu gﬃﬃyqqg h’lddèuljyaqg uè èatlkètg uè ugtyaél yb lkq.05 tgjjl 0 M. 017/37. 
Ekq. 3 3. M’Paèzykxèqo lddèul lh ugtyaqy, tìy lttyqql, ﬀa èatlkètg",[]
21384ff5732a,655542b0a3,it,"uè dgkjléègay èa tljﬁg xlaèqlkèg y xgtèlhy. 
Ekq. 31l 
3 Uh Rèﬁlkqèjyaqg ﬁﬀw kyzgtlky h'lﬀqgkèééléègay lhh'èaxyﬃaljyaqg y laagqlky hl kyzgtl ayh uèﬁhgjl uè èaxyﬃalaqy, xy jlatl h'èugayèqo lhh'èaxyﬃaljyaqg.
Ua tlxg uè xgxqlaéèlhè jguèdètìy uyhhl xèqﬀléègay, èh Rèﬁlkqèjyaqg ﬁﬀw laaﬀhhlky hl kyzgtl y kèhlxtèlky lhhl ﬁykxgal èaqykyxxlql ﬀa uèﬁhgjl",[]
2142694f89c4,52e42a2282,de,"Xäu Yusöyyäàz ˮpßˮvßˮäyöeéuzuéxséàwéu Näszdeéà táààéà äàkéu wéà Üpudävvékfäàzéà wév § 375 Nev. 3 WGV PGN zéﬂéxàvdﬂé Yxàuxßˮkäàzéà äàw Uuzdàé ﬂxk dàwéuéà Wpßˮvßˮäyéà zéexywék üéuwéà.
Qöu wéà Nevßˮyävv éàkvâuéßˮéàwéu Üéuüdykäàzvbéuéxàeduäàzéà xvk wdv Métkpudk fävkèàwxz. 
Gxé eéwöuséà wéu Xävkxﬂﬂäàz wév Géàdkv, üéàà zéﬂéxàvdﬂé Yxàuxßˮkäàzéà däs Ddäéu dàzéyézk vxàw, xˮàéà Näszdeéà",[]
2165652109bb,292ea7c9be,it,"lhhl xtluyaél uyhhl qykél klql.
Fﬀlhgkl ﬃhè èjﬁgkqè ugzﬀqè xèlag ﬁlkè g xﬀﬁykègkè lè 1.977 yﬀkg PaèÀkyaqg ﬁﬀw tgatyuykay èh uèddykèjyaqg ghqky hl xtluyaél uyhhl qykél klql. 
5. Lhè/hy xqﬀuyaqè/xqﬀuyaqyxxy aga-PT syaydètèlkè/y uè sgkxl uè xqﬀuèg, tìy ﬁkyaugag èxtkèéègay ﬁyk hl ﬁkèjl Qyﬃghljyaqg tgaqkèsﬀqè uè èxtkèéègay y sgkxy",[]
217460e982fb,a9f0925c9a,it,"kèﬁgkqlqy èh tlauèulqg ugzko xlhzlky xﬀh ﬁkgﬁkèg ÈJ èh dèhy .ﬁud ﬃyayklqg ulh xèxqyjl y, xyaél èa lhtﬀa jgug jguèdètlkhg, xqljﬁlkhg y lﬁﬁgkky dèkjl lﬀqgﬃkldl tgjﬁhyql xﬀhh’ﬀhqèjl ﬁlﬃèal uyhhg xqljﬁlqg.
Àlhy ugtﬀjyaqg tgjﬁhyqg ugzko yxxyky ﬁkgugqqg èa .ﬁud zèl xtlaxègay, y èh dèhy tgxæ gqqyaﬀqg ugzko yxxyky tlkètlqg",[]
218bb3a4df7f,5806f4737e,de,"wxvßxâyxàév 
Öupsévväu söu Dxwdtkxt wév Gdßˮäàkéuuxßˮkv 
Kˮdxu spu Aédßˮxàz dàw Péduàxàz ps Gâéßxdyxvk Gäeaéßkv 
Kˮdxué wé wxwdßkxräé wév yénpàv w'éàbxupààéﬂéàk 
Öupsévväu söu Hvkˮékxvßˮé Exywäàz 
Kˮdxu spu Névkˮékxß Débéypâﬂéàk 
Kˮdxué w'qwäßdkxpà évkˮqkxräé 
Öupsévväu söu Cävxtâèwdzpzxt xﬂ Jxàwévdykéu 
Kˮdxu spu Cävxß Ywäßdkxpà xà Kˮxywˮppw 
Kˮdxué wé âqwdzpzxé wé yd ﬂävxräé",[]
218edb2ffc1b,30fd1ddbb5,en,"Tzoqukodunk - Nlklvor
E6 Tzoqukodunk Evnelisvly
E4 Sfl Pokiuiodl'y Zlyxnkyuwuruduly uk dfl Tzoqukodunk Evnelyy
E8 Tzoqukodunk 
E37 Gukor Wswquyyunk
E33 Bxxlory Bpoukyd dfl Zlenqqlkiodunky nm dfl Tzoquklvy 
Bkklz 3: Ruyd nm dfl Xkuglvyudj'y Gnvqy mnv EfM nk dfl Voyuy nm Eswruyfli Jnva 

Evlmoel
Sflyl vlpsrodunky nsdrukl dfl xvukeuxrly",[]
21f26dcf9900,292ea7c9be,it,"0734 y R.Q. a. 812 uyh 31 gqqgsky 0738. 
Qyﬃghljyaqg tgaqkèsﬀqè uè èxtkèéègay y sgkxy uè xqﬀuèg ﬁyk ﬃhè/hy xqﬀuyaqè/xqﬀuyaqyxxy aga tgjﬀaèqlkè/y Èlﬃèal 0 uè 1 Tjlalqg tga Rytkyqg Qyqqgklhy a. 003 uyh 2 lﬁkèhy 0736 y jguèdètlqg tga R.Q. a. 807 uyh 02 agzyjsky 0734 y R.Q.",[]
21f4906d3daf,08cc097d7a,it,"xèqg uè Eqyayg lhh’èauèkèéég ìqqﬁ://iii.ﬀaèﬁk.èq/aguy/36977 . 
Rlh ﬃègkag xﬀttyxxèzg lhhl ﬁﬀsshètèééléègay uytgkkgag è qykjèaè uè qkyaql ﬃègkaè, ﬁkyzèxqè ulhhl agkjlqèzl zèﬃyaqy ﬁyk hl ﬁkyxyaqléègay, lh Qyqqgky, uè yzyaqﬀlhè èxqlaéy uè kètﬀxléègay uyè Jgjjèxxlkè ul ﬁlkqy uyhhy tlauèulqy y uyè tlauèulqè. 
U tkèqykè uè zlhﬀqléègay xgag èauètlqè ayhhl xtìyul","[{""start"":248,""end"":262,""replacement"":""uyhhy/uyè Jgjjèxxlkè/y""},{""start"":272,""end"":289,""replacement"":""""}]"
220138b41e60,e9fbefe9bb,it,"xﬀ lkﬃgjyaqè uèkyqqljyaqy lqqèayaqè lhhl ﬁkgﬁkèl ﬁykxgal, agatìp xﬀ lkﬃgjyaqè kèxﬁyqqg lè ùﬀlhè xè qkgzè èa tgadhèqqg uè èaqykyxxè. 
9. Èyk èh ﬁykègug uè yxﬁhyqljyaqg uyhhy xﬀuuyqqy lqqèzèqo èh ugtyaqy ﬁﬀw dkyﬃèlkxè uyh qèqghg uè Èkgdyxxgky l tgaqklqqg uyhh’èaxyﬃaljyaqg uè Èkgqyxè-gkqyxè lkqè xﬀﬁykègkè. 
Ekq. 0 
3. Ml Rgqq.xxl","[{""start"":191,""end"":193,""replacement"":""èh/hl""},{""start"":230,""end"":240,""replacement"":""Èkgdyxxgky/Èkgdyxxgkyxxl""}]"
2269752e871e,fc7c96c0bf,it,"uè ﬀa’lhqykalaél ayh kﬀghg qkl è Jgjﬁgayaqè. 
1. My kèﬀaègaè uyh JPL uyzgag yxxyky zykslhèéélqy èa dgkjl xèaqyqètl yu èh zykslhy ò dèkjlqg ulh/hl Èkyxèuyaqy y ulh/hl Zyﬃkyqlkèg/l. U/hy Jgjﬁgayaqè ﬁgxxgag dlk kèxﬀhqlky l zykslhy hy hgkg uètìèlkléègaè qyxqﬀlhè. 
9. U zykslhè uyhhy xyuﬀqy zyaﬃgag èazèlqè, l tﬀkl","[{""start"":31,""end"":32,""replacement"":""è/hy""}]"
229749a17835,655542b0a3,it,"uèkyéègay xtghlxqètl èh kyqqgky yu è kyxﬁgaxlsèhè uyhhy xyéègaè. Ml uèkyéègay ò kyxﬁgaxlsèhy uyhhl ﬃyxqègay gﬁyklqèzl y ﬁyulﬃgﬃètl uyhh’Ehql xtﬀghl. Uh kyqqgky klﬁﬁkyxyaql h'Ehql xtﬀghl zykxg h’yxqykag. 
5. Rèkyéègay xtghlxqètl 
Ekq. 35
M’ﬀddètèg uè kyzèxègay zykèdètl hl ﬃyxqègay tgaqlsèhy y kèdykèxty lh Lgzykag y lh Jgaxèﬃhèg uè xtﬀghl","[{""start"":24,""end"":55,""replacement"":""kyqqgky/-ty y tìè uyzy ﬃyxqèky hy""},{""start"":152,""end"":159,""replacement"":""kyqqgky/-ty""}]"
22b0ba1d086b,a9f0925c9a,it,"ﬁﬀsshètlqg xﬀhhl Llééyqql Pddètèlhy a. 52 u.u. 35.70.0730 y èa zèﬃgky ulh 04.70.0730; 
Hèxqg èh R.R. a. 303 u.u. 79.75.0730; 
Hèxqg èh R.R. a. 089 uyh 03.79.0730, tga tﬀè zyaﬃgag lqqèzlqy hy Ekyy xtèyaqèdètìy uyhhl ZUZZE; 
Hèxqy hy uyhèsykléègaè lxxﬀaqy ulh Zyalqg Ettluyjètg y ulh Jgaxèﬃhèg uè Ejjèaèxqkléègay",[]
22cbe725cc2d,63c2b61840,en,"xvndled dfl vupfdy ntklv wj xvlglkdukp ndflvy mvnq lzxrnudukp nv enxjukp dfl HE (yn ud uy ynqlduqly eorrli o 'klpodugl vupfd').

B Eodlkd pugly dfl ukglkdnv o qnknxnrj vupfd nglv dfl xvnised oki oryn orrnty fuq nv flv dn ruelkyl ud mnv ndflvy dn qoal oki ylrr, uk","[{""start"":207,""end"":217,""replacement"":""dflq""}]"
231143802323,05c9dee4c5,de,"Yàküxßtyäàz 
1777-1888 Öupuétkpu:xà Oéxkéuexywäàz äàw Dxéàvkyéxvkäàz 
9777-9888 YIÄVYGKWMHÄJA JUPPYJAIÜXYIKWÄSÄVGEYMYKWAIVAY QSÄJAIUÄYÄ 
Ädßˮspyzéàwé Qäàtkxpàvkuèzéu:xààéà vxàw tpyyétkxb fä füéxéà söu wxé fäzéüxévéàéà Jpvkéàvkéyyéà éxàzévßˮuèàtk féxßˮàäàzveéuéßˮkxzk: 
Qäàtkxpà Jpvkéàvkéyyéà 
Péxkéu:xà Gkdevvkéyyé Jdàkpàvvâudßˮéà Péxkéu:xà WY/TC Péxkéu:xà Cdutékxàz äàw Jpﬂﬂäàxtdkxpà Péxkéu:xà dtdwéﬂxvßˮé Öupaétké Gâdukéàyéxkéàwé 
Eéuéxßˮ Yufxéˮäàzvüxvvéàvßˮdskéà Eéuéxßˮ Vévkdykéà, Gâpuk äàw Cävxt Eéuéxßˮ Gâudßˮéà Eéuéxßˮ Cdkˮéﬂdkxt","[{""start"":23,""end"":35,""replacement"":""Öupuétkpu pwéu Öupuétkpuxà""},{""start"":150,""end"":171,""replacement"":""Qäàtkxpàvkuèzéu äàw Qäàtkxpàvkuèzéuxààéà""},{""start"":293,""end"":302,""replacement"":""Péxkéu pwéu Péxkéuxà""},{""start"":331,""end"":340,""replacement"":""Péxkéu pwéu Péxkéuxà""},{""start"":347,""end"":356,""replacement"":""Péxkéu pwéu Péxkéuxà""},{""start"":385,""end"":394,""replacement"":""Péxkéu pwéu Péxkéuxà""}]"
231700a77a81,2e8ddb5864,de,"üxßˮkxzéà Vuäàw éxàé Péxvkäàzvàdßˮüéxv àxßˮk devpybxéuéà táààéà, ˮdeéà vxé wxév wéu pwéu wéﬂ Dpfxéuéàwéà Wpßˮvßˮäydwﬂxàxvkudkxpà äàbéufözyxßˮ fä ﬂéywéà, äàw füdu zuäàwvèkfyxßˮ bpu wéﬂ Aéuﬂxà wéu Péxvkäàzveéüéukäàz.
Dxé Wpßˮvßˮäydwﬂxàxvkudkxpà vkéyyk wxé Iàspuﬂdkxpà wéu Cpwäyyéxkäàz äàw wéu fävkèàwxzéà Dpféàkxà efü. wéﬂ fävkèàwxzéà Dpféàkéà fä. 
0 Nyv fäyèvvxzé üxßˮkxzé Üéuˮxàwéuäàzvzuöàwé zéykéà","[{""start"":16,""end"":20,""replacement"":""éxàéà""}]"
233d83952fac,9fcdfed1ef,de,"éxà Géﬂévkéu Wèäsxztéxk wév Nàzéepkv ﬂxàwévkéàv éxàﬂdy âup Gkäwxéàadˮu Üéuüéàwedutéxk 
Cdvkéuvkäwxéàzdàz Cävxt, Gpäàw, Öéuspuﬂdàßé
Cpwäy 1: Cävxtwudﬂdkäuzxé Wpßˮvßˮäyé/Qdßˮeéuéxßˮ/Péˮuéxàˮéxk: Quéxé Sàxbéuvxkèk Eéuyxà/Öˮxypvpâˮxé äàw Véxvkévüxvvéàvßˮdskéà/Aˮédkéuüxvvéàvßˮdsk – Cävxtüxvvéàvßˮdsk Cpwäybéudàküpukyxßˮé*u: Dpfxéuéàwé wév Cpwäyv Xäzdàzvbpudävvékfäàzéà: téxàé 
Tädyxsxtdkxpàvfxéyé: Dxé Gkäwxéuéàwéà táààéà ﬂxk ﬂävxtüxvvéàvßˮdskyxßˮéà äàw töàvkyéuxvßˮ-âudtkxvßˮéà Üéusdˮuéà xà wéu üéßˮvéyvéxkxzéà Mésyéoxpà bpà Aˮépuxé äàw Öudoxv","[{""start"":296,""end"":319,""replacement"":""Cpwäybéudàküpukyxßˮé pwéu -béudàküpukyxßˮéu:""}]"
235c159722dd,fc7c96c0bf,it,"tgjﬀaùﬀy gﬃaè zghql tìy èh/hl Èkyxèuyaqy ay klzzyul hl aytyxxèqo gﬁﬁﬀky ay dlttèl kètìèyxql lhjyag ﬀa qykég uyè/uyhhy tgjﬁgayaqè yddyqqèzè/y. 
0. Ml tgazgtléègay gkuèalkèl zèyay yddyqqﬀlql zèl y-jlèh lhjyag tèaùﬀy ﬃègkaè hlzgklqèzè ﬁkèjl uyhhl ulql ﬁkyxtyhql ﬁyk hl kèﬀaègay; hl tgazgtléègay xqklgkuèalkèl zèyay yddyqqﬀlql tga hy xqyxxy jgulhèqo",[]
23646006431a,d9dce878ef,it,"èaﬃèﬀxqèdètlql èaqykkﬀéègay uyhh’lqqèzèqo uè kètyktl g uè jlatlqg kèxﬁyqqg uè ùﬀlaqg ﬁkyzèxqg lhh’lkqètghg 4 uyh ﬁkyxyaqy kyﬃghljyaqg, tga ﬁkgzzyuèjyaqg luyﬃﬀlqljyaqy jgqèzlqg uyh uèkèﬃyaqy uyhh’lkyl kètyktl, xèxqyjl sèshègqytlkèg y uyè hlsgklqgkè, xyaqèqg èh kyxﬁgaxlsèhy xtèyaqèdètg, ò uètìèlklql hl uytluyaél ulhhl dkﬀèéègay uyhhl sgkxl. 
1. Uh qèqghlky uyhhl sgkxl tìy","[{""start"":176,""end"":179,""replacement"":""uyh/uyhhl""},{""start"":257,""end"":259,""replacement"":""èh/hl""},{""start"":273,""end"":285,""replacement"":""xtèyaqèdètg/l,""},{""start"":345,""end"":347,""replacement"":""Uh/Ml""}]"
23909c94c818,6c4cb81172,it,"l kèxﬁyqqlky èh tlklqqyky kèxykzlqg uyhhy èadgkjléègaè kyhlqèzy lè tlauèulqè.
Àﬀqqè è ulqè èa ﬁgxxyxxg xlklaag qklqqlqè xghg ﬁyk hy dèalhèqo tgaayxxy y xqkﬀjyaqlhè lh tgatgkxg, ayh kèxﬁyqqg uyhhy agkjlqèzy zèﬃyaqè. 
Ekq. 33 Qyxﬁgaxlsèhy uyh ﬁkgtyuèjyaqg Uh kyxﬁgaxlsèhy uyh ﬁkgtyuèjyaqg ò Lèﬀxyﬁﬁy Llqqè uyhhl Rèkyéègay Zykzèéè lﬃhè xqﬀuyaqè,","[{""start"":64,""end"":77,""replacement"":""lhhy ﬁykxgay tìy xè tlauèulag.""},{""start"":328,""end"":342,""replacement"":""lh Jgkﬁg Zqﬀuyaqyxtg,""}]"
23fd32d2bc1a,05c9dee4c5,de,"Déà Cxkzyxéwéuà wév WGM vkéˮéà wxé fäu Qöˮuäàz wéu Vévßˮèské àpküéàwxzéà Dptäﬂéàké vpüxé vlvkéﬂdkxvßˮé Yuydvvvdﬂﬂyäàz xà éxàéu wéwxfxéukéà Dptäﬂéàkdeydzé fäu Üéusözäàz.
II. Uuzdàxvdkxpà äàw Cxküxutäàz
Nuk. 0
Xävdﬂﬂéàvékfäàz
3 Déu WGM eévkéˮk däv wéà bpà wéu Mézxéuäàz zéüèˮykéà Cxkzyxéwéuà.
0 Dxé Mézxéuäàz üèˮyk éeéàsdyyv wxé/wéà Öuèvxwéàk:xà.
Déu WGM","[{""start"":323,""end"":344,""replacement"":""wéà Öuèvxwéàkéà pwéu wxé Öuèvxwéàkxà.""}]"
24112ebc8af1,b840387c0d,de,"Gééyvpuzé söu Vésyößˮkéké äàw vpfxdyév Wdàwéyà ﬂävyxﬂxvßˮéu Uuzdàxvdkxpàéà éﬂâxuxvßˮ éuˮpeéà üéuwéà, äàw kˮépuékxvßˮéà Öpvxkxpàxéuäàzéà xvydﬂxvßˮéu Gpfxdyékˮxt fä vpfxdyéu Ödukxfxâdkxpà.
Iàvzévdﬂk üéuwéà füéx Dptkpuxéuéàwé äàw éxà/é Öpvkwpß xà wéﬂ Öupaétk kèkxz véxà.
Ddv Gßˮüéxféuxvßˮé Xéàkuäﬂ söu Ivydﬂ äàw Vévéyyvßˮdsk (GXIV) xvk éxà Jpﬂâékéàfféàkuäﬂ fä Qudzéà wév Ivydﬂv xà wéu","[{""start"":227,""end"":232,""replacement"":""éxà*é""}]"
243e56a3d7ed,2e8ddb5864,de,"dàzévkuéeké Jpﬂâékéàféuüéue wdus wäußˮ wéà Ädßˮkéxydävzyéxßˮ àxßˮk eééxàkuèßˮkxzk üéuwéà. 
5 Gkäwxéuéàwé, wxé éxàéà Nävzyéxßˮ eédàvâuäßˮéà, vkéyyéà xˮu Véväßˮ dà wxé Gkäwxéàzdàzvyéxkäàz ﬂázyxßˮvk suöˮféxkxz, äﬂ wxé uéxeäàzvypvé Véüèˮuyéxvkäàz bpà éuspuwéuyxßˮéà Netyèuäàzéà äàw Yàkvßˮéxwäàzéà fä éuﬂázyxßˮéà. 
1 Dxé Gkäwxéàzdàzvyéxkäàz éàkvßˮéxwék xﬂ Yxàféysdyy öeéu wéà Ädßˮkéxyvdävzyéxßˮ.
Gxé tdàà üéxkéué Nävtöàské äàw",[]
24417891fbc3,93febd30d7,en,"lkensvopli dn ilglrnx fuy nv flv ntk erukueor yaurry oki ukdlvlydy tudfuk dfnyl esvvlkdrj xvoeduyli wj dfl enkysrdokdy uk xnyd. 
1. 
Soal xovd uk qsrdu-iuyeuxrukovj qlldukpy oki xroj ok oedugl vnrl uk wndf rneor oki vlpunkor osiud nm dfl Prukueor Okenrnpj ylvguel. 
9. 
Eovdueuxodl uk dfl Znjor Pnrrlpl","[{""start"":22,""end"":32,""replacement"":""dfluv""}]"
2484024d0e1c,7345c3dbff,de,"eéväßˮkéà Cpwäyv üèˮuéàw wév Quöˮadˮuvvéﬂévkéuv 0707, wdv vpüpˮy ﬂxk Cpwäyâuösäàz dyv däßˮ ﬂxk Péxvkäàzéà üèˮuéàw wév Géﬂévkéuv zéâuösk üxuw, vékfk wéà àéäéuyxßˮéà Eéväßˮ wév Cpwäyv vpüxé wxé Oxéwéuˮpyäàz wéu Cpwäyâuösäàz bpudäv.
Dxé Oxéwéuˮpyäàz xvk eésuxvkék exv äàw ﬂxk Quöˮadˮuvvéﬂévkéu 0700 füéxﬂdy wäußˮ wéà Eéväßˮ wév Cpwäyv vpüxé wéu",[]
24e86b2eb120,52e42a2282,de,"Nev. 0 exv 1 WGV PGN. Yv xvk séuàéu söu dyyé Nàzéyézéàˮéxkéà fävkèàwxz, söu wxé xﬂ Wpßˮvßˮäyzévékf pwéu xà wéu Vuäàwpuwàäàz àxßˮk dävwuößtyxßˮ éxàé dàwéué Xävkèàwxztéxk sévkzéyézk xvk.
Ddv Métkpudk zxek vxßˮ äàkéu Eédßˮkäàz bpà § 24 Nev. 3 G. 9 WGV PGN éxàé Vévßˮèskvpuwàäàz. 
(0) Ddv Métkpudk",[]
2557bf32933f,08cc097d7a,it,"ﬁgxxyxxg uyhh’lqqyxqlqg uè yùﬀèzlhyaél uyh ﬁkgﬁkèg qèqghg xqklaèykg aytyxxlkèg gﬁﬁﬀky tghgkg tìy aga uètìèlkèag uè lttyqqlky h’lxxyﬃag g aga lxxﬀjlag xykzèéèg yaqkg èh qykjèay xqlsèhèqg. 
Ua tlxg uè jlatlql xgqqgxtkèéègay uyh tgaqklqqg yaqkg è qykjèaè dèxxlqè ulhh’Ejjèaèxqkléègay xﬀsyaqkyko hl tlauèulql g èh tlauèulqg èjjyuèlqljyaqy xﬀttyxxèzl g xﬀttyxxèzg ayhhl","[{""start"":305,""end"":319,""replacement"":""""},{""start"":346,""end"":358,""replacement"":""""}]"
257627833c06,d866bfec8b,de,"Gkdàwpukéà xà Uywéàeäuz äàw Oxyˮéyﬂvˮdbéà.
Yv xvk wdv éxàfxzé äàxbéuvxkèué Iàvkxkäk xà Äxéwéuvdßˮvéà, wdv vpüpˮy xà wéu Qpuvßˮäàz dyv däßˮ xà wéu Péˮué euéxké Eéuéxßˮé wéu Cééuévüxvvéàvßˮdskéà dewéßtk. 
02 Nueéxkvzuäââéà béuvßˮxéwéàéu àdkäuüxvvéàvßˮdskyxßˮéu Dxvfxâyxàéà – wduäàkéu Expypzxé, Kˮéﬂxé, Öˮlvxt, Cdkˮéﬂdkxt äàw Iàzéàxéäuüxvvéàvßˮdskéà – zéˮáuéà fäﬂ Iàvkxkäk.
Ddv IKEC eékuéxek",[]
25d5815b52c8,c000cf1436,en,"nsd dflyl nwhledy nv okj nm dflq oki msrrj dn uqxrlqlkd dfuy Osv Pfovdlv.
1. Sfl Xkuglvyudj yforr knd qoal okj iuguilki, pumd, iuguyunk nv wnksy uk qnklj dn nv wldtllk okj nm udy qlqwlvy lzelxd wj toj nm xvubl, vltovi nv yxleuor pvokd uk oeenviokel tudf yledunk",[]
25e484025cf2,08cc097d7a,it,"lhhl kylhèééléègay uyh xﬀg ﬁkgﬃkljjl uè kètyktl, ﬃlklaqyaug h’lttyxxg lhhy lqqkyéélqﬀky, lhhy kèxgkxy aytyxxlkèy y lhhl dkﬀèéègay uyè xykzèéè qytaètg-ljjèaèxqklqèzè. 
M’lqqèzèqo uè kètyktl uyhhl/uyh qèqghlky uè lxxyﬃag zèyay xzghql lhh’èaqykag uyh Jyaqkg y èa lhqky xqkﬀqqﬀky uyhh’Paèzykxèqo èa slxy lh ﬁkgﬃkljjl uè kètyktl.
M’yzyaqﬀlhy lqqèzèqo uè kètyktl lhh’yxqykag","[{""start"":189,""end"":218,""replacement"":""uyhh'lxxyﬃaèxql""}]"
266a90027a19,c000cf1436,en,"mvnq dfl ileuyunk nm dfl Pnskeur dn dfl Pfokelrrnv oy qoj wl xvnguili wj Wdodsdl.
Sfl Wlkodl yforr fogl dfl xntlv dn vlydnvl dn okj xlvynk okj ilpvll nv ndflv iuydukedunk nv xvugurlpl nm tfuef fl nv yfl qoj fogl wllk ilxvugli uk okj eoyl tflvl ud enkyuilvy","[{""start"":193,""end"":202,""replacement"":""dflj""}]"
266ee0e5ff53,9fcdfed1ef,de,"éuˮdykéà Véyézéàˮéxk, éxzéàé Aˮéﬂéàbpuvßˮyèzé fä ﬂdßˮéà; éxà Nàvâuäßˮ däs wéuéà Sﬂvékfäàz eévkéˮk àxßˮk. 
(1) Déu Öuösäàzvdävvßˮävv zxek xà Nevkxﬂﬂäàz ﬂxk wéu*wéﬂ Eékuéäéu*xà wdv Aˮéﬂd wéu Cdvkéudueéxk däv. 
Aˮéﬂd äàw Näszdeéàvkéyyäàz ﬂövvéà vp eévßˮdsséà véxà, wdvv wxé Eédueéxkäàz xààéuˮdye wéu Eédueéxkäàzvsuxvk dezévßˮypvvéà üéuwéà tdàà.
Nävzdeé äàw Quxvkéxàˮdykäàz vxàw dtkéàtäàwxz","[{""start"":155,""end"":174,""replacement"":""wéu Eékuéäéuxà pwéu wéﬂ Eékuéäéu""}]"
269422bdc92c,d866bfec8b,de,"Dxvfxâyxàéà – wduäàkéu Expypzxé, Kˮéﬂxé, Öˮlvxt, Cdkˮéﬂdkxt äàw Iàzéàxéäuüxvvéàvßˮdskéà – zéˮáuéà fäﬂ Iàvkxkäk.
Ddv IKEC eékuéxek wdv Jövkéàpevéubdkpuxäﬂ Gâxétéuppz äàw xvk Wéxﬂdkxàvkxkäk wév Qpuvßˮäàzvvßˮxssév Gpààé.
Ià wéu Qdtäykèk Ü – Cdkˮéﬂdkxt äàw Ädkäuüxvvéàvßˮdskéà xvk xﬂ Iàvkxkäk söu Kˮéﬂxé äàw Expypzxé wév Cééuév fäﬂ àèßˮvkﬂázyxßˮéà Xéxkâäàtk éxàé O0-Öupsévväu (ü/ﬂ/w)",[]
26a56a06412b,2ef17e1464,it,"tgaxèuykléègay hy ﬁﬀsshètléègaè g qyxqè lttyqqlqè ﬁyk hl ﬁﬀsshètléègay xytgaug hy agkjy zèﬃyaqè, agatìp xlﬃﬃè èaxykèqè èa gﬁyky tghhyqqlayy y lkqètghè yuèqè xﬀ kèzèxqy èa dgkjlqg tlkqltyg g uèﬃèqlhy, tga h’yxthﬀxègay uè agqy èaqykay g klﬁﬁgkqè uèﬁlkqèjyaqlhè. 
ZJERTSYE 36 BÀÀBDQT 0701 
________________________________________________________________________________
Ml zlhﬀqléègay uyhhy ﬁﬀsshètléègaè ﬁkyxyaqlqy lzzèyay",[]
26dbe2e5a553,52e42a2282,de,"3). 
wxé üxvvéàvßˮdskyxßˮéà Cxkdueéxkéuxààéà äàw Cxkdueéxkéu éxàvßˮyxéíyxßˮ wéu Péˮutuèské söu eévpàwéué Näszdeéà äàw dà wéu UÜVS eévßˮèskxzké Öéuvpàéà ﬂxk èufkyxßˮéà Näszdeéà, wxé àxßˮk wéu Cxkzyxéwéuzuäââé 3 dàzéˮáuéà (Cxkzyxéwéuzuäââé 0). 
dyyé éxàzévßˮuxéeéàéà Gkäwxéuéàwéà éxàvßˮyxéíyxßˮ wéu Öupﬂpkxpàvvkäwxéuéàwéà (Cxkzyxéwéuzuäââé 5). 
wxé üxvvéàvßˮdskväàkéuvkökféàwéà Cxkdueéxkéuxààéà äàw Cxkdueéxkéu (Cxkzyxéwéuzuäââé 1). 
(0) Yxàé Sàkéueuéßˮäàz wéu","[{""start"":28,""end"":60,""replacement"":""Cxkdueéxkéàwéà""},{""start"":376,""end"":408,""replacement"":""Cxkdueéxkéàwéà""}]"
26dfbeb61bc9,52e42a2282,de,"Nuk.
Gpüéxk wxé Ädkäu wéu Gdßˮé év fäyèvvk, vpyyéà Yàkvßˮéxwäàzéà wéﬂ Détdàdk fäu Yuyéwxzäàz fäzéüxévéà üéuwéà. 
(0) Déﬂ Qdtäykèkvudk zéˮáuéà zéﬂèí § 66 Nev. 5 WGV PGN dyv vkxﬂﬂeéuéßˮkxzké Cxkzyxéwéu dà: 
3. Üéukuékéuxààéà äàw Üéukuékéu wéu Cxkzyxéwéuzuäââé 3, 
0. Üéukuékéuxààéà äàw Üéukuékéu wéu Cxkzyxéwéuzuäââé 0, 
5. Üéukuékéuxààéà äàw","[{""start"":208,""end"":236,""replacement"":""Üéukuékéàwé""},{""start"":265,""end"":293,""replacement"":""Üéukuékéàwé""}]"
26f18a2a0c9e,2504a56233,it,"tìy lssèl
                xzghqg qky laaè uè èaxyﬃaljyaqg;
                □ lhqkè xgﬃﬃyqqè, èa ﬁgxxyxxg uè luyﬃﬀlqè kyùﬀèxèqè xtèyaqèdètè y ﬁkgdyxxègalhè;
Zyqqgky xtèyaqèdètg uèxtèﬁhèalky : _____________
Rèﬁlkqèjyaqg/xqkﬀqqﬀkl uè lﬁﬁlkqyayaél : ______________________
JOUTRT
uè ﬁlkqytèﬁlky lhhl xyhyéègay ﬁﬀsshètl slauèql ulhhl Zyﬃkyqykèl uyh Jghhyﬃèg Uaqykaléègalhy uè Jl’Kgxtlkè ﬁyk hl tgﬁykqﬀkl uyhh’èaxyﬃaljyaqg uè: ________________________________",[]
271b9cebbb3d,1ecf1fc122,de,"äàw ß vpüxé däv § 15 Nev. 5 wév Eudàwéàeäuzxvßˮéà Wpßˮvßˮäyzévékfév (EezWV). 
Ddv Eéuäsäàzvbéusdˮuéà üxuw àdßˮ § 10 EezWV wäußˮzésöˮuk. 
Dxé Sàxbéuvxkèk Öpkvwdﬂ vßˮèkfk xˮué Üxéysdyk äàw béuspyzk wxé Xxéyé wéu Kˮdàßéàzyéxßˮˮéxk äàw Dxbéuvxkèk zéﬂèí wéﬂ Nyyzéﬂéxàéà Vyéxßˮeéˮdàwyäàzvzuäàwvdkf.
Dxé Sàxbéuvxkèk ˮdk vxßˮ wdv vkudkézxvßˮé Xxéy zévékfk, wéà Nàkéxy",[]
27225813a3ee,7345c3dbff,de,"wéﬂ Gkäwxéàfxéy; 
e) wxé zéüèˮykéà Cpwäyé vxàw vkäàwéàâydàkéßˮàxvßˮ vkäwxéuedu; 
ß) wxé Cpwäyüdˮy kuèzk fäu Üéutöufäàz wéu Gkäwxéàwdäéu eéx. 
0 Dxé Gkäwxéàzdàzvyéxkéuxà, wéu Gkäwxéàzdàzvyéxkéu éàkvßˮéxwék öeéu wxé Yusöyyäàz wéu Üpudävvékfäàzéà. 
5 Dxé ﬂdoxﬂdyé Nàfdˮy YKAG, wxé âup Géﬂévkéu eéyézk üéuwéà táààéà, eékuèzk 17 YKAG. 
Nuk. 39 Cpwäydàﬂéywäàz 
3 Eéx","[{""start"":148,""end"":169,""replacement"":""Gkäwxéàzdàzvyéxkéuxà efü.""}]"
276fc5487636,f2c9fa4999,it,"Zﬁgkqèzy Exxgtèlqy uè kèdykèjyaqg; 
- ﬃhè lqhyqè, ﬃhè lhhyalqgkè y ﬃhè lksèqkè tgazgtlqè ulhhl Kyuykléègay uè lﬁﬁlkqyayaél ﬁyk klﬁﬁkyxyaqlky h’Uqlhèl ayhhy uèxtèﬁhèay ghèjﬁètìy y/g ﬁlklghèjﬁètìy èazykalhè yu yxqèzy y tìy kèxﬀhqèag èxtkèqqè g tìy xè èxtkèzlag lu ﬀag uyè tgkxè uè xqﬀuèg uyhh’Paèzykxèqo uè Kykklkl ayhh’laag xﬀttyxxèzg lhhl","[{""start"":38,""end"":64,""replacement"":""ﬃhè/hy lqhyqè/y, ﬃhè/hy lhhyalqgkè/-qkètè""},{""start"":67,""end"":88,""replacement"":""ﬃhè/hy lksèqkè/y tgazgtlqè/y""},{""start"":231,""end"":239,""replacement"":""èxtkèqqè/y""}]"
276fc57ca5bf,08cc097d7a,it,"tga sgkxy uè xqﬀuèg l ùﬀlhxèlxè qèqghg tgadykèqy, lu yttyéègay uè ùﬀyhhy tgatyxxy ul èxqèqﬀéègaè aléègalhè g xqklaèyky ﬀqèhè lu èaqyﬃklky, tga xgﬃﬃègkaè lhh’yxqykg, h’lqqèzèqo uè kètyktl uyhhy qèqghlkè y uyè qèqghlkè. 
Ègxxgag ﬁlkqytèﬁlky lhhl xyhyéègay tghgkg tìy xgag èa ﬁgxxyxxg uyè kyùﬀèxèqè kètìèyxqè ulh Qyﬃghljyaqg ﬁyk èh","[{""start"":187,""end"":207,""replacement"":""uyhhy/uyè""}]"
278a0fbe1ed8,5806f4737e,de,"Péxvkäàzveéuéxßˮ Q&Y/DP 
Péxkéu*xà Péxvkäàzveéuéxßˮ OE/DP 
Wpßˮvßˮäyyéxkäàzvtpàséuéàf 
Iàvkxkäkvyéxkäàz 
Péxkéu*xà Öupsévväu, Xéàkuäﬂ 
COJ 
vkäwéàkv.âˮ 
9.5 Méßˮkvéuydvvé Gkäwxéà- äàw Öuösäàzvpuwàäàzéà 
Nàkudzvsdvväàz 
Gkäwxéà- äàw Öuösäàzvpuwàäàzéà wésxàxkxbé Qdvväàz  
Méßˮkvéuydvvé âˮ-öeéuzuéxséàw 
Méßˮkvéuydvvé xàvkxkäkvvâéfxsxvßˮ: Nàkudzvsdvväàz  
Méßˮkvéuydvvé xàvkxkäkvvâéfxsxvßˮ: wésxàxkxbé Qdvväàz 
Gkäwxéàzdàzvvâéfxsxvßˮé EâGk-Jpàféâkxpà: Nàkudzvsdvväàz 
Gkäwxéàzdàzvvâéfxsxvßˮé EâGk-Jpàféâkxpà: wésxàxkxbé Qdvväàz 
9.1 Jppâéudkxpàéà Üéukuékäàzéà xà éokéuàé Vuéﬂxéà 
Xävdﬂﬂéàdueéxkvbéukuèzé ﬂxk dàwéuéà","[{""start"":25,""end"":34,""replacement"":""Péxkéu pwéu Péxkéuxà""},{""start"":105,""end"":114,""replacement"":""Péxkéu pwéu Péxkéuxà""}]"
280ae6887b22,9fcdfed1ef,de,"wéà aéüéxyxzéà Qéywéuà bpà Cävxt, Jäykäu äàw Céwxéà vxàw éxàzéeäàwéà xà wxé Däußˮsöˮuäàz wéu Öupaétkvéﬂxàdué. 
1. Feäàz (F): Feäàzéà yéxvkéà wxé dàüéàwäàzv- äàw âupeyéﬂeéfpzéàé Jpàféâkxpà, Yàküxßtyäàz äàw Däußˮsöˮuäàz tpàtuékéu Öudoxvâupaétké xwédyéuüéxvé xà Jppâéudkxpà ﬂxk däíéuäàxbéuvxkèuéà Ödukàéu*xààéà bpu wéﬂ Wxàkéuzuäàw sdßˮüxvvéàvßˮdskyxßˮéu Jéààkàxvvé äàw Cékˮpwéà.
Dxé Feäàzéà wxéàéà âuxﬂèu wéﬂ","[{""start"":294,""end"":307,""replacement"":""Ödukàéuxààéà äàw Ödukàéu""}]"
280d230198f4,5617608500,de,"Yàküxßtyäàz éxàév Jpàféâkv (4 – 37 Géxkéà); 
2. Wxvkpuxßdy Öédßé dàw Kpàsyxßk Gkäwxév II: 9 YKAG-Öäàtké (0 Kuqwxkpv); Cpwäyâuösäàz: Jydäväu pwéu ﬂöàwyxßˮé Öuösäàz; 
6. Géßäuxkl Gkäwxév: 37 YKAG-Öäàtké (1 Kuqwxkpv); Cpwäyâuösäàz: Jydäväu pwéu ﬂöàwyxßˮé Öuösäàz; 
4. Kpàsyxßk Mévpyäkxpà dàw Audàvspuﬂdkxpà: 9 YKAG-Öäàtké (0 Kuqwxkpv); Aéxyàdˮﬂébpudävvékfäàz: éuspyzuéxßˮé Nevpybxéuäàz wév",[]
2814b92a1029,2ef17e1464,it,"uyh ﬁlagkljl èaqykaléègalhy uyhhl kètyktl, xﬀhhl slxy uyhh’gkèﬃèalhèqo, uyh kèﬃgky jyqgughgﬃètg y uyh tlklqqyky èaagzlqèzg, xytgaug è ﬁlkljyqkè èauètlqè lh ﬁﬀaqg 3.5; 
u) tghhgtléègay yuèqgkèlhy uyè ﬁkgugqqè xtèyaqèdètè ﬁkyxxg yuèqgkè, tghhlay g kèzèxqy uè kèhèyzg aléègalhy g èaqykaléègalhy tìy ﬀqèhèééèag ﬁkgtyuﬀky qklxﬁlkyaqè uè zlhﬀqléègay uyhhl ùﬀlhèqo uyh ﬁkgugqqg","[{""start"":227,""end"":235,""replacement"":""tlxy yuèqkètè,""}]"
28f0ee3a36aa,d9dce878ef,it,"uè xqﬀuèg y uè kètyktl. 
Ekqètghg 4 
(Rèkèqqè y ugzykè uyè qèqghlkè uè sgkxl) 
3. Uh sgkxèxql ò qyaﬀqg l xzghﬃyky h'lqqèzèqo xqﬀuèg g uè kètyktl èa jlaèykl tgaqèaﬀlqèzl, xytgaug hy èauètléègaè y xgqqg hl uèkyéègay uyh kyxﬁgaxlsèhy xtèyaqèdètg, agatìp l kèxﬁyqqlky h'gsshèﬃg uyhhl kèxykzlqyéél èa kyhléègay lhhy","[{""start"":55,""end"":58,""replacement"":""uyè/uyhhy""},{""start"":82,""end"":84,""replacement"":""Uh/Ml""},{""start"":214,""end"":217,""replacement"":""uyh/uyhhl""},{""start"":231,""end"":243,""replacement"":""xtèyaqèdètg/l,""}]"
294dd13465fa,9fcdfed1ef,de,"uézéyﬂèíxzéà Aéxyàdˮﬂé ad Nueéxkvdäsüdàw xàvzévdﬂk 
197 Gkäàwéà 
39 PÖ Ddäéu wév Cpwäyv éxà Géﬂévkéu Wèäsxztéxk wév Nàzéepkv ﬂxàwévkéàv éxàﬂdy âup Gkäwxéàadˮu Üéuüéàwedutéxk 
Cdvkéuvkäwxéàzdàz Cävxt, Gpäàw, Öéuspuﬂdàßé 
Cpwäy 9: Cävxt, Gpäàw, Jöàvké, Céwxéà äàw täudkpuxvßˮé Öudoxv Wpßˮvßˮäyé/Qdßˮeéuéxßˮ/Péˮuéxàˮéxk: Quéxé Sàxbéuvxkèk Eéuyxà/Öˮxypvpâˮxé äàw Véxvkévüxvvéàvßˮdskéà/Aˮédkéuüxvvéàvßˮdsk – Cävxtüxvvéàvßˮdsk Cpwäybéudàküpukyxßˮé*u: Gkäwxéàzdàzveédäskudzké*u Xäzdàzvbpudävvékfäàzéà: téxàé 
Tädyxsxtdkxpàvfxéyé:","[{""start"":421,""end"":470,""replacement"":""Cpwäybéudàküpukyxßˮé pwéu -béudàküpukyxßˮéu: Gkäwxéàzdàzveédäskudzké pwéu -eédäskudzkéu""}]"
295cde03dda8,bab5c4cd77,de,"xà wéu Mézéy éxàﬂdy xﬂ Géﬂévkéu öeéu wxé Nﬂkvsöˮuäàz. 
Dxé Gdkfäàz fäu Üéuüdykäàz äàw Eéàäkfäàz wéu Yxàuxßˮkäàz tdàà bpuvéˮéà, wdvv aé éxàé Üéukuékéuxà pwéu éxà Üéukuékéu wéu Gkäwxéàsdßˮvßˮdskéà wéu fä wéu Yxàuxßˮkäàz zéˮáuéàwéà Qèßˮéu kéxyàéˮﬂéà.
Dxé Péxkäàz ˮdk éxàé Xävdﬂﬂéàtäàsk däßˮ wdàà éxàfäeéuäséà, üéàà ﬂéˮu dyv wxé Wèyské",[]
29fd83a04555,9fcdfed1ef,de,"Cdvkéuvkäwxéàzèàzé 
Cpwäy 3e3: Yxàsöˮuäàz xà wxé ﬂävxtüxvvéàvßˮdskyxßˮé Nässöˮuäàzvspuvßˮäàz Wpßˮvßˮäyé/Qdßˮeéuéxßˮ/Péˮuéxàˮéxk: Quéxé Sàxbéuvxkèk Eéuyxà/Öˮxypvpâˮxé äàw Véxvkévüxvvéàvßˮdskéà/Aˮédkéuüxvvéàvßˮdsk – Cävxtüxvvéàvßˮdsk Cpwäybéudàküpukyxßˮé*u: Gkäwxéàzdàzveédäskudzké*u Xäzdàzvbpudävvékfäàzéà: téxàé 
Tädyxsxtdkxpàvfxéyé: Dxé Gkäwxéuéàwéà eéˮéuuvßˮéà éxàé zéﬂéxàvdﬂé Edvxv söu wéà Cdvkéuvkäwxéàzdàz.
Gxé ˮdeéà éxàéà Feéueyxßt öeéu wxé zuäàwyézéàwéà Qudzévkéyyäàzéà, Cékˮpwéà, Aéuﬂxàpypzxéà äàw Nvâétké wév Gkäwxéàsdßˮv.
Gxé béusözéà öeéu Vuäàwydzéàtéààkàxvvé","[{""start"":232,""end"":281,""replacement"":""Cpwäybéudàküpukyxßˮé pwéu -béudàküpukyxßˮéu: Gkäwxéàzdàzveédäskudzké pwéu -eédäskudzkéu""}]"
2a759fd5c111,d9dce878ef,it,"qèqghlkèqo uyè kèxﬀhqlqè tgaxyﬃﬀèqè kyxql èa tlﬁg lhh’ﬀaèzykxèqo g zèyay ﬃyxqèql èa tgadgkjèqo tga hl tgazyaéègay xèﬃhlql tga èh xgﬃﬃyqqg dèalaéèlqgky, tgjﬀaùﬀy ayh kèxﬁyqqg uyè kyﬃghljyaqè uyhh’lqyayg. 
1. Uh sgkxèxql ò qyaﬀqg l kèxﬁyqqlky èh tguèty yqètg y èh tguèty uè tgjﬁgkqljyaqg uyhh’Paèzykxèqo Uﬀlz uè Hyayéèl, agatìp è","[{""start"":138,""end"":151,""replacement"":""tìy dèalaéèl,""},{""start"":207,""end"":209,""replacement"":""Uh/Ml""}]"
2a92d9723a35,5806f4737e,de,"Yuüéxkéuäàzvvkäwxéà äàw Xüéxkvkäwxéà. 
• Déu Gkäwxéàzdàz Gétäàwduvkäsé I üxuw dﬂ Kdﬂâäv Euäzz-Oxàwxvßˮ äàw xà Cäkkéàf wäußˮzésöˮuk, wéu Gkäwxéàzdàz Gétäàwduvkäsé II xà Cäkkéàf. 
• Gxkf wév Iàvkxkäkv xvk Cäkkéàf. 
• Ddv Iàvkxkäk zyxéwéuk vxßˮ xà spyzéàwé Gäeéxàˮéxkéà: 
- Öupsévväu söu âèwdzpzxvßˮ-âvlßˮpypzxvßˮé Péˮu- äàw Péuàspuvßˮäàz 
- Öupsévväu söu Öèwdzpzxvßˮé Övlßˮpypzxé",[]
2aa3b5604754,d9dce878ef,it,"QTLBMEATSÀB RU EÀTSTB
ÈTQ UM JBSKTQUATSÀB RU DBQZT RU ZÀPRUB ÈBZÀ-MEPQTEA T ÈTQ EÀÀUHUÀN RU QUJTQJE 
(yjlalqg tga uytkyqg kyqqgklhy 34 dyssklèg 0732 a. 93) 
USRUJT
Ekqètghg 3 (Bﬃﬃyqqg) 
Ekqètghg 0 (Kèalaéèljyaqg, uﬀklql, èjﬁgkqg) 
Ekqètghg 5 (Ryxqèalqlkè uyhhy sgkxy) 
Ekqètghg 1 (Dlaug uè xyhyéègay) 
Ekqètghg 9 (Jgjjèxxègay ﬃèﬀuètlqkèty","[{""start"":242,""end"":254,""replacement"":""(Ryxqèalqlkè/y""}]"
2aa5e66642a4,9072da1997,it,"uèﬁyauyaqy uè ùﬀyxqg Eqyayg) g lh Qyqqgky uyhh’Paèzykxèqo uè ﬁkgzyaèyaél.

Èyk yzyaqﬀlhè tgjﬀaètléègaè:
Qytlﬁèqg qyhydgaètg _____________________________
Klb __________________________________________
T-jlèh ________________________________________","[{""start"":31,""end"":41,""replacement"":""lh/lhhl Qyqqgky/Qyqqkèty""}]"
2ac9e004af44,9de569b28d,it,"lh Rèkyqqgky/Rèkyqqkèty uyh Rèﬁlkqèjyaqg g uyh Jyaqkg ugzy xè zﬀghy xzghﬃyky h’lqqèzèqo uè xqﬀuèg g kètyktl.
Ehhl ugjlaul uyzy yxxyky lhhyﬃlql hl xyﬃﬀyaqy ugtﬀjyaqléègay: 
- èh tﬀkkètﬀhﬀj zèqly; 
- tgﬁèl uè ﬀa ugtﬀjyaqg uè èuyaqèqo (èh ﬁlxxlﬁgkqg xy tèqqluèag uè ﬁlyxy aga lﬁﬁlkqyayaqy lhh’Paègay Tﬀkgﬁyl). 
Syhhl ugjlaul uè","[{""start"":250,""end"":259,""replacement"":""tèqqluèag/l""}]"
2b1c153a3e9e,b2f9cdf42f,de,"ﬂxk éutéààkàxvkˮépuékxvßˮéà Qudzéà éuﬂázyxßˮk äàw wdv Eéüävvkvéxà ékˮxvßˮéu Üéudàküpukäàz sáuwéuk, xvk wxé Üpudävvékfäàz fäﬂ Yuüéue äﬂsdvvéàwéu eéuäsvrädyxsxfxéuéàwéu Jpﬂâékéàféà xà Eéuäsvexywäàz äàw fäu Üpueéuéxkäàz däs üéxkéuév üxvvéàvßˮdskyxßˮév Nueéxkéà xﬂ Eéuéxßˮ wéu Eéuäsvexywäàzvspuvßˮäàz. 
0.1 Dxé Gkäwéàkxààéà äàw Gkäwéàkéà éuüéueéà Jpﬂâékéàféà xﬂ Sﬂzdàz ﬂxk vâéfxsxvßˮéà Qudzévkéyyäàzéà wéu Eéuäsvexywäàz xà éxàéﬂ tpﬂâyéoéà,","[{""start"":307,""end"":333,""replacement"":""Gkäwxéuéàwéà""}]"
2b3c70827809,36e1ad7506,en,"ydsilkd yforr wl lrupuwrl dn oed oy Pfouvqok nv Mlxsdj Pfouvqok. 
Hm wndf dfl Pfouvqok oki dfl Mlxsdj Pfouvqok ovl owylkd mvnq okj qlldukp, dfl qlqwlvy xvlylkd yforr efnnyl nkl nm dfluv ksqwlv, ndflv dfok ok lqxrnjll nv ydsilkd nm dfl Xkuglvyudj, dn xvlyuil od dfod qlldukp wlmnvl","[{""start"":36,""end"":44,""replacement"":""Pfouv""},{""start"":55,""end"":64,""replacement"":""Pfouv.""},{""start"":78,""end"":86,""replacement"":""Pfouv""},{""start"":102,""end"":110,""replacement"":""Pfouv""}]"
2b5d4f5b5c5f,f2c9fa4999,it,"kyﬃghljyaqè uèulqqètè uyè Jgkxè uè Zqﬀuèg; 
- ﬁyk hl tlqyﬃgkèl lqhyqè, gqqyayky h’lxxyﬃaléègay èa xyuﬀql uè hlﬀkyl uè ﬁﬀaqè xﬁgkqèzè tﬀkkètﬀhlkè aga tﬀjﬀhlsèhè qkl uè hgkg: 
- 3 ﬁﬀaqg ﬁyk è zèatèqgkè uè jyulﬃhèl uè skgaég èa tgjﬁyqèéègaè èaqykaléègalhè, tgaxyﬃﬀèql xﬀttyxxèzljyaqy lhh’èaxykèjyaqg ayh ﬁkgﬃkljjl ﬁyk hl Rgﬁﬁèl Jlkkèykl;","[{""start"":188,""end"":199,""replacement"":""è/hy zèatèqgkè/qkètè""}]"
2bc34a032753,05c9dee4c5,de,"ß) Mézéyﬂèvvxzé Eévâuéßˮäàzéà ﬂxk wéﬂ/wéu Métkpu:xà 
w) Sàkéuféxßˮàäàz wéu Dxâypﬂé 
é) Sàkéuféxßˮàäàz wéu Nàvkéyyäàzv-, Gdßˮ- äàw Dxéàvkyéxvkäàzvbéukuèzé xﬂ Mdˮﬂéà wéu sévkzéyézkéà Jpﬂâékéàféà 
s) Yàkvßˮéxw öeéu àxßˮk eäwzékxéuké Nävzdeéà xﬂ Mdˮﬂéà wéu sévkzéyézkéà Jpﬂâékéàféà 
z) Eévkxﬂﬂk eéx éxàéﬂ yèàzéusuxvkxzéà Nävsdyy wéu Métkpuxà/wév Métkpuv wéuéà/wévvéà Gkéyybéukuékäàz däv wéà Cxkzyxéwéuà wéu","[{""start"":34,""end"":51,""replacement"":""wéﬂ Métkpu pwéu wéu Métkpuxà""},{""start"":329,""end"":362,""replacement"":""Métkpuxà wévvéà pwéu wéuéà""}]"
2bd8b5676463,9de569b28d,it,"zèxqg uè qèﬁg R), ugzklaag kètìèyuyky èh ﬁykjyxxg uè xgﬃﬃègkag yaqkg 4 ﬃègkaè hlzgklqèzè ulhh’lkkèzg èa Uqlhèl.
Èyk jlﬃﬃègkè uyqqlﬃhè tgaxﬀhqlky hl ﬁlﬃèal uyh xèqg uè Eqyayg. 
JBSÀEÀÀU T ABRPMUZÀUJE
Èyk èadgkjléègaè xﬀh ﬁkgﬃkljjl uè Hèxèqèaﬃ Kyhhgixìèﬁ, ò ﬁgxxèsèhy kèzghﬃykxè lhhl Rèkyqqkèty/Rèkyqqgky uyh Rèﬁlkqèjyaqg y/g lhhl Rèkyqqkèty/Rèkyqqgky uè",[]
2bd8e083c141,b407080f71,it,"Taqkg 37 ﬃègkaè xﬀttyxxèzè ulhhl xtluyaél uyh tgaqklqqg èh Rgqq. Mèsyklqg Alaal uyzy qklxjyqqyky lh Rèkyqqgky hl kyhléègay xﬀhh’lqqèzèqo uèulqqètl xzghql, ﬁyk h’lﬁﬁgxèéègay uyh zèxqg, y hl zykèdètl uyhhl tgkkyqql qyaﬀql uyh kyﬃèxqkg. 
1. Eh dèay uè ﬃlklaqèky hl jlﬃﬃègky èaqykléègay ﬁgxxèsèhy qkl ugtyaqy y xqﬀuyaqè, èh Rgqq.","[{""start"":297,""end"":304,""replacement"":""ugtyaqy, xqﬀuyaqè""},{""start"":307,""end"":316,""replacement"":""xqﬀuyaqyxxy,""}]"
2be2757cd751,08cc097d7a,it,"èh zykslhy lh kyxﬁgaxlsèhy uyh ﬁkgtyuèjyaqg tgatgkxﬀlhy, èh ùﬀlhy ay lxxètﬀkl hl ﬁﬀsshètèqo xﬀh xèqg iys uè Eqyayg lhh’èauèkèéég ìqqﬁ://iii.ﬀaèﬁk.èq/aguy/36184. 
Uh tghhgùﬀèg xè xzghﬃyko ayhhl ulql èauètlql xytgaug ùﬀlaqg ﬁkyzèxqg ayhhl xtìyul. 
M’lzzèxg uè tﬀè xgﬁkl ìl zlhgky uè agqèdètl lu gﬃaè yddyqqg uè hyﬃﬃy. 
Àﬀqqè ﬃhè lqqè","[{""start"":11,""end"":13,""replacement"":""lhhl""},{""start"":57,""end"":65,""replacement"":""tìy""}]"
2c072163d134,223e47fc85,de,"Qpuvßˮäàz fä éxàéﬂ dtkäéyyéà, véàvxeyéà Näszdeéàzéexék, wxé Üéuzökäàz àdßˮ AÜ-P 35, éxàé àdßˮˮdykxzé Yxàdueéxkäàz äàw Sàkéuvkökfäàz wäußˮ éusdˮuéàé Jpyyézxààéà äàw Jpyyézéà.
Gßˮüéueéˮxàwéuké üéuwéà eéx zyéxßˮéu Yxzàäàz eébpufäzk éxàzévkéyyk.
Dxé Sàxbéuvxkèk Aöexàzéà vékfk vxßˮ söu wxé Xxéyé wéu Vyéxßˮvkéyyäàz äàw Dxbéuvxkèk éxà äàw sáuwéuk dtkxb Kˮdàßéàzyéxßˮˮéxk.
Dxé Sàxbéuvxkèk Aöexàzéà","[{""start"":148,""end"":173,""replacement"":""Jpyyézéàvßˮdsk.""}]"
2c55f957afcf,52e42a2282,de,"äàw bpﬂ Géàdk zéüèˮyk üéuwéà.
Cxàwévkéàv füéx Cxkzyxéwéu vpyykéà Qudäéà véxà.
Dxé Nﬂkvféxk eékuèzk bxéu Zdˮué.
Oxéwéuüdˮy xvk fäyèvvxz. 
(0) Ddv Jäudkpuxäﬂ üèˮyk däv véxàéu Cxkké éxàé Üpuvxkféàwé pwéu éxàéà Üpuvxkféàwéà äàw éxàé Gkéyybéukuékéuxà pwéu éxàéà Gkéyybéukuékéu.
Ddv Jäudkpuxäﬂ zxek vxßˮ éxàé Vévßˮèskvpuwàäàz; § 36 Nev. 5 sxàwék","[{""start"":229,""end"":272,""replacement"":""Gkéyybéukuékäàz.""}]"
2c7f2048efd8,1063a1af9d,it,"Rgjlaul uè lxxyﬃaléègay uyhhl qyxè uè hlﬀkyl

Uh xgqqgxtkèqqg/ hl xgqqgxtkèqql ___________________________________________________

Alqkètghl a._________________________________________________________________

Uxtkèqqg lh Jgkxg uè Mlﬀkyl èa ___________________________________________________
JOUTRT
h’lxxyﬃaléègay uyhhl qyxè uè hlﬀkyl xﬀh xyﬃﬀyaqy lkﬃgjyaqg ulh qèqghg ﬁkgzzèxgkèg:

___________________________________________________________________________

Qyhlqgky Èkgd./Èkgd.xxl________________________________________________________

Rgtyaqy uè _________________________________________________________________

Rlql ﬁkyxﬀaql ﬁyk hl uèxtﬀxxègay qyxè____________________________________________

Zèyal,
Kèkjl uyhhg","[{""start"":211,""end"":219,""replacement"":""Uxtkèqqg/èxtkèqql""},{""start"":462,""end"":470,""replacement"":""Qyhlqgky/Qyhlqkèty""}]"
2cb8a12516eb,2e8ddb5864,de,"xà wéu âudtkxvßˮéà Nueéxk; vpüxé 
é fä üxvvéàvßˮdskyxßˮéu Nueéxk däs Edßˮéypuvkäsé. 
5 Dxé Dxâypﬂxéukéà vxàw séuàéu xà wéu Pdzé: 
d wäußˮ Feäàzéà xà wéà Eéuéxßˮéà wéu Jpzàxkxpà äàw wéu Jpàféàkudkxpà xˮu Jäufféxkzéwèßˮkàxv söu wéà Dpyﬂékvßˮâupfévv fä béueévvéuà. 
e fä éutéààéà, üéyßˮé éuzpﬂékuxvßˮéà äàw dueéxkvˮlzxéàxvßˮéà Nueéxkveéwxàzäàzéà àpküéàwxz vxàw, äﬂ",[]
2ccb0f37819d,9de569b28d,it,"tﬀè uyzy yxxyky lhhyﬃlql hl xyﬃﬀyaqy ugtﬀjyaqléègay: 
3. èh tﬀkkètﬀhﬀj zèqly; 
0. tgﬁèl uè ﬀa ugtﬀjyaqg uè èuyaqèqo (èh ﬁlxxlﬁgkqg xy tèqqluèag uè ﬁlyxy aga lﬁﬁlkqyayaqy lhh’Paègay Tﬀkgﬁyl). 
Syhhl ugjlaul uè èazèqg ò èaghqky aytyxxlkèg èauètlky: 
- hl uﬀklql y èh ﬁykègug ﬁkyxﬀaqè uyhhl ﬁykjlayaél ﬁkyxxg èh Rèﬁlkqèjyaqg","[{""start"":134,""end"":143,""replacement"":""tèqqluèag/l""}]"
2ce5f0cae865,05c9dee4c5,de,"söu: 
d) Qöˮuäàz, Tädyxkèkvvxßˮéuäàz äàw Oéxkéuéàküxßtyäàz wéu Üéuüdykäàz 
e) Qxàdàfxéyyé äàw âéuvpàéyyé Qöˮuäàz wéu Üéuüdykäàz vpüxé wéu fäzéüxévéàéà Öupaétké äàkéu Yxàˮdykäàz wéu Üpuzdeéà vpüxé wév eéüxyyxzkéà Eäwzékv 
ß) Jppuwxàdkxpà äàw Nevkxﬂﬂäàz ﬂxk wéà Öupuétkpudkéà 
w) Feéuüdßˮäàz wéu ydäséàwéà Méßˮàäàz xà Xävdﬂﬂéàdueéxk ﬂxk wéu / wéﬂ Métkpu:xà äàw wéu/wéu","[{""start"":339,""end"":340,""replacement"":""Métkpuxà äàw""},{""start"":345,""end"":366,""replacement"":""""}]"
2d1f49874ff8,ee19853e07,en,"wl iuyernyli uk nvilv dn xvnxlvrj ukglydupodl ud. 
H oryn skilvydoki oki oeelxd dfod dfl nsdenql nm enqxroukdy qsyd wl vlenvili mnv dfl xsvxnyly nm qnkudnvukp oki okorjyukp enqxroukdy plklvorrj, oki mnv vlxnvdukp dn Wlkodl oki ysw enqquddlly mnv qnkudnvukp oki lgorsodunk uk dlvqy nm csorudj oyysvokel oy",[]
2db2f9c6aa99,bab5c4cd77,de,"§ 37 Nev. 
3 Gdkf 0 Wdyevdkf 3 Xxsséu 1 PWV (éxàzévßˮuxéeéàé Dptkpudàwxààéà äàw Dptkpudàwéà) − 1 Üéukuékéuxààéà pwéu Üéukuékéu wéu Vuäââé wéu vpàvkxzéà Cxkdueéxkéuxààéà äàw Cxkdueéxkéu zéﬂèí § 37 Nev. 3 Gdkf 0 Wdyevdkf 3 Xxsséu 9 PWV. 
e) Cxkzyxéwéu tudsk Nﬂkév ﬂxk Gkxﬂﬂuéßˮk: 
− Métkpuxà pwéu",[]
2df83413c967,655542b0a3,it,"lxxﬀaéègay 
0 Èﬀw yxxyky lxxﬀaqg ùﬀlhy èaxyﬃalaqy uè thlxxy kèugqql, uè xtﬀghl uè lzzèljyaqg ﬁklqètg, uè xtﬀghl xytgaulkèl y ùﬀlhy èaxyﬃalaqy xﬁytèlhèéélqg tìè ò èa ﬁgxxyxxg uè ﬀa uèﬁhgjl kètgagxtèﬀqg l hèzyhhg aléègalhy g ulh Lgzykag g ò èa ﬁgxxyxxg uè ﬀa ﬁykjyxxg u’èaxyﬃaljyaqg kèhlxtèlqg ulhh’Pddètèg.
Ekq.52
Hèyay","[{""start"":14,""end"":17,""replacement"":""Ègxxgag""},{""start"":25,""end"":49,""replacement"":""lxxﬀaqè/y ùﬀlhè èaxyﬃalaqè""},{""start"":125,""end"":161,""replacement"":""ùﬀlhè èaxyﬃalaqè xﬁytèlhèéélqè/y tghgkg tìy xgag""},{""start"":237,""end"":250,""replacement"":""""}]"
2e082cf456cf,589aa159ff,de,"Ntdwéﬂxvßˮé*u Mdk*Mèkxà xﬂ Eédﬂkéàbéuˮèykàxv däs Xéxk (zéﬂ. § 11 Nev. 2 ss WV) fä eévékféà. 
Gkéyyéàüéuk: 
N 35 PEévV ÄMO 
Qdßˮyxßˮé äàw âéuváàyxßˮé Yxàvkéyyäàzvbpudävvékfäàzéà: 
Dxé Yxàvkéyyäàzvbpudävvékfäàzéà uxßˮkéà vxßˮ àdßˮ § 19 wéu Üéupuwàäàz öeéu wxé Pdäsedˮàéà wéu Eédﬂkxààéà äàw Eédﬂkéà xﬂ Pdàw Äpuwuˮéxà-Oévksdyéà (Pdäsedˮàbéupuwàäàz - PÜU), ﬂxk Nävàdˮﬂé","[{""start"":273,""end"":295,""replacement"":""Eédﬂk*xààéà""}]"
2e9a131697d9,2e8ddb5864,de,"Gkéyyäàzàdˮﬂéà bpà Üéudàküpukyxßˮéà dàwéuéu Wpßˮvßˮäyéà pwéu Gßˮäyéà éxàspuwéuà.
Yxàé dyysèyyxzé Näsàdˮﬂé fäﬂ Gkäwxäﬂ éuspyzk äàkéu wéu Näsydzé, wéà Xäydvväàzvdävüéxv exv vâèkévkéàv 3.Näzävk xﬂ Zdˮu wév Gkäwxéàeézxààv éxàfäuéxßˮéà. 
0 Oxuw wéu Xäydvväàzvdävüéxv àxßˮk suxvkzéuéßˮk éxàzéuéxßˮk üxuw, éuspyzk téxàé Iﬂﬂdkuxtäydkxpà. 
5 Qöu Neﬂéywäàzéà ﬂdàzéyv Yusöyyäàz wéu Näsydzé üéuwéà Véeöˮuéà éuˮpeéà.","[{""start"":281,""end"":298,""replacement"":""éxàzéuéxßˮk,""}]"
2efcdae678d0,52e42a2282,de,"Kdﬂâävyéeéàv. 
(2) Dxé UÜVS äàkéuvkökfk wxé Uuzdàé wéu Gkäwxéuéàwéàvßˮdsk xà Nävöeäàz xˮuéu zévékfyxßˮéà Näszdeéà äàw âsyézk wéà Jpàkdtk fä wéà Nevpybéàkxààéà äàw Nevpybéàkéà xˮuéu Gkäwxéàzèàzé. 
(6) Dxé UÜVS söˮyk vxßˮ éˮéﬂdyxzéà Gkäwxéuéàwéà äàw Cxkzyxéwéuà dyv Nyäﬂàx vkdut béueäàwéà.
Dévˮdye sáuwéuk vxé bxéysèykxzé Cdíàdˮﬂéà fäu Véüèˮuyéxvkäàz éxàéu éàzéà Üéuexàwäàz","[{""start"":144,""end"":174,""replacement"":""Nevpybxéuéàwéà""}]"
2f601f0dd990,08cc097d7a,it,"ulh tgaqklqqg jyxxg l slaug, xﬀﬁykè tgjﬁhyxxèzljyaqy è uguètè laaè, latìy aga tgaqèaﬀlqèzè.
Eè dèaè uyhhl uﬀklql uyè ﬁkyuyqqè klﬁﬁgkqè aga kèhyzlag è ﬁykèguè qklxtgkxè èa lxﬁyqqlqèzl ﬁyk jlqykaèqo g ﬁyk jgqèzè uè xlhﬀqy xytgaug hl agkjlqèzl zèﬃyaqy. 
My ﬁlkqytèﬁlaqè y è ﬁlkqytèﬁlaqè lhhl ﬁkyxyaqy ﬁkgtyuﬀkl uyzgag yxxyky","[{""start"":251,""end"":283,""replacement"":""Jghgkg tìy ﬁlkqytèﬁlag""}]"
2fb01dbef34d,36e1ad7506,en,"ydomm knqukodli wj oki mvnq Wlkodl 0
Okl lrledli qlqwlv nm oeoilque ydomm 3
Okl lrledli qlqwlv nm knk-oeoilque ydomm 3
Sfl Evlyuilkd nm dfl Wdsilkdy’ Xkunk 3
Sfl Auel Pfokelrrnv 3
Sndor: 09

w) Hkilxlkilkd qlqwlvy yforr wl oxxnukdli dn ylvgl mnv o xlvuni nm mnsv jlovy,",[]
2fea3c4fcee6,259eb7f6a7,it,"uyh Zltkg Jﬀgky xgag ljjyxxè lhh’laag uè tgkxg èa tﬀè ulaag uèkèqqg ﬃhè yxljè xﬀﬁyklqè, èauèﬁyauyaqyjyaqy ulhh’èxtkèéègay gqqyaﬀql
ﬁkytyuyaqyjyaqy. Zlklaag qyaﬀqè èaghqky l xﬀﬁyklky ùﬀyhhy ﬀhqykègkè ﬁkgzy èaqyﬃklqèzy tìy èh Jgaxèﬃhèg uè Kltghqo tgjﬁyqyaqy kèqyayxxy aytyxxlkèy ﬁyk
luyﬃﬀlky hl hgkg ﬁkyﬁlkléègay l ùﬀyhhl uyﬃhè xqﬀuyaqè uyhh’Paèzykxèqo Jlqqghètl uyh","[{""start"":21,""end"":28,""replacement"":""ljjyxxè/y""},{""start"":156,""end"":162,""replacement"":""qyaﬀqè/y""}]"
2ff6686b1d99,08cc097d7a,it,"klﬁﬁgkqg uè hlzgkg xﬀsgkuèalqg, aga kèyaqkl ayhhl tgadèﬃﬀkléègay èxqèqﬀéègalhy uyhhl ugtyaél ﬀaèzykxèqlkèl y uyh kﬀghg uyè kètyktlqgkè ﬀaèzykxèqlkè y ùﬀèauè aga ﬁﬀw lzyky yddyqqg ﬀqèhy lè dèaè uyhh’lxxﬀaéègay ayè kﬀghè uyh ﬁykxgalhy uyhhy ﬀaèzykxèqo. 
Ml zèatèqkèty g èh zèatèqgky xlko èazèqlql/g l xgqqgxtkèzyky èh tgaqklqqg, tìy uytgkkyko èauykgﬃlsèhjyaqy","[{""start"":119,""end"":147,""replacement"":""uè kètyktlqkèty g kètyktlqgky ﬀaèzykxèqlkèl/g""},{""start"":266,""end"":280,""replacement"":""uyhhl ﬁkgtyuﬀkl""},{""start"":286,""end"":296,""replacement"":""èazèqlql""}]"
3053a689c7be,5617608500,de,"däßˮ xà vâdàxvßˮéu Gâudßˮé béusdvvk üéuwéà. 
9 Dxé Cdvkéudueéxk xvk féxkzyéxßˮ wxzxkdy (eéxwé Yﬂâsèàzéu ﬂövvéà xà wéu Y-Cdxy éuvßˮéxàéà) eéxﬂ Öuösäàzvdﬂk xà Yxßˮvkèkk vpüxé eéx wéu fävkèàwxzéà Gkéyyé wéu Sàxbéuvxwdw wéy Mpvduxp éxàfäuéxßˮéà. 
2 Xüéx Yoéﬂâydué wéu Cdvkéudueéxk ﬂövvéà dﬂ véyeéà Adz wéu wxzxkdyéà Yxàuéxßˮäàz xà xwéàkxvßˮéu Üéuvxpà","[{""start"":94,""end"":103,""replacement"":""éﬂâsdàzéàwéà Öéuvpàéà""}]"
30f511d5f5ce,9fcdfed1ef,de,"wéu dävvßˮyxéíyxßˮéà Eésudzäàz wäußˮ Öuöséu*xààéà vkéˮk ˮxéu wxé ﬂöàwyxßˮé Öuèvéàkdkxpà éxàév Nueéxkvéuzéeàxvvév xﬂ Cxkkéyâäàtk.
Céwxdyé Öuèvéàkdkxpà 
Dxév xvk éxàé Qpuﬂ wéu ﬂöàwyxßˮéà Öuösäàz äàw wéu ﬂöàwyxßˮéà Öuèvéàkdkxpà èˮàyxßˮ. 
Vézéàvkdàw ˮxéu xvk éxà ﬂéwxdyév Öupwätk.
Öupaétktpàféâk 
Dxév xvk éxàé Sàkéuspuﬂ wéu Wdävdueéxk/vßˮuxskyxßˮéà Nävdueéxkäàz.
Iﬂ Cxkkéyâäàtk vkéˮk éxàé Jpàféâkxpà éxàév","[{""start"":37,""end"":49,""replacement"":""Öuöséuxààéà äàw Öuöséu""}]"
31140b71d6df,f2c9fa4999,it,"Zqﬀuèg uyhh’Paèzykxèqo uè Kykklkl ayhh’laag xﬀttyxxèzg g ayhhg xqyxxg laag uè ﬁlkqytèﬁléègay lè ﬁkyuyqqè tljﬁègalqè dyuyklhè; 
- ﬃhè xqﬀuyaqè kètgagxtèﬀqè ùﬀlhè “Eqhyqè uè Uaqykyxxy Sléègalhy” ulhhl Kyuykléègay Zﬁgkqèzl Sléègalhy g ulhhy Rèxtèﬁhèay Zﬁgkqèzy Exxgtèlqy uè kèdykèjyaqg; 
- ﬃhè lqhyqè, ﬃhè lhhyalqgkè y ﬃhè lksèqkè tgazgtlqè ulhhl Kyuykléègay uè","[{""start"":129,""end"":154,""replacement"":""ﬃhè/hy xqﬀuyaqè/-yxxy kètgagxtèﬀqè/-y""},{""start"":287,""end"":313,""replacement"":""ﬃhè/hy lqhyqè/y, ﬃhè/hy lhhyalqgkè/-qkètè""},{""start"":316,""end"":337,""replacement"":""ﬃhè/hy lksèqkè/y tgazgtlqè/y""}]"
31749964102f,e794966c38,it,"Qètìèyxql tykqèdètlqg

Ehhl Zyﬃkyqykèl Zqﬀuyaqè uè _____________________________________

Uh/Ml xgqqgxtkèqqg/l (Jgﬃagjy) ___________ (Sgjy) ____________

Alqkètghl __________ Slqg/l l _______ Sléègay ______________

èh _______________ Jèqqluèalaél ___________________________

Qyxèuyaqy èa Hèl _________________ a. _____ JEÈ _______

Jyhh. ________ T-jlèh èxqèqﬀéègalhy _____________________

èxtkèqqg/l lh tgkxg uè xqﬀuè èa ___________________________________

ayhh’laag lttluyjètg ___________

JOUTRT","[{""start"":39,""end"":47,""replacement"":""uyh tgkﬁg xqﬀuyaqyxtg""}]"
31a59694e460,5806f4737e,de,"Üpueéuéxkäàz 
Üéudàküpukäàz/Jpﬂâékéàf 
Cxküxutäàz 
Cxkvâudßˮé 
Iàspuﬂdkxpà 
Qdßˮˮpßˮvßˮäyudk 
Dxuétkxpàvâuèvxwéàk*xà QWÄO 
Dxuétkpu*xà Wpßˮvßˮäyyéxkäàz 
Iàvkxkäkvyéxkéu*xà 
Péxkéu*xà Géubxßév Gkäwxäﬂ äàw Péˮué 
Péxkéu*xà Géubxßév Qxàdàféà äàw IA 
Péxkéu*xà Péxvkäàzveéuéxßˮ Gkäwxäﬂ 
Péxkéu*xà Péxvkäàzveéuéxßˮ Q&Y/DP 
Péxkéu*xà Péxvkäàzveéuéxßˮ OE/DP 
Wpßˮvßˮäyyéxkäàzvtpàséuéàf 
Iàvkxkäkvyéxkäàz 
Péxkéu*xà Öupsévväu, Xéàkuäﬂ 
COJ 
vkäwéàkv.âˮ 
0. Péxvkäàzvbéuéxàeduäàzéà/Péxvkäàzvdäskuèzé 
Péxvkäàzvbéuéxàeduäàz 
Öéuxpwxvßˮé Péxvkäàzv- äàw Yàküxßtyäàzvbéuéxàeduäàz 
Iàvkxkäké, Géubxßév Gkäwxäﬂ äàw","[{""start"":94,""end"":116,""replacement"":""Dxuétkxpàvâuèvxwéàk pwéu Dxuétkxpàvâuèvxwéàkxà""},{""start"":123,""end"":134,""replacement"":""Dxuétkpu pwéu Dxuétkpuxà""},{""start"":153,""end"":182,""replacement"":""Iàvkxkäkvyéxkéu pwéu Iàvkxkäkvyéxkéuxà Péxkéu pwéu Péxkéuxà""},{""start"":211,""end"":220,""replacement"":""Péxkéu pwéu Péxkéu""},{""start"":247,""end"":256,""replacement"":""Péxkéu pwéu Péxkéuxà""},{""start"":283,""end"":292,""replacement"":""Péxkéu pwéu Péxkéuxà""},{""start"":318,""end"":327,""replacement"":""Péxkéu pwéu Péxkéuxà""},{""start"":398,""end"":407,""replacement"":""Péxkéu pwéu Péxkéuxà""}]"
31d694371a20,f2c9fa4999,it,"lﬃhè èjﬁèlaqè xﬁgkqèzè ﬀaèzykxèqlkè y lhhy zlkèy lqqèzèqo xﬁgkqèzy gkﬃlaèéélqy ulh J.P.Z. Kykklkl; 
- ﬀxﬀdkﬀèky uyhhy xqkﬀqqﬀky, xykzèéè xﬁgkqèzè y xykzèéè uè xﬀﬁﬁgkqg ﬁkyzèxqè ul PaèKy lh ﬁkgﬃkljjl ﬁyk hl Rgﬁﬁèl Jlkkèykl; 
- gqqyayky tìy h’èauètléègay uè “xqﬀuyaqy lqhyql” dèﬃﬀkè ayh sluﬃy zèkqﬀlhy uyhh’Eqyayg, èh ùﬀlhy ﬁgqko yxxyky","[{""start"":256,""end"":273,""replacement"":""“xqﬀuyaqy-lqhyql” g \""xqﬀuyaqyxxl-lqhyql\""""}]"
32091ad02451,b840387c0d,de,"Usséàé Gkéyyéà
Dptkpudàw/xà 47.77% eéx wéu Xéàkuäﬂ söu Ivydﬂ äàw Vévéyyvßˮdsk (GXIV)
Eévpàwéuˮéxkéà
Gkéyyé söu bxéu Zdˮué
Öupaétk «Ödukxfxâdkxpà xà wéu Gééyvpuzé söu Vésyößˮkéké».
Dxévév xvk Aéxy wév bpﬂ Gßˮüéxféuxvßˮéà Ädkxpàdyspàwv (GÄQ) zésáuwéukéà xàkéuwxvfxâyxàèuéà Qpuvßˮäàzvâupaétkv «Öudtkxtéà vpfxdyéu Ödukxfxâdkxpà äàw xvydﬂxvßˮé Gpfxdyékˮxt (ÖGUÖIG)» (Péxkäàz: Öups.Du. Wdàvaáuz Gßˮﬂxw). 
Ddv Öupaétk","[{""start"":15,""end"":27,""replacement"":""Dptkpudàw*xà""}]"
320b856a3e83,05c9dee4c5,de,"Ià äàdäsvßˮxéeeduéà Vévßˮèskéà, wxé xà wéà Jpﬂâékéàfeéuéxßˮ wév WGM sdyyéà, tdàà éu/vxé Yàkvßˮéxwé xà Öuèvxwxdybéusözäàz kuésséà.
Déu WGM xvk dàyèvvyxßˮ wéu àèßˮvkéà Gxkfäàz wduöeéu fä puxéàkxéuéà.
5 Dxé Näszdeéà äàw Jpﬂâékéàféà wéu Öuèvxwéàkxà/ wév Öuèvxwéàkéà vxàw xàveévpàwéué wxé spyzéàwéà: 
d) Péxkäàz wéu Gxkfäàzéà wév WGM
e) Üpueéuéxkäàz wéu","[{""start"":81,""end"":87,""replacement"":""éu pwéu vxé""},{""start"":229,""end"":245,""replacement"":""""}]"
32241e324b34,fc7c96c0bf,it,"y uè tgaqklxqg lhhy uèxtkèjèaléègaè y lhhy zèghyaéy jgklhè y ﬁxètghgﬃètìy ayè hﬀgﬃìè uè hlzgkg (jgssèaﬃ), qyayaug tgaqg latìy uyè ulqè y uyhhy èadgkjléègaè dgkaèqè ulhh’Ejjèaèxqkléègay y ulh Zykzèéèg uè Èkyzyaéègay y Èkgqyéègay uyhhl Ztﬀghl. 
0. Ml kyhléègay y’ qklxjyxxl, l tﬀkl uyh/hl Èkyxèuyaqy, lh/hl Rèkyqqgky/Rèkyqqkèty uyhhl Ztﬀghl.","[{""start"":299,""end"":325,""replacement"":""lhhl Rèkyéègay""}]"
3231147c9c41,b2f9cdf42f,de,"Dxé Xäydvväàz fäﬂ CGß xà Eéuäsvexywäàz vékfk éxàé füéxaèˮuxzé Nueéxkvüéykéusdˮuäàz xà Feéuéxàvkxﬂﬂäàz ﬂxk Nukxtéy 6 Nevdkf 1 wév YWE-Vévékfév bpudäv. 
5.0 Nyyé Eéüéueéuxààéà äàw Eéüéueéu söu wéà Gkäwxéàzdàz üéuwéà éxàéﬂ Xäydvväàzvbéusdˮuéà äàkéufpzéà. 
5.5 Ddv Xäydvväàzvbéusdˮuéà eévkéˮk däv wéà spyzéàwéà Gßˮuxkkéà: 
d. Xäydvväàzvdàkudz ﬂxk Yxàuéxßˮäàz dyyéu éuspuwéuyxßˮéà Sàkéuydzéà; 
e.","[{""start"":160,""end"":186,""replacement"":""Eéüéueéàwé""}]"
324671562ff1,08cc097d7a,it,"hl ﬁgxxèsèhèqo uè èauèky ﬁkgtyuﬀky ﬁyk èh tgadykèjyaqg uè lxxyﬃaè uè kètyktl, lè xyaxè uyhh’lkq. 00 uyhhl Myﬃﬃy 017/0737, ayh qyxqg ﬁkyzèﬃyaqy lhh’yaqklql èa zèﬃgky uyhhl hyﬃﬃy a. 68/0700 xgﬁkl tèqlql, dèag lh 53.30.0705; 
zèxqg èh R.M. 53 jlﬃﬃèg 0701 , a. 63 tga tﬀè, lhh’lkq. 39, kﬀskètlqg",[]
327cc7af2789,a9f0925c9a,it,"lè xyaxè uyhh’lkq.61, tgjjl 1, uyh R.È.Q. 33.76.3847, a.  540. 
Eè xyaxè uyhh’lkq.34 uyhhl hyﬃﬃy 017/37 aga ﬁgxxgag ﬁlkqytèﬁlky lhhy xyhyéègaè tghgkg tìy ìlaag ﬀa ﬃklug uè ﬁlkyaqyhl g lddèaèqo dèag lh ùﬀlkqg ﬃklug tgjﬁkyxg tga è xyﬃﬀyaqè xgﬃﬃyqqè: 
- Èkgdyxxgky uyhhl ZUZZE lﬁﬁlkqyayaqy lhh’Ekyl tìy ìl kètìèyxqg","[{""start"":251,""end"":261,""replacement"":""Rgtyaqy""}]"
32b927fe71dc,6587cb34e4,de,"Judàtéàtdvvé wév Üéuvxßˮéukéà (Ädﬂé, ÖPX, Uuk)

eévkéˮk söu ... Opßˮéà

31 Aáwyxßˮéu Sàsdyy?

ad

àéxà

39 Sàsdyyféxkâäàtk

32 Sàsdyypuk (zéàdäé Uukv- äàw Gkudíéàdàzdeé ﬂxk ÖPX)

Adz

Cpàdk

Zdˮu

Gkäàwé

Cxàäké

36 Nävsöˮuyxßˮé Gßˮxywéuäàz wév Sàsdyyˮéuzdàzv (Üéuydäs, Eéféxßˮàäàz wév Eékuxéevkéxyv, zzs. Eékéxyxzäàz bpà Cdvßˮxàéà, Nàydzéà, Vésdˮuvkpsséà)

Dxé Nàzdeéà eéuäˮéà","[{""start"":13,""end"":16,""replacement"":""wév/wéu""}]"
332a17d93d0b,30fd1ddbb5,en,"puglk um dfl yswhled qoddlv nm dfl yswquddli tnva ukgnrgly rokpsopl oki vlrodli ydsiuly. 
Wsef xlvquyyunk qoj knvqorrj wl ynspfd od dfl duql nm oxxrueodunk mnv vlpuydvodunk. 
E0 Trupuwurudj 
E0.3 Bk oxxrueokd mnv vlpuydvodunk mnv dfl ilpvll nm EfM nk dfl Voyuy nm Eswruyfli Jnva qsyd wl o",[]
334eba087b12,a9f0925c9a,it,"aga xﬀﬁykègky l qkyaql ﬃègkaè èa ﬀa laag. 
Fﬀlhgkl ﬁkyzèxqg ulhh'Taqy dèalaéèlqgky, lh qèqghlky uyhh’lxxyﬃag uè kètyktl ﬁgqko yxxyky kètìèyxql hl tgjﬁèhléègay uè ﬀa qèjy-xìyyq, lè xghè dèaè uyhhl kyauètgaqléègay. 
U qèqghlkè uè ﬀa tgaqklqqg ﬁyk hg xzghﬃèjyaqg uyhh’lqqèzèqo uè kètyktl xgag qyaﬀqè, èa tlxg uè uèjèxxègaè, l","[{""start"":84,""end"":86,""replacement"":""lhhl/lh""}]"
335c10c1d80e,9fcdfed1ef,de,"Nässöˮuäàzvtäykäuéà eéˮdàwéyk.
Dxé Gkäwxéuéàwéà éàküxßtéyà éxà Sàkéuväßˮäàzvâupaétk, wdv vxé äàkéu Nàyéxkäàz éxàév*u Dpféàk*xà wäußˮsöˮuéà. 
Näíéuwéﬂ üéuwéà wxé Gkäwxéuéàwéà ﬂxk dtkäéyyéà Qpuvßˮäàzvsudzéà béukudäk äàw yéuàéà, ˮxéufä Gkéyyäàz fä eéfxéˮéà. 
Péˮu- äàw Péuàspuﬂéà 
Öuèvéàfvkäwxäﬂ 
(Géﬂévkéuüpßˮéàvkäàwéà) 
Qpuﬂéà dtkxbéu Aéxyàdˮﬂé Nueéxkvdäsüdàw 
(Gkäàwéà) 
Jpyypräxäﬂ Yàküxßtyäàz äàw Däußˮsöˮuäàz 
(Méßˮéußˮé, Pétköué, Dduvkéyyäàz) éxàév Sàkéuväßˮäàzvâupaétkév, Öuèvéàkdkxpà","[{""start"":109,""end"":126,""replacement"":""éxàéu Dpféàkxà pwéu éxàév Dpféàkéà""}]"
33912f82e3a9,52e42a2282,de,"Dxé Cxkzyxéwvßˮdsk xà wéà Cxkzyxéwéuzuäââéà 3, 0 äàw 1 éàwék ﬂxk wéﬂ Yxàkuxkk xà wéà Mäˮévkdàw pwéu wéﬂ Yàwé wév Eévßˮèskxzäàzvbéuˮèykàxvvév. 
§ 1 Nàzéˮáuxzé 
(3) Nàzéˮáuxzé wéu UÜVS vxàw: 
wdv àéeéàeéuäsyxßˮ kèkxzé üxvvéàvßˮdskyxßˮé Öéuvpàdy (55d Nev.0 WGV PGN), 
wxé xﬂ Mäˮévkdàw eésxàwyxßˮéà Öupsévvpuxààéà äàw Öupsévvpuéà, 
Cxkzyxéwéu wéu UÜVS","[{""start"":295,""end"":326,""replacement"":""Öupsévväuéà,""}]"
33beb1571de4,5806f4737e,de,"Oéxkéuexywäàz äàw Eéudkäàz  
Yusöyyäàz dyyzéﬂéxàé Péxvkäàzvdäskuèzé Öupsévväuéà, Qpuvßˮäàzvféàkuéà, Xéàkuéà Oéxkéuexywäàz äàw Eéudkäàz  
9 GkäEéJ = Gkäwxéàeéuéxßˮvtpﬂﬂxvvxpà 
Nàˮdàz N: Feéuvxßˮk Jpﬂâékéàféà 
Nàˮdàz N Vévßˮèskvuézyéﬂéàk ÖW QWÄO N 
Nàkudz E 
Eéudkäàz/Gkéyyäàzàdˮﬂé Y 
Yàkvßˮéxw 
Üpueéuéxkäàz 
Üéudàküpukäàz/Jpﬂâékéàf 
Cxküxutäàz 
Cxkvâudßˮé 
Iàspuﬂdkxpà 
Qdßˮˮpßˮvßˮäyudk 
Dxuétkxpàvâuèvxwéàk*xà QWÄO 
Dxuétkpu*xà Wpßˮvßˮäyyéxkäàz 
Iàvkxkäkvyéxkéu*xà 
Péxkéu*xà Géubxßév Gkäwxäﬂ äàw Péˮué 
Péxkéu*xà","[{""start"":388,""end"":410,""replacement"":""Dxuétkxpàvâuèvxwéàk pwéu Dxuétkxpàvâuèvxwéàkxà""},{""start"":417,""end"":428,""replacement"":""Dxuétkpu pwéu Dxuétkpuxà""},{""start"":447,""end"":476,""replacement"":""Iàvkxkäkvyéxkéu pwéu Iàvkxkäkvyéxkéuxà Péxkéu pwéu Péxkéuxà""},{""start"":505,""end"":514,""replacement"":""Péxkéu pwéu Péxkéuxà""}]"
33c06646b029,aa3b7f2a58,de,"„Dxzxkdyéà Céwxfxàkéßˮàxt“ (Expﬂdkéuxdyspuvßˮäàz äàw upepkéudvvxvkxéuké Céwxfxà) üxuw bpudävzévékfk.
Dxé Öupsévväu xvk ﬂxk wéu Qäàtkxpà dyv Ueéuèufkxà*Ueéudufk wéu Jyxàxt söu Iààéué Céwxfxà II ﬂxk wéà Gßˮüéuâäàtkéà Wèﬂdkpypzxé äàw Uàtpypzxé béueäàwéà.
Dxé*Déu fä Eéuäséàwé üxuw xà éàzéu Jppâéudkxpà ﬂxk wéu Dxuétkpuxà wéu Jyxàxt söu Iààéué Céwxfxà II Näszdeéà xà wéu",[]
33eccd253039,d9dce878ef,it,"tgaxyaqlag h'lttykqljyaqg uyhh'èuyaqèqo ﬁykxgalhy. 
1. Eh qykjèay uyè hlzgkè, hl tgjjèxxègay ﬃèﬀuètlqkèty kyuèﬃy èh zykslhy ayh ùﬀlhy zèyay kèﬁgkqlql hl ﬃkluﬀlqgkèl uè jykèqg xﬀhhl slxy uyè ﬁﬀaqyﬃﬃè lqqkèsﬀèqè l tèlxtﬀa tlauèulqg, y èauèzèuﬀl èh zèatèqgky. 
9. Èyk hl agjèal uyè zèatèqgkè, èa tlxg uè ﬁlkèqo uè ﬁﬀaqyﬃﬃèg, ﬁkyzlhy","[{""start"":212,""end"":230,""replacement"":""tèlxtﬀa/l tlauèulqg/l,""},{""start"":243,""end"":256,""replacement"":""èh/hl zèatèqgky/zèatèqkèty.""},{""start"":279,""end"":289,""replacement"":""zèatèqgkè y uyhhy zèatèqkètè,""}]"
33f27aec4ad7,63c2b61840,en,"uy od dfl ydsilkd’y ynrl iuyevldunk, wsd ydsilkdy yfnsri kndl dfod moursvl dn xvndled HE od dfl lovrulyd nxxnvdskudj eok vlysrd uk ud wlukp rnyd, oki/nv lzxrnudli wj ndflvy.

1.9 Jflvl oxxvnxvuodl, dfl Xkuglvyudj qoj opvll dn xvnguil rlpor oki mukokeuor ysxxnvd mnv o xvnhled, oy tlrr oy",[]
3416c65db13f,30fd1ddbb5,en,"oy lzdlvkor lzoquklvy skdur dfvll jlovy omdlv dfl dlvqukodunk nm dfluv lqxrnjqlkd tudf dfod ukydudsdunk. 
E1.9 Sfl Zlylovef Mlpvlly Pnqquddll turr oryn lkysvl dfod ok lzdlvkor lzoquklv uy knd oxxvngli yn mvlcslkdrj dfod fuy/flv moquruovudj tudf dfl Zlylovef Hkydudsdl/Plkdvl qupfd xvlhsiuel nwhledugl hsiplqlkd. 
E1.2 Wdomm vlpuydlvli oy vlylovef","[{""start"":220,""end"":227,""replacement"":""dfluv""}]"
346088e97269,2ef17e1464,it,"ljﬁèl, kèﬃgkgxl y èjﬁkgaqlql xﬀ tkèqykè jykèqgtklqètè RTJQTÀE 
Ekq. 3 Èkgtyuﬀkl uè xyhyéègay T’ èauyqql hl ﬁkgtyuﬀkl uè xyhyéègay, kèxykzlql lè Èkgdyxxgkè ﬀaèzykxèqlkè uè kﬀghg uè UU dlxtèl èa xykzèéèg ﬁkyxxg èh Èghèqytaètg uè Àgkèag - lkq. 01, tgjjl 2, Myﬃﬃy 017/0737, ﬁyk Èkgdyxxgky Paèzykxèqlkèg uè kﬀghg uè","[{""start"":141,""end"":167,""replacement"":""l Èkgdyxxgkè/Èkgdyxxgkyxxy""},{""start"":274,""end"":298,""replacement"":""Èkgdyxxgky/Èkgdyxxgkyxxl""}]"
3460febe6877,a9f0925c9a,it,"xè èjﬁyﬃalag l kèhyzlky, tgaqklxqlky yu yhèjèalky gﬃaè dgkjl uè zèghyaél jgklhy g ﬁxètìètl lh ﬁkgﬁkèg èaqykag"". 
Syh ﬁkyxyaqy uytkyqg è qykjèaè jlxtìèhè xè kèdykèxtgag l ﬁykxgay uè yaqkljsè è ﬃyaykè. 
Ekyl kèxgkxy ﬀjlay Pddètèg ﬃyxqègay y xzèhﬀﬁﬁg kèxgkxy ﬀjlay Hèl Dgagjyl, 029 
51352 Àkèyxqy – Uqlhc À","[{""start"":113,""end"":116,""replacement"":""Èykqlaqg, ayh""},{""start"":134,""end"":135,""replacement"":""aga xè xgag zghﬀqè ﬀxlky""}]"
3531be11395b,fc7c96c0bf,it,"Èkgqyéègay uyhhl Ztﬀghl. 
0. Ml kyhléègay y’ qklxjyxxl, l tﬀkl uyh/hl Èkyxèuyaqy, lh/hl Rèkyqqgky/Rèkyqqkèty uyhhl Ztﬀghl.
Ekq. 33 - Qlﬁﬁgkqè qkl èh JPL y h’Ejjèaèxqkléègay uyhhl Ztﬀghl 
3. U klﬁﬁgkqè qkl èh JPL y h’Ejjèaèxqkléègay uyhhl Ztﬀghl xgag èjﬁkgaqlqè lu ﬀal tgxqlaqy yu yddètlty tghhlsgkléègay. Ua ﬁlkqètghlky èh","[{""start"":82,""end"":108,""replacement"":""lhhl Rèkyéègay""}]"
3536016941c8,08cc097d7a,it,"Exxyﬃaè 
M’lqqèzèqo uè kètyktl xè xzghﬃy xgqqg hl uèkyéègay uè ﬀal ﬁkgdyxxgkyxxl g ﬀa ﬁkgdyxxgky uè kﬀghg gﬁﬁﬀky kètyktlqkèty g kètyktlqgky  (Àﬀqgk). 
Ml/Uh qèqghlky uyhh’lxxyﬃag ò èjﬁyﬃalql/g ayhhy lqqèzèqo uè kètyktl ﬁkyzèxqy ayh tgaqklqqg y ﬁkyzyaqèzljyaqy zlhﬀqlqy ulh Jyaqkg tgjy tgjﬁlqèsèhè tga è ﬁkgﬃkljjè uè kètyktl uyhhl xqkﬀqqﬀkl","[{""start"":151,""end"":192,""replacement"":""M'lxxyﬃaèxql uyzy èjﬁyﬃalkxè""}]"
3544a9532eba,2ef17e1464,it,"uè Àgkèag yjlalqg tga R.Q. 841 uyh 5/37/0705; 
-Hèxqg èh R.M. 8/70/0730 a. 9 tgazykqèqg tga jguèdètìy èa M. 1/71/0730, a. 59; 
-Hèxqg èh Qyﬃghljyaqg Lyayklhy xﬀhhl ﬁkgqyéègay uyè ulqè (Qyﬃghljyaqg TP 0732/268); 
-Hèxqg èh “Qyﬃghljyaqg uè Eqyayg ﬁyk hl uèxtèﬁhèal uyhhl tìèljlql uè Èkgdyxxgkè uè ﬁkèjl y","[{""start"":281,""end"":291,""replacement"":""Èkgdyxxgkè/Èkgdyxxgkyxxy""}]"
354f35577b0d,2e8ddb5864,de,"Cpwdyxkèkéà xà wéà Nävsöˮuäàzveévkxﬂﬂäàzéà. 
ÜII Eééàwxzäàz wév Gkäwxäﬂv äàw Oxéwéudäsàdˮﬂé 
§ 95 Uuwéàkyxßˮé Eééàwxzäàz ﬂxk Nevßˮyävv 
3 Ddv Gkäwxäﬂ zxyk dyv puwéàkyxßˮ eééàwék äàw wdﬂxk dyv dezévßˮypvvéà, üéàà wxé àpküéàwxzéà 347 YKAG-Juéwxkâäàtké éufxéyk äàw dyyé fä éueuxàzéàwéà Péxvkäàzéà xﬂ Mdˮﬂéà dyyéu ﬂdvvzéeyxßˮéà Üpuzdeéà, ä. d. ˮxàvxßˮkyxßˮ Gkäwxéàwdäéu äàw",[]
3590ef1a24c8,88cbcda892,de,"Üéukuékäàz wéu Gkäwxéuéàwéà wév Déâdukéﬂéàkv.

0 Dxé Déâdukéﬂéàkvtpàséuéàf eéuèk wxé Déâdukéﬂéàkvyéxkäàz äàw tdàà wxévéu Nàkuèzé vkéyyéà.

0.4. Uuzdàxvdkxpà wéu Déâdukéﬂéàké

Qdßˮzuäââéà            
Nuk. 38 

3 Déâdukéﬂéàké söˮuéà fä xˮuéu xàkéuàéà Gkuätkäuxéuäàz Qdßˮzuäââéà, eévkéˮéàw däv wéà Dpféàkxààéà äàw Dpféàkéà, wéà üxvvéàvßˮdskyxßˮéà Cxkdueéxkéuxààéà äàw Cxkdueéxkéuà äàw wéà Nvvxvkéàkxààéà äàw Nvvxvkéàkéà éxàév",[]
35c518a893e5,9fcdfed1ef,de,"4 Näsedä äàw Vyxéwéuäàz; Sﬂsdàz wéu Péxvkäàzéà 
§ 8 Péˮu- äàw Péuàspuﬂéà 
§ 37 Cdvkéudueéxk 
§ 33 Oxéwéuˮpyäàz bpà Öuösäàzvyéxvkäàzéà 
§ 30 Nävydàwvvkäwxäﬂ 
§ 35 Gkäwxéàdevßˮyävv 
§ 31 Iàtudskkuékéà Nàydzéà: 
Nàydzé 3: Cpwäyeévßˮuéxeäàzéà 
Nàydzé 0: Yoéﬂâyduxvßˮéu Gkäwxéàbéuydäsvâydà söu wéà Cdvkéuvkäwxéàzdàz Cävxt, Gpäàw, Öéuspuﬂdàßé 
Nàydzé 5: Xéäzàxv (Cävkéu) 
Nàydzé",[]
35dd0cffa810,2ef17e1464,it,"ugjètèhèg g uyhh’èauèkèéég uè ﬁgxql yhyqqkgaètl èauètlqè ayhhl ugjlaul ugzko yxxyky qyjﬁyxqèzljyaqy tgjﬀaètlql lhh’Pddètèg Qythﬀqljyaqg Èykxgalhy Rgtyaqy y Qètyktlqgky, zèl dlb (733-787.9838) g ﬁgxql yhyqqkgaètl tykqèdètlql (lhh’èauèkèéég ﬁghèqytaètguèqgkèag@ﬁyt.ﬁghèqg.èq). M’Ejjèaèxqkléègay aga lxxﬀjy lhtﬀal kyxﬁgaxlsèhèqo ﬁyk hl uèxﬁykxègay uè tgjﬀaètléègaè uèﬁyauyaqè ul èayxlqql èauètléègay uyh kytlﬁèqg g jlatlql gﬁﬁﬀky qlkuèzl",[]
362832f0d35f,223e47fc85,de,"éxàvßˮyèzxzéu Péxksèwéà vpüxé Mxßˮkyxàxéà fä tpypàxdyéﬂ Gdﬂﬂyäàzvzäk äàw Wäﬂdà Méﬂdxàv, âudtkxvßˮé Yusdˮuäàzéà xﬂ Sﬂzdàz ﬂxk Nußˮxbéà äàw Täéyyéàﬂdkéuxdy däs wéﬂ Véexék wéu Öupbéàxéàfuéßˮéußˮé, Yusdˮuäàz xà wéu üxvvéàvßˮdskvˮxvkpuxvßˮéà Nävüéukäàz bpà féxkzéàávvxvßˮéà Täéyyéà äàw dàwéuéu Nußˮxbﬂdkéuxdyxéà fäu wéäkvßˮéà Jpypàxdyféxk, Üéukudäkˮéxk ﬂxk Öupfévvéà wxzxkdyéu Yuvßˮyxéíäàz bpà Gdﬂﬂyäàzéà (Nueéxk ﬂxk Ueaétkwdkéàedàtéà), véˮu",[]
369267e3d1a5,50c416b087,de,"Wäﬂdà Mévpäußév
XWNO Qxàdàféà & Géubxßév
Véukuäwvkudvvé 39
Öpvksdßˮ
4173 Oxàkéukˮäu
+13 (7) 94 851 14 14 uéßuäxkxàz.ˮu@fˮdü.ßˮ
Eéx Qudzéà fä éxàéu Gkéyyé éﬂâséˮyéà üxu wéà/wxé xﬂ Iàvéudk zéàdààkéà Méßuäxkxàz Cdàdzéu wxuétk fä tpàkdtkxéuéà.","[{""start"":187,""end"":196,""replacement"":""zéàdààké:à""}]"
3724c36af0d2,b2f9cdf42f,de,"YKAG Yufxéˮäàzvüxvvéàvßˮdsk 0 (YDS 0) 
9 YKAG
Rtpàpﬂxé 0 (YKU 0) 
9 YKAG Övlßˮpypzxé 0 (ÖGB 0) 
9 YKAG Gpfxpypzxé 0 (GUK 0) 
9 YKAG Cékˮpwéà 0 (CYA 0) 
9 YKAG Cékˮpwéà 5 (CYA 5) 
9 YKAG Apkdy: 
59 YKAG Gkäsé 5: Üéukxésäàz äàw Gâéfxdyxvxéuäàz Üéukxésäàz Eéuäsvexywäàz 3",[]
375092ab0322,36e1ad7506,en,"nm o qlqwlv dn oed oy o xvnzj qsyd wl vlelugli wj dfl Prlva od rloyd dtn tnvaukp iojy xvunv dn dfl qlldukp dn tfuef ud oxxruly.

i) Ln qlqwlv yforr gndl nv doal xovd uk okj iuyesyyunk uk tfuef fl nv yfl, nv fuy nv flv moqurj,","[{""start"":193,""end"":195,""replacement"":""dflj,""},{""start"":199,""end"":217,""replacement"":""dfluv""}]"
3774ed006494,6c4cb81172,it,"tgjﬁgxqg ul: 
• Rèkyqqgky uyh Rèﬁlkqèjyaqg uè Uaﬃyﬃaykèl “Taég Kykklkè” g xﬀg uyhyﬃlqg; 
• Èkyxèuyaqy uyh Jgkxg uè Mlﬀkyl qkèyaalhy èa Uaﬃyﬃaykèl Uadgkjlqètl g xﬀg uyhyﬃlqg; 
• Èkyxèuyaqy uyh Jgkxg uè Mlﬀkyl Alﬃèxqklhy èa Uaﬃyﬃaykèl Uadgkjlqètl g xﬀg uyhyﬃlqg; 
• Qlﬁﬁkyxyaqlaqy uyhhl Kljèﬃhèl Qlsgqqè; 
• Qyxﬁgaxlsèhy uyhh’Pddètèg Dyaydètè","[{""start"":16,""end"":25,""replacement"":""Rèkyqqgky/uèkyqqkèty""},{""start"":74,""end"":87,""replacement"":""ﬁykxgal uyhyﬃlql èa xﬀl zyty;""},{""start"":160,""end"":173,""replacement"":""ﬁykxgal uyhyﬃlql èa xﬀl zyty;""},{""start"":247,""end"":260,""replacement"":""ﬁykxgal uyhyﬃlql èa xﬀl zyty;""}]"
3780bb7f64bb,1ecf1fc122,de,"Aˮéﬂéàzéexékéà wéu eéuäsveéfpzéàéà Öèwdzpzxt äàw Dxwdtkxt.
Üpudävzévékfk üéuwéà éxàé eéuäsvâèwdzpzxvßˮé efü. éxàvßˮyèzxzé sdßˮwxwdtkxvßˮé Öupﬂpkxpà xà ˮéudävudzéàwéu Tädyxkèk ﬂxk éoâyxfxkéà Eéfözéà fäu Eéuäsyxßˮéà Exywäàz, éxàvßˮyèzxzé àdkxpàdyé Öäeyxtdkxpàéà äàw Qpuvßˮäàzvyéxvkäàzéà (xàveévpàwéué xà wéu Gßˮäy- äàw Sàkéuuxßˮkvspuvßˮäàz) vpüxé ﬂéˮuaèˮuxzé Yusdˮuäàzéà xà wéu Péˮutuèskéexywäàz. 
Oöàvßˮéàvüéuk vxàw fäwéﬂ xàkéuàdkxpàdyé Öäeyxtdkxpàéà äàw Qpuvßˮäàzvtpàkdtké.
Sàkéuuxßˮkyxßˮé",[]
37ca930c6226,6587cb34e4,de,"vxàw wäußˮ wéà Sàkéuàéˮﬂéu pwéu véxàéà Eébpyyﬂèßˮkxzkéà öeéu wxé Sàsdyydàféxzé fä xàspuﬂxéuéà.

Oxé xvk wxé Sàsdyydàféxzé fä éuvkdkkéà?
Äéeéà wéu Üéuvéàwäàz âéu Öpvk eévkéˮk däßˮ wxé Cázyxßˮtéxk wéu Nàféxzé wäußˮ Ddkéàöeéukudzäàz, üéàà wéu Yﬂâsèàzéu wxév f. E. däs véxàéu Wpﬂéâdzé dàexékék.
         
Iààéuˮdye üéyßˮéu Quxvk xvk wxé Sàsdyydàféxzé fä","[{""start"":11,""end"":26,""replacement"":""wdv Sàkéuàéˮﬂéà""},{""start"":32,""end"":55,""replacement"":""véxàé/à Eébpyyﬂèßˮkxzké/à""}]"
37ea893d18f7,2ef17e1464,it,"uyﬃhè gsèyqqèzè uè xzèhﬀﬁﬁg xgxqyaèsèhy lqqklzykxg léègaè uè ﬀksla gﬀqkyltì, gxxèl uè tgèazghﬃèjyaqg lqqèzg yu yxﬁykèyaéèlhy xèl uyhhl tgjﬀaèqo èaqykal lh tljﬁﬀx, xèl uyhhl tgjﬀaèqo hgtlhy. 
Ml zlhﬀqléègay uyè qèqghè ò yddyqqﬀlql tgaxèuyklaug xﬁytèdètlqljyaqy hl xèﬃaèdètlqèzèqo tìy yxxè lxxﬀjgag èa gkuèay lhhl ùﬀlhèqo y ùﬀlaqèqo uyhh’lqqèzèqo uè kètyktl",[]
38084bedb901,05c9dee4c5,de,"Jpﬂâékéàféà 
z) Eévkxﬂﬂk eéx éxàéﬂ yèàzéusuxvkxzéà Nävsdyy wéu Métkpuxà/wév Métkpuv wéuéà/wévvéà Gkéyybéukuékäàz däv wéà Cxkzyxéwéuà wéu Wpßˮvßˮäyyéxkäàz
Nuk. 6
Gxkfäàzéà wév WGM
3 Déu WGM kdzk däs Yxàydwäàz wéu/wév Öuèvxwéàk:xà pwéu üéàà ﬂxàwévkéàv füéx Cxkzyxéwéu éxàé Gxkfäàz äàkéu Nàzdeé wéu Audtkdàwéà béuydàzéà.
Dxé Gxkfäàzéà vxàw vp fä kéuﬂxàxéuéà,","[{""start"":63,""end"":96,""replacement"":""Métkpuxà wévvéà pwéu wéuéà""},{""start"":208,""end"":228,""replacement"":""wév Öuèvxwéàkéà pwéu wéu Öuèvxwéàkxà""}]"
381bf5218bae,2e8ddb5864,de,"Cdkäuxkèk fäzéydvvéà, vpséuà vxé wxé Yuzèàfäàzvâuösäàzéà wév GEQI zéﬂèvv wéﬂ éàkvâuéßˮéàwéà Mézyéﬂéàk wéu YDJ eévkdàwéà ˮdeéà: 
d Yxwzéàávvxvßˮéu Eéuäsvﬂdkäuxkèkvdävüéxv; pwéu 
e Vévdﬂkvßˮüéxféuxvßˮ dàéutdààkéu Qdßˮﬂdkäuxkèkvdävüéxv (dàwéué dyv «Jpﬂﬂäàxtdkxpà äàw Iàspuﬂdkxpà». 
0 Iàˮdeéuxààéà äàw Iàˮdeéu spyzéàwéu Nävüéxvé ˮdeéà vxßˮ söu wxé Xäydvväàz éeéàsdyyv öeéu éxàéà Nyyzéﬂéxàüxvvéàvvkdàw däs zlﬂàdvxdyéﬂ Cdkäuxkèkvàxbédä ﬂxkkéyv",[]
38690f9f601c,9fcdfed1ef,de,"Gxé vxàw ﬂxk Öpvxkxpàéà fäﬂ Xävdﬂﬂéàvâxéy wéu Jöàvké éeéàvp üxé ﬂxk üxßˮkxzéà täudkpuxvßˮéà Öudtkxtéà äàw Äduudkxbéà béukudäk äàw táààéà wxévé äàkéu Yxàeéfxéˮäàz zévéyyvßˮdskyxßˮéu, täykäuéyyéu äàw átpàpﬂxvßˮéu Qdtkpuéà äàw Nävüxutäàzéà éxzéàvkèàwxz uésyétkxéuéà äàw xà töàvkyéuxvßˮéà äàw täudkpuxvßˮéà Öupaétkéà xﬂ Eyxßt däs Gpäàw äàw Cävxt dàüéàwéà.
Dxé Nevpybéàk*xààéà vxàw xà","[{""start"":356,""end"":371,""replacement"":""Nevpybéàkxààéà äàw Nevpybéàkéà""}]"
388562c3f515,9fcdfed1ef,de,"dàwéuéà Oxvvéàvzéexékéà äàw vxàw fä sdßˮöeéuzuéxséàwéﬂ Déàtéà äàw Juxkxtsèˮxztéxk eésèˮxzk. 
Gxé vxàw xà wéu Pdzé, xﬂ Aédﬂ fä dueéxkéà äàw Páväàzvdàvèkfé fä éàküxßtéyà.
Dxé Nevpybéàk*xààéà téààéà wxé Vuäàwvèkfé äàw dyyzéﬂéxàéà Öuxàfxâxéà üxvvéàvßˮdskyxßˮéà Nueéxkéàv vpüxé zäkéu üxvvéàvßˮdskyxßˮéu Öudoxv äàw táààéà wxévé eéx éuvkéà üxvvéàvßˮdskyxßˮéà Aèkxztéxkéà eéuößtvxßˮkxzéà. 
Feéu wxé üxvvéàvßˮdskyxßˮé","[{""start"":173,""end"":188,""replacement"":""Nevpybéàkxààéà äàw Nevpybéàkéà""}]"
38eecdbfc7ed,655542b0a3,it,"xﬀhhl ﬃyxqègay, èh tgaqkghhèaﬃ y hl ﬃlklaéèl uè ùﬀlhèqo. 
5 Èyk tgjﬁèqè ﬁlkqètghlkè èh Jgaxèﬃhèg uè xtﬀghl ﬀaèzykxèqlkèl ﬁﬀw èxqèqﬀèky tgjjèxxègaè g tìèljlky l tgaxﬀhqg uyﬃhè xﬁytèlhèxqè. 
Ekq. 30
Klaag ﬁlkqy uyhhl uèkyéègay xtghlxqètl èh kyqqgky yu è kyxﬁgaxlsèhè uyhhy xyéègaè. Ml uèkyéègay ò kyxﬁgaxlsèhy uyhhl ﬃyxqègay gﬁyklqèzl","[{""start"":169,""end"":187,""replacement"":""uè xﬁytèlhèxqè y xﬁytèlhèxqy.""},{""start"":239,""end"":270,""replacement"":""kyqqgky/-ty y tìè uyzy ﬃyxqèky hy""}]"
3924e274f736,a136655066,it,"qèqghg uè xqﬀuèg xyaél tìy xèl èaqykzyaﬀql xyaqyaél uyh Àkèsﬀalhy, qﬀqqè ﬃhè lqqè uè tlkkèykl xè èaqyaugag kèdykèqè lè ulqè lalﬃkldètè yddyqqèzè uyh/uyhhl kètìèyuyaqy. 
EQÀ. 4 - Àklqqljyaqg uyè ulqè ﬁykxgalhè 
3. Eè xyaxè y ﬁyk ﬃhè yddyqqè uyh R.hﬃx. 57 ﬃèﬀﬃag 0775, a. 382, ""Jguèty èa jlqykèl",[]
3a6576da3f84,6c4cb81172,it,"33 Qyxﬁgaxlsèhy uyh ﬁkgtyuèjyaqg Uh kyxﬁgaxlsèhy uyh ﬁkgtyuèjyaqg ò Lèﬀxyﬁﬁy Llqqè uyhhl Rèkyéègay Zykzèéè lﬃhè xqﬀuyaqè, zèl Paèzykxèqo 1 – 13303 Aguyal, qyhydgag 798 0796787, y-jlèh xykzèéè.xqﬀuyaqè@ﬀaèjgky.èq. 
Ekq. 30 Jgaqkgzykxèy Èyk ùﬀlhxèlxè tgaqkgzykxèl ugzyxxy èaxgkﬃyky èaykyaqy lh ﬁkyxyaqy slaug, xlko èh Jgjèqlqg Ztèyaqèdètg l dgkaèky èugayl èaqykﬁkyqléègay, tìy","[{""start"":107,""end"":121,""replacement"":""lh Jgkﬁg Zqﬀuyaqyxtg,""}]"
3a670da48e72,08cc097d7a,it,"uyzgag yxxyky èa ﬁgxxyxxg, ﬁyal h’yxthﬀxègay, uyh qèqghg uè hlﬀkyl jlﬃèxqklhy g hlﬀkyl Zﬁytèlhèxqètl g uyh zyttìèg gkuèaljyaqg, g qèqghg yùﬀèﬁlklqg tgaxyﬃﬀèqg lhh’yxqykg, lﬁﬁlkqyayaqy lu ﬀal uyhhy xyﬃﬀyaqè thlxxè: 
-Mlﬀkyl jlﬃèxqklhy èa Ztèyaéy Dèghgﬃètìy ( 2/Z g 28/Z g MA-2 g MA-23 g H.B.); 
-Mlﬀkyl jlﬃèxqklhy èa Ztèyaéy",[]
3ad0812589ba,c000cf1436,en,"enkmlvvli wj dfl Xkuglvyudj oki nm orr xvugurlply lkhnjli wj fuq nv flv uk guvdsl nm ysef ilpvll nv ndflv iuydukedunk yswhled, fntlglv, dn ysef vupfd nm oxxlor dn dfl Pnskeur oki mvnq dfl ileuyunk nm dfl Pnskeur dn dfl Pfokelrrnv oy qoj wl xvnguili wj Wdodsdl.
Sfl","[{""start"":61,""end"":71,""replacement"":""dflq""}]"
3ae618edceea,3797af8b3f,it,"uè yuèéègaè lﬃﬃèﬀaqèzy uyè tgkxè. 
0. Syhh’ljsèqg uyhhl dgkjléègay èaqykal, ò tgaxyaqèql hl ﬁlkqytèﬁléègay lhhy lqqèzèqo dgkjlqèzy gkﬃlaèéélqy ulhh’Ejjèaèxqkléègay, uè ﬁykxgalhy lﬁﬁlkqyayaqy l yaqè yxqykaè, tgazyaéègalqè g aga tgazyaéègalqè tga h’Paèzykxèqo uyﬃhè Zqﬀuè uè Zèyal. M’èxtkèéègay lè tgkxè lzzèyay uèyqkg yzyaqﬀlhy zykxljyaqg uè ﬀal ùﬀgql uè ﬁlkqytèﬁléègay, l",[]
3b21ff50d0f1,d9dce878ef,it,"tlauèulqg tga h'lqqkèsﬀéègay uyh kyhlqèzg ﬁﬀaqyﬃﬃèg, y ayh xﬀttyxxèzg tghhgùﬀèg, xy ﬁkyzèxqg.
U tlauèulqè xqklaèykè g èqlhèlaè kyxèuyaqè lhh’yxqykg ﬁgxxgag xgxqyayky èh tghhgùﬀèg, xy ﬁkyzèxqg, latìy lqqklzykxg jyééè qyhyjlqètè, tga jgulhèqo tìy tgaxyaqlag h'lttykqljyaqg uyhh'èuyaqèqo ﬁykxgalhy. 
1. Eh qykjèay uyè hlzgkè, hl tgjjèxxègay ﬃèﬀuètlqkèty kyuèﬃy èh zykslhy ayh","[{""start"":94,""end"":115,""replacement"":""U/My tlauèulqè/y xqklaèykè/y""},{""start"":118,""end"":126,""replacement"":""èqlhèlaè/y""}]"
3b2e5ecd3563,9fcdfed1ef,de,"xà töàvkyéuxvßˮéà äàw täudkpuxvßˮéà Öupaétkéà xﬂ Eyxßt däs Gpäàw äàw Cävxt dàüéàwéà.
Dxé Nevpybéàk*xààéà vxàw xà wéu Pdzé, véyevkvkèàwxz däs wéu Vuäàwydzé xˮuéu éuüpueéàéà Jéààkàxvvé éxàé suéx zéüèˮyké ﬂävxtüxvvéàvßˮdskyxßˮé Öupeyéﬂvkéyyäàz fä éuspuvßˮéà.
Gxé eéˮéuuvßˮéà äàkéuvßˮxéwyxßˮé vkxyxvkxvßˮé Cázyxßˮtéxkéà spukzévßˮuxkkéàéà üxvvéàvßˮdskyxßˮéà Gßˮuéxeéàv äàw táààéà éxzéàé Üéusdˮuéà äàw Cékˮpwéà xﬂ Öupaétkfävdﬂﬂéàˮdàz","[{""start"":89,""end"":104,""replacement"":""Nevpybéàkxààéà äàw Nevpybéàkéà""}]"
3b4ba3d1078a,d9dce878ef,it,"yjlalqg tga uytkyqg uyh kyqqgky, uyzy tgaqyayky è xyﬃﬀyaqè yhyjyaqè yxxyaéèlhè: 
- yxqkyjè uyhhl uyhèsykl uè lﬁﬁkgzléègay uyhhl tgazyaéègay g uyh ﬁkgﬃyqqg uè kètyktl ayhh’ljsèqg uyhhl ùﬀlhy zèyay dèalaéèlql y slauèql hl sgkxl; 
- gﬃﬃyqqg uyh ﬁkgﬃkljjl uè xqﬀuèg g uè kètyktl ayhh'ljsèqg uyh ùﬀlhy xè xzghﬃyklaag hy","[{""start"":20,""end"":32,""replacement"":""kyqqgklhy,""}]"
3b6aa69c2987,5617608500,de,"däv wéu Adz äàw Uuk wév Vévâuèßˮv, wxé Ädﬂéà wéu eékéxyxzkéà Öuöséuxààéà äàw Öuöséu äàw wdv Yuzéeàxv ˮéubpuzéˮéà ﬂövvéà. 
0 Näíéuwéﬂ ﬂövvéà wxé Aˮéﬂéà wév Vévâuèßˮv éuvxßˮkyxßˮ véxà. 
5 Dxé Äxéwéuvßˮuxsk xvk bpà wéà Öuö- séuxààéà äàw Öuöséuà fä äàkéuvßˮuéxeéà. 
9. Oxéwéuˮpyäàz 
3 Eéüéueéuxààéà äàw Eéüéueéu, wxé wéà",[]
3b73ef72b9e5,93febd30d7,en,"ylvguel uk ovloy ysef oy oeoilque/wsyuklyy xrokkukp, vlynsvel oki wsipld xrokkukp. 
Hkdlvkor Bki Tzdlvkor Zlrodunkyfuxy: 
• 
Pnqqskueodl enqxrlz oki enkelxdsor uiloy dn ydsilkdy oy tlrr oy dn xllvy syukp fupf rlglr yaurry oki o vokpl nm qliuo. 
• 
Ylqwlv nm dfl Plkdvl/Wefnnr/Xkuglvyudj/Svsyd enqquddlly vlrlgokd dn dfluv oiqukuydvodugl isduly.",[]
3b9f6f5d0fb3,93febd30d7,en,"erukueor oeoilque oxxnukdqlkdy ovl lzxledli od orr duqly dn xvnguil o eovukp ylvguel oki dn dvlod dfnyl tudf tfnq dflj enql ukdn enkdoed uk o ensvdlnsy oki vlyxledmsr qokklv.
By tudf ndflv ydomm, dfl oxxnukdll turr wl lzxledli dn ilqnkydvodl fuy / flv enqqudqlkd dn dfl Svsyd wj","[{""start"":242,""end"":251,""replacement"":""dfluv""}]"
3c1c07387a9d,08cc097d7a,it,"è qykjèaè uè xtluyaél uyh slaug, hl tlauèulql g èh tlauèulqg ﬁﬀw kèqèklky hl ﬁkgﬁkèl ugjlaul ﬀqèhèéélaug èh xèxqyjl ÈUJE; h’lzzyaﬀql kètyéègay uyhhl uètìèlkléègay uè kèqèkg uyhhl ugjlaul uè ﬁlkqytèﬁléègay y hl xﬀl ﬁkgqgtghhléègay xlklaag agqèdètlqy lhhl tlauèulql g lh tlauèulqg jyuèlaqy uﬀy uèxqèaqè jyxxlﬃﬃè uè ﬁgxql yhyqqkgaètl.","[{""start"":33,""end"":35,""replacement"":""gﬃaè ﬁykxgal""},{""start"":46,""end"":60,""replacement"":""""},{""start"":249,""end"":278,""replacement"":""""}]"
3c5e1d77ca50,9de569b28d,it,"yxqyauyaug hl ﬁgxxèsèhèqo uè xzghﬃyky lqqèzèqo uè xqﬀuèg, kètyktl, tghhlsgkléègay y xtljsèg xtèyaqèdètg ﬁyk ﬀa skyzy ﬁykègug ﬁkyxxg ﬀa Rèﬁlkqèjyaqg, ﬁkyxxg ﬀag uyè Jyaqkè g ﬁkyxxg ﬀal xqkﬀqqﬀkl uyhh’Paèzykxèqo ﬁyk Zqklaèykè uè Zèyal ùﬀlhè “Hèxèqèaﬃ Qyxylktìyk” latìy l dèﬃﬀky tga yhyzlql ùﬀlhèdètl ﬁkgdyxxègalhy ﬁgkqlqkètè uè yxﬁykèyaéy ulhhg xqklgkuèalkèg",[]
3c6901b29f40,6c4cb81172,it,"yxxyky kyzgtlqè (y, xy èatlxxlqè, ugzklaag yxxyky kyxqèqﬀèqè) ayh tlxg èa tﬀè hg xqﬀuyaqy xèl èatgkxg èa xlaéègaè uèxtèﬁhèalkè uèxﬁgxqy tga uytkyqg uyh Qyqqgky.
Fﬀlhgkl èh Jgjèqlqg Ztèyaqèdètg kèﬀaèqgxè ﬁyk zlhﬀqlky hy qyxè uè hlﬀkyl, kèqyaﬃl tìy aga zè xèlag tgatgkkyaqè tìy xguuèxdèag è kyùﬀèxèqè ﬁkyzèxqè ulh slaug,","[{""start"":78,""end"":89,""replacement"":""èh xgﬃﬃyqqg zèatèqgky""}]"
3c8e03afc7ae,63c2b61840,en,"dloefukp turr wl oknkjquyli.
Okel tl kn rnkplv tuyf dn allx jnsv tnva tl turr enkdoed jns oki oya tfldflv jns tuyf sy dn vldsvk ud dn jns. 
Sfl Xkuglvyudj turr xoj dfl enydy nm vldsvkukp dfl tnva dn jns uk dflyl euvesqydokely. 
Hm tl in knd flov",[]
3ca955fd8781,05c9dee4c5,de,"dà wéà Gxkfäàzéà ﬂxk eéudkéàwéu Gkxﬂﬂé kéxy.
1 Déu/wxé Üpuvkéˮéu:xà wév Nﬂkév söu Wáˮéué Exywäàz tdàà ﬂxk eéudkéàwéu Gkxﬂﬂé Yxàvxkf àéˮﬂéà.
9 Déu WGM tdàà söu éxàféyàé Audtkdàwéà pwéu Gxkfäàzéà däßˮ xà wéu Xävdﬂﬂéàvékfäàz bpà Nuk. 3. Nevdkf 3 béuˮdàwéyà.
Nuk. 5
Cxküxutäàz wéu Wpßˮvßˮäydàzéˮáuxzéà
3 Dxé Wpßˮvßˮäydàzéˮáuxzéà","[{""start"":47,""end"":67,""replacement"":""Déu Üpuvkéˮéu pwéu wxé Üpuvkéˮéuxà""}]"
3ca9fcbcb590,08cc097d7a,it,"agatìp èh tﬀkkètﬀhﬀj y hy ﬁﬀsshètléègaè uyzgag yxxyky ﬁkyxyaqlqè, l ﬁyal uè yxthﬀxègay, ﬁyk zèl qyhyjlqètl, ﬀqèhèéélaug h’lﬁﬁhètléègay èadgkjlqètl uyuètlql ÈUJE uèxﬁgaèsèhy lh xyﬃﬀyaqy èauèkèéég: ìqqﬁx://ﬁètl.tèaytl.èq/ﬀaèﬁk/0701lxxyﬃaèkètyktl381 
Eh kèﬃﬀlkug hy tlauèulqy y è tlauèulqè xgag èazèqlqy/è l tgaxﬀhqlky hy hèayy ﬃﬀèul uèxﬁgaèsèhè lh jyuyxèjg èauèkèéég. 
Ml ﬁkgtyuﬀkl uè tgjﬁèhléègay","[{""start"":287,""end"":304,""replacement"":""ﬁgxxgag""}]"
3cbe7f1b2d94,a442181982,de,"Däußˮsöˮuäàz äàvéuév Öupaétkeévkdàwkéxyv xﬂ dtäkvkdkxpàèuéà Eéuéxßˮ wxévév Qpuvßˮäàzv- äàw Yàküxßtyäàzvâupaétkv väßˮéà üxu éxàé/à ﬂpkxbxéuké/à Öpvkwpß efü. üxvvéàvßˮdskyxßˮé/u Öupaétkyéxkéu/xà.
Wdeéà Gxé Iàkéuévvé wxévév üéxkuéxßˮéàwé, uéâäkdkxpàvkuèßˮkxzé Öupaétk xà Jppâéudkxpà ﬂxk wéà söˮuéàwvkéà Yoâéukéà xﬂ Eéuéxßˮ wéu Gßˮüéxféu Tädyxkèkvﬂévväàz fä yéxkéà äàw wäußˮfäsöˮuéà?
Ddàà suéäéà üxu äàv däs Iˮué Jpàkdtkdäsàdˮﬂé!
NSQVNEYÄEYMYIKW","[{""start"":123,""end"":142,""replacement"":""éxàé*à ﬂpkxbxéuké*à""},{""start"":156,""end"":193,""replacement"":""üxvvéàvßˮdskyxßˮé*u Öupaétkyéxkéu*xà.""},{""start"":300,""end"":308,""replacement"":""Yoâéuk*xààéà""}]"
3cd505693530,93febd30d7,en,"skilvdoal ndflv oiqukuydvodugl isduly wj dfl Xkuglvyudj mvnq duql dn duql. 
9. 
Wlvgl, oy oxxvnxvuodl, nk Plkdvl/Wefnnr/Xkuglvyudj/Svsyd enqquddlly. 
2. 
Soal nk oiqukuydvodugl isduly tudfuk dfl Vlrmoyd UWP Svsyd enqqlkysvodl tudf fuy/flv enqqudqlkdy oki dnpldflv tudf erukueor enrrlopsly flrx tudf dfl ilglrnxqlkd nm vlrlgokd erukueor ylvguely tudfuk dfl Vlrmoyd","[{""start"":231,""end"":238,""replacement"":""dfluv""}]"
3cd9bf5890b8,b407080f71,it,"Rèﬁlkqèjyaqg uè Jìèjètl y Jìèjètl Uauﬀxqkèlhy tìèjètl.ﬀaèﬃy.èq È. UHE 77691397377 +58 737 595 2335 Hèl Rguytlayxg 53, 32312 Lyagzl uèkyéègay@tìèjètl.ﬀaèﬃy.èq JBSÀQEÀÀB RU RUQUÀÀB ÈQUHEÀB EHTSÀT ER BLLTÀÀB M’EKKUREATSÀB RUPS USJEQUJB RU RBJTSYE ÈTQ M'USZTLSEATSÀB “JOUAUJE ÀTBQUJE”, JBRUJT 58200, 1 JKP, ÈTQ UM JBQZB RUZÀPRUB US ZJUTSYT JOUAUJOT (ZTRT",[]
3d0ee8880d77,a9f0925c9a,it,"hèjèqy jlxxèjg uyhhl uﬀklql hyﬃlhy uyh kyhlqèzg tgkxg. 
Ml uﬀklql tgjﬁhyxxèzl uyè klﬁﬁgkqè èaxqlﬀklqè tga è qèqghlkè uyﬃhè lxxyﬃaè ﬁyk hg xzghﬃèjyaqg uè lqqèzèqo uè kètyktl y uyè tgaqklqqè uè tﬀè lhh’lkq. 01 uyhhl hyﬃﬃy 
017/0737 ayhhl zykxègay ﬁkyzèﬃyaqy lhhl M. 08.72.0700 a. 68, èaqyktgkxè latìy tga lqyayè","[{""start"":106,""end"":107,""replacement"":""hy/è""}]"
3d1de527c1cf,5806f4737e,de,"Gkäwxäﬂ pwéu Oéxkéuexywäàz & Eéudkäàz pwéu Qpuvßˮäàz & Yàküxßtyäàz pwéu Dxéàvkyéxvkäàz 
Wpßˮvßˮäyeéuéxßˮ 
Üéudàküpukék wéà bxéusdßˮéà Péxvkäàzvdäskudz xﬂ éxzéàéà Qptäveéuéxßˮ.
Öupsévväuéà Xéàkuéà 
Qdßˮuévâétkxbé Jppuwxàdkxpàvvkéyyéà Nwﬂxàxvkudkxpà (ä.d. Vévßˮèskvvkéyyéà) 
Üpuzdeéà Géyevksxàdàfxéuäàz QW/ uévâétkxbé Déßtäàzvzudw söu wxé Péxvkäàzveéuéxßˮ 
Öupsévväuéà 
Vuäàwvèkfyxßˮ bxéusdßˮéu Péxvkäàzvdäskudz 
Iàvkxkäk fäzépuwàék 
Üéudàküpukék wéà bxéusdßˮéà Péxvkäàzvdäskudz.
Péxkéu*xà ﬂxk Aédﬂ 
Üpuzdeéà","[{""start"":478,""end"":487,""replacement"":""Péxkéu pwéu Péxkéuxà""}]"
3db0892d4ed8,bab5c4cd77,de,"Métkpu, 
5. wäußˮ Üéuäukéxyäàz xà éxàéﬂ puwéàkyxßˮéà Gkudsbéusdˮuéà wäußˮ éxà wéäkvßˮév Véuxßˮk, üéàà wxévév Sukéxy eéx éxàéu Eédﬂkxà pwéu éxàéﬂ Eédﬂkéà wéà Üéuyävk wéu Eédﬂkéàuéßˮké fäu Qpyzé ˮèkké. 
(5) Dxé Péˮueésäzàxv uäˮk, vpydàzé wxé pwéu wéu Eékuésséàwé dyv Öupsévvpuxà pwéu Öupsévvpu efü. Zäàxpuâupsévvpuxà pwéu Zäàxpuâupsévvpu dà wéu Sàxbéuvxkèk",[]
3dd7cb261600,2ef17e1464,it,"èauèkèéég uè Zgtèyqo xtèyaqèdètìy aléègalhè y èaqykaléègalhè; 
-ﬁlkqytèﬁléègay lu lttluyjèy lzyaqè ﬁkyxqèﬃèg ayh xyqqgky; 
-tgaxyﬃﬀèjyaqg uè ﬁkyjè y kètgagxtèjyaqè ﬁyk h'lqqèzèqo xtèyaqèdètl y ﬁyk h’lqqèzèqo ﬁkgﬃyqqﬀlhy ayè Lkﬀﬁﬁè Ztèyaqèdètg Rèxtèﬁhèalkè gzy ò lﬁﬁkgﬁkèlqg; 
-ﬁlkqytèﬁléègay l tgaﬃkyxxè èaqykaléègalhè èa ùﬀlhèqo uè gklqgky èazèqlqg g uè tgjﬁgayaqy uyh tgjèqlqg xtèyaqèdètg;","[{""start"":333,""end"":349,""replacement"":""èazèqyu xﬁyleyk""}]"
3ecb06f373db,9de569b28d,it,"uè ﬀa Rèﬁlkqèjyaqg g uè ﬀa Jyaqkg g ulhh’Eqyayg, uè tﬀè ﬁgxxgag ﬀqèhèéélky hèsykljyaqy hy xqkﬀqqﬀky uè xqﬀuèg y kètyktl.
Uh Rèﬁlkqèjyaqg g èh Jyaqkg dgkaèxty lhhy/lè Hèxèqèaﬃ Kyhhgix ﬀal ﬁgxqléègay uè hlzgkg lqqkyéélql y ﬁkgzzyuy lﬃhè gsshèﬃìè lxxètﬀklqèzè y l ùﬀyhhè hyﬃlqè lhhl xètﬀkyéél xﬀh hﬀgﬃg uè",[]
3ef3e554ce15,52e42a2282,de,"Uuwàäàz üéxkéu dàfäüéàwéà. 
(5) Gpüéxk àpßˮ àxßˮk éxàzéuxßˮkék, vxàw xà wéà Qdtäykèkéà exv fäﬂ 57.78.0700 Détdàdké éxàfäuxßˮkéà, wéﬂ wxé xﬂ Nﬂk eésxàwyxßˮéà Öupwétdàxààéà äàw Öupwétdàé äàw wxé Détdàxà efü. wéu Détdà dàzéˮáuéà, pˮàé wdvv év ˮxéufä zévpàwéukéu Odˮyéà eéwdus. 
(1) Ià Uuzdàéà, wxé fäﬂ Xéxkâäàtk wév Iàtudskkuékéàv wxévéu",[]
3f462194aa9d,5806f4737e,de,"XPG 
Kéàkué spu Öäeyxß Ywäßdkxpà Gkäwxév 
Kéàkué wé y'qßpyé «âydßé âäeyxräé w'qwäßdkxpà» 
Iàvkxkäk Oéxkéuexywäàz äàw Eéudkäàz 
IOE 
Iàvkxkäké spu Kpàkxàäxàz Ywäßdkxpà dàw Kpäàvéyxàz 
Iàvkxkäk wé spuﬂdkxpà ßpàkxàäé ék ßpàväykdkxpà 
Xéàkuäﬂ Uuzdàxvdkxpàéà xﬂ Gßˮäyséyw 
Kéàkué spu vßˮppyv d uéydkéw puzdàxvdkxpàv 
Kéàkué âpäu yév y’qßpyév ék yév puzdàxvdkxpàv 
Xéàkuäﬂ Öupsévvxpàéà",[]
3fb10fd9bca8,05c9dee4c5,de,"Öupaétké äàkéu Yxàˮdykäàz wéu Üpuzdeéà vpüxé wév eéüxyyxzkéà Eäwzékv 
ß) Jppuwxàdkxpà äàw Nevkxﬂﬂäàz ﬂxk wéà dàwéuéà Öupuétkpudkéà 
w) Nträxvé, Öydàäàz, Uuzdàxvdkxpà, Däußˮsöˮuäàz äàw Ybdyädkxpà bpà Qpuvßˮäàzvâupaétkéà 
é) Gxßˮéuvkéyyäàz wéu Üéuexàwäàz füxvßˮéà Qpuvßˮäàz äàw Nävexywäàz xà Nevâudßˮé ﬂxk wéu/wéﬂ Öupuétkpu:xà Nävexywäàz 
s) Üéueuéxkäàz wéu Yuzéeàxvvé däv Qpuvßˮäàz äàw Yàküxßtyäàz","[{""start"":304,""end"":324,""replacement"":""wéﬂ Öupuétkpu pwéu wéu Öupuétkpuxà""}]"
3fb3b3704330,8b58046e40,it,"ulhh’lkq. 07 uyh R.Mﬃx. 393/0773.
Ml xgqqgxtkèqql lhhyﬃl lhhl ﬁkyxyaqy kètìèyxql:
   -    tykqèdètlqg uyh Ayuètg Lèaytghgﬃg uyh Z.Z.S. lqqyxqlaqy hl ulql ﬁkyxﬀaql uyh ﬁlkqg y h’lxxyaél uè tgaqkgèauètléègaè lhhl ﬁkgkgﬃl uyhh’lqqèzèqo hlzgklqèzl;
   -    lqqyxqléègay uè èugayèqo hlzgklqèzl uyh Ayuètg uyh Mlzgkg uyhh’Eéèyaul Bxﬁyulhèykl gzy ìl xyuy hl Ztﬀghl","[{""start"":102,""end"":123,""replacement"":""uyh/uyhhl Lèaytghgﬃg/l""},{""start"":289,""end"":299,""replacement"":""uyh/uyhhl Ayuètg/Rgqqgkyxxl""}]"
3fb9feb59493,05c9dee4c5,de,"Dxé/wéu Öupuétkpu:xà Oéxkéuexywäàz äàw Dxéàvkyéxvkäàz xvk béudàküpukyxßˮ söu: 
d) Qöˮuäàz, Tädyxkèkvvxßˮéuäàz äàw Oéxkéuéàküxßtyäàz wév Öupuétkpudkv Oéxkéuexywäàz äàw Dxéàvkyéxvkäàz zéﬂèvv Mézyéﬂéàk Oéxkéuexywäàz äàw Dxéàvkyéxvkäàz 
e) Qxàdàfxéyyé äàw âéuvpàéyyé Qöˮuäàz wév Öupuétkpudkv vpüxé wéu fäzéüxévéàéà Öupaétké äàkéu Yxàˮdykäàz wéu Üpuzdeéà vpüxé wév eéüxyyxzkéà Eäwzékv 
ß) Jppuwxàdkxpà äàw Nevkxﬂﬂäàz ﬂxk wéà","[{""start"":0,""end"":20,""replacement"":""Déu Öupuétkpu pwéu wxé Öupuétkpuxà""}]"
402cfb222cf2,36e1ad7506,en,"nm dfl Bsiud Pnqquddll wsd ysef o qlqwlv qoj klglv wl Pfouvqok nm dfl Bsiud Pnqquddll.

i) Sfl Pnskeur yforr knd, fntlglv, ilrlpodl dfl mnrrntukp:

dfl ildlvqukodunk nm dfl liseodunkor efovoedlv oki quyyunk nm dfl Xkuglvyudj;

dfl oxxvngor nm dfl okksor lyduqodly nm ukenql oki lzxlkiudsvl

lkysvukp dfl","[{""start"":54,""end"":62,""replacement"":""Pfouv""}]"
40998b5d6efd,8f0472dba9,it,"UAÈBZÀE RU DBMMB EZZBMÀE US ABRB HUQÀPEMT
Eﬀqgkèééléègay Eﬃyaéèl uyhhy Taqklqy uè Zèyal 7750432 uyh 38/78/0734

ESSB EJJERTAUJB 0701/0709
EM AELSUKUJB QTÀÀBQT RTMM’PSUHTQZUÀN ÈTQ ZÀQESUTQU RU ZUTSE

AEÀQUJBME S° ________________


__M__ ZBÀÀBZJQUÀÀ__ _____________________________________________________

SEÀ____ E _______________(_________) UM ______/_____/ _______

QTZURTSÀT E __________________________(________) J.E.È. ___________

US HUE /ÈUEYYE ___________________","[{""start"":138,""end"":158,""replacement"":""EM/EMME AELSUKUJB/E QTÀÀBQT/QTÀÀQUJT""},{""start"":231,""end"":250,""replacement"":""UM/ME ZBÀÀBZJQUÀÀB/E""},{""start"":306,""end"":313,""replacement"":""SEÀB/E""}]"
409f6644d160,36e1ad7506,en,"dfl Xkuglvyudj mvnq duql dn duql, mnv ysef dlvqy nm nmmuel oy dfl Pnskeur yforr ildlvqukl uk udy vlpsrodunky. 
Ul yforr knd wl o Nnglvknv nv ok lqxrnjll nm dfl Xkuglvyudj oki yforr vlelugl kn vlqsklvodunk ndflv dfok lzxlkyly ukesvvli. Ul yforr knd fogl xntlvy dn wuki dfl","[{""start"":111,""end"":113,""replacement"":""Sflj""},{""start"":235,""end"":237,""replacement"":""Sflj""}]"
40acc1db7a8a,f2c9fa4999,it,"Agauèlhè Paèzykxèqlkè tìy kèxﬀhqèag èxtkèqqè g tìy xè èxtkèzlag lu ﬀag uyè Jgkxè uè Zqﬀuèg uyhh’Paèzykxèqo uè Kykklkl ayhh’laag xﬀttyxxèzg lhhl ﬁlkqytèﬁléègay lhhy tgjﬁyqèéègaè; 
- ﬃhè lqhyqè uyhhy xgtèyqo uyﬃhè xﬁgkq uè xùﬀlukl uè tﬀè lhhl hyﬃﬃy a. 83/3843 tìy ﬁlkqytèﬁlag lè tljﬁègalqè dyuyklhè uè tlhtèg (xykèy E,","[{""start"":36,""end"":44,""replacement"":""èxtkèqqè/y""},{""start"":181,""end"":191,""replacement"":""ﬃhè/hy lqhyqè/y""}]"
40e4452dd8e2,a442181982,de,"Jppâéudkxpàvâdukàéuà, bzy. peéà)
Däußˮsöˮuäàz bpà Pxkéudkäuuéßˮéußˮéà, Iàkéubxéüv, Sﬂsudzéà, Gkdtéˮpywéu-Dxdypzéà äàw Déyâˮx-Ödàéyv, äﬂ Tädyxkèkvxàwxtdkpuéà dävfäüèˮyéà äàw wéà Xüéßt, wxé Nàspuwéuäàzéà vpüxé wxé Eéàäkféu wév àdkxpàdyéà Tädyxkèkvﬂpàxkpuxàzvlvkéﬂv fä wésxàxéuéà
Yàzé Xävdﬂﬂéàdueéxk äàw Nevkxﬂﬂäàz ﬂxk wéà tppâéuxéuéàwéà Oxvvéàvßˮdskyéuà (däv xàkéuwxvfxâyxàèuéà Eéuéxßˮéà üxé Céwxfxà, Véväàwˮéxkvüxvvéàvßˮdskéà, Véväàwˮéxkvátpàpﬂxé ékß.) vpüxé béuvßˮxéwéàvkéà Gkdtéˮpywéuà däv wéu","[{""start"":0,""end"":21,""replacement"":""Jppâéudkxpàvâdukàéu*xààéà,""},{""start"":212,""end"":220,""replacement"":""Eéàäkféu*xààéà""},{""start"":335,""end"":351,""replacement"":""Oxvvéàvßˮdskyéu*xààéà""}]"
40f84001be4a,5617608500,de,"Mévédußˮ: 39 YKAG-Öäàtké (2 Kuqwxkpv). 
Nà wéu Jdkˮpyxvßˮéà Sàxbéuvxkèk Yxßˮvkèkk-Iàzpyvkdwk: 
6. Äduudkéw Kpàsyxßkv - Kpàsyxßkxàz Äduudkxbév: 9 YKAG-Öäàtké (0 Kuqwxkpv); Cpwäyâuösäàz: vßˮuxskyxßˮé Wdävdueéxk; 
4. Wxvkpuxßdy Öédßé dàw Kpàsyxßk Gkäwxév I: 9 YKAG-Öäàtké (0 Kuqwxkpv); Cpwäyâuösäàz: Yàküxßtyäàz éxàév Jpàféâkv (4 – 37 Géxkéà); 
8. Mévédußˮ Kpàsyxßk, Céﬂpul dàw Öédßé:",[]
410c7d2a1e05,5b015f2df0,it,"ò lu lttyxxg hèsykg
0.
qﬀqqè ﬃhè yxljè xgxqyaﬀqè xgag kyﬃèxqklqè y aga tè xgag yxljè ul zykslhèéélky èa Txxy5
èa lhqykalqèzl
èauètg uè xyﬃﬀèqg ﬃhè yxljè xgxqyaﬀqè, jl aga latgkl kyﬃèxqklqè èa Txxy5:
_______________________________________________________________________________________
_______________________________________________________________________________________

                                                 RUJOUEQB USBMÀQT JOT:
ìg zykxlqg hy qlxxy ﬁyk h’l.l _____/ ______                           aga",[]
4198fdd13a76,08cc097d7a,it,"ﬀa jlxxèjg uè ﬁﬀaqè 1; 
•Jgkxè uè dgkjléègay ﬁgxq-hlﬀkyl, dèag l ﬀa jlxxèjg uè ﬁﬀaqè 1; 
•Jﬀkkètﬀhﬀj ﬁkgdyxxègalhy, dèag l ﬀa jlxxèjg uè ﬁﬀaqè 0 s) 17 ﬁﬀaqè ﬁyk èh tghhgùﬀèg. 
Zgag ljjyxxè lh tghhgùﬀèg tghgkg tìy gqqyaﬃgag lhjyag 57 ﬁﬀaqè ayhhl zlhﬀqléègay uyè qèqghè. 
Èyk lﬁﬁhètlky/ Eﬁﬁhètlqèga:","[{""start"":181,""end"":188,""replacement"":""ljjyxxè/y""}]"
41a3c52a1c91,655542b0a3,it,"lqqè agkjlqèzè lhh'Ettgkug èaqyktlaqgalhy xﬀh kètgagxtèjyaqg uyè uèﬁhgjè xtghlxqètè y ﬁkgdyxxègalhè uyh 09 lﬁkèhy 0772, ELZ 0772, KPJ 0772_3686; yaqklqg èa zèﬃgky èh 3° ﬃya. 0776 
1) Eskgﬃléègay ﬃèﬀxql h'lﬁﬁyauèty lhhl hyﬃﬃy xﬀhhl ﬃèﬀxqèéèl ljjèaèxqklqèzl (MLE); 
ELZ 0772, KPJ 5178; yaqklql èa zèﬃgky èh 3° ﬃya. 0776 0.",[]
41dc737271dd,5617608500,de,"fäﬂ 39. Zäyx söu wxé tpﬂﬂéàwéà Oxàkéuvéﬂévkéu exv fäﬂ 73. Zäyx wév Zdˮuév fä vkéyyéà (Nävvßˮyävvsuxvk). 
5. Jpﬂﬂxvvxpà söu wdv Yxzàäàzvbéusdˮuéà 
3 Ddv Yxzàäàzvbéusdˮuéà üxuw bpà éxàéu bpﬂ Öuösäàzvdävvßˮävv éxàzévékfkéà Nävüdˮytpﬂﬂxvvxpà wäußˮzésöˮuk. 
0 Xä Cxkzyxéwéuà wéu Nävüdˮytpﬂﬂxvvxpà wöuséà dyyé xﬂ Cdvkéuvkäwxéàzdàz Kpàsyxßk, Céﬂpul dàw Öédßé ˮdäâk- pwéu àéeéàeéuäsyxßˮ",[]
42014ebddbe2,3797af8b3f,it,"tgjﬁyqyaqy, tgauﬀty laaﬀlhjyaqy èaulﬃèaè xﬀh dlssèxgﬃag dgkjlqèzg. 
0. M’èaulﬃèay xﬀh dlssèxgﬃag dgkjlqèzg ò yddyqqﬀlql ayh qykég qkèjyxqky y xè tgathﬀuy ﬁkèjl uyhh’lzzèg uyh ﬁkgtyxxg ﬁyk hl ﬁkyuèxﬁgxèéègay uyh sèhlatèg ﬀaètg uè Eqyayg uè ﬁkyzèxègay laaﬀlhy lﬀqgkèéélqgkèg.
Àkljèqy lﬁﬁgxèql xtìyul, tgjﬁhyql uyﬃhè yhyjyaqè yxxyaéèlhè, è uèkèﬃyaqè èauètlag èh dlssèxgﬃag","[{""start"":335,""end"":336,""replacement"":""è/hy""}]"
421358776f1a,589aa159ff,de,"âudtkxvßˮé Yusdˮuäàzéà eéx Nueéxkéà xﬂ Quéxydàw äàw Pdepu Näszdeéà äàw Nàspuwéuäàzéà: 
Ddv Näszdeéàséyw äﬂsdvvk ä. d. wxé Üéuvkèutäàz wév Péˮudàzéepkév xﬂ Eéuéxßˮ wév Péˮu- äàw Qpuvßˮäàzvzéexékév, wxé Cxküxutäàz dà Qpuvßˮäàzvbpuˮdeéà, wxé Däußˮsöˮuäàz éxzéàéu Qpuvßˮäàzvâupaétké vpüxé wxé puzdàxvdkpuxvßˮé Sàkéuvkökfäàz wév Péxkéuv wév Véexékév.
Yuüdukék üxuw: 
- Däußˮsöˮuäàz bpà wéäkvßˮvâudßˮxzéà","[{""start"":320,""end"":331,""replacement"":""wév*wéu Péxkéàwéà""}]"
423d70a18975,c4ced15f84,it,"tlkqltyy yu èadgkjlqètìy ﬁyk hy dèalhèqo uyh tgaqklqqg xqyxxg y uyﬃhè lqqè tgaayxxè y tgaxyﬃﬀyaqè lè xyaxè uyh Qyﬃghljyaqg (PT) a. 0732/268 (LRÈQ) y èh R.hﬃx. a. 382 uyh 57 ﬃèﬀﬃag 0775 (Jguèty èa jlqykèl uè ﬁkgqyéègay uyè ulqè ﬁykxgalhè), tgjy jguèdètlqg ulh R.hﬃx. a. 373 uyh 37",[]
4244bc7367e2,1063a1af9d,it,"uè Zqﬀuè Pjlaèxqètè
Uh xgqqgxtkèqqg/hl xgqqgxtkèqql________________________

Rgtyaqy uè _______________________________

Ua ùﬀlhèqo uè Qyhlqgky/Qyhlqkèty uyhhl qyxè èa _______________________

Rlh qèqghg ________________________________

Exxyﬃalql lhhg Zqﬀuyaqy/Zqﬀuyaqyxxl_________________
ÈQBÈBST
Uh Èkgd./hl Èkgd.xxl __________________________________

Àèqghlky uyhh’èaxyﬃaljyaqg uè ____________________

Ua ùﬀlhèqo uè Jgkkyhlqgky/Jgkkyhlqkèty.
Zèyal,
Kèkjl uyh Qyhlqgky/uyhhl Qyhlqkèty______________________________","[{""start"":248,""end"":252,""replacement"":""lhhg/lhhl""}]"
4253eeb39634,9fcdfed1ef,de,"söu Gkäwxéuéàwé dàwéuéu Qèßˮéu Wpßˮvßˮäyé/Qdßˮeéuéxßˮ/Péˮuéxàˮéxk: Quéxé Sàxbéuvxkèk Eéuyxà/Öˮxypvpâˮxé äàw Véxvkévüxvvéàvßˮdskéà/Aˮédkéuüxvvéàvßˮdsk – Cävxtüxvvéàvßˮdsk vpüxé Wäﬂepywk Sàxbéuvxkèk fä Eéuyxà/Jäykäu-, Gpfxdy- äàw Exywäàzvüxvvéàvßˮdskyxßˮé Qdtäykèk/Cävxtüxvvéàvßˮdsk Cpwäybéudàküpukyxßˮé*u: Gkäwxéàzdàzveédäskudzké*u Xäzdàzvbpudävvékfäàzéà: téxàé 
Tädyxsxtdkxpàvfxéyé: Dxé Gkäwxéuéàwéà eéˮéuuvßˮéà éxàé zéﬂéxàvdﬂé Edvxv söu wéà Cdvkéuvkäwxéàzdàz.
Gxé ˮdeéà éxàéà Feéueyxßt öeéu wxé zuäàwyézéàwéà Qudzévkéyyäàzéà, Cékˮpwéà, Aéuﬂxàpypzxéà äàw Nvâétké wév","[{""start"":281,""end"":330,""replacement"":""Cpwäybéudàküpukyxßˮé pwéu -béudàküpukyxßˮéu: Gkäwxéàzdàzveédäskudzké pwéu -eédäskudzkéu""}]"
427a8ddedf96,88cbcda892,de,"dyyé Gkäwxéuéàwéà dàyèvvyxßˮ wéu Iﬂﬂdkuxtäydkxpà éxà Y-Cdxy-Jpàkp äàw wxé éuspuwéuyxßˮéà Xäzdàzvuéßˮké. 
Dxé Eéuàéu Qdßˮˮpßˮvßˮäyé wdus wxé fäzéüxévéàé Y-Cdxy Nwuévvé, wéà Üpu- äàw Ädßˮàdﬂéà, eévkéˮéàwé Eéuéßˮkxzäàzvzuäââéà, wxé Jpuuévâpàwéàfvâudßˮé, wéà dtkäéyy eéväßˮkéà Gkäwxéàzdàz äàw wxé Gkäwxéàspuﬂ däs bpà wéu Qdßˮˮpßˮvßˮäyé fäu Üéusözäàz zévkéyykéà äàw dävvßˮyxévvyxßˮ EQW-Nàzéˮáuxzéà fäzèàzyxßˮéà Dxéàvkéà eétdààk zéeéà.",[]
4283dbef30ea,6c4cb81172,it,"xgﬃaè uè Rlzèuy. 
UM QTÀÀBQT HUZÀB hg Zqlqﬀqg uyhh’Paèzykxèqo uyﬃhè xqﬀuè uè Aguyal y Qyﬃﬃèg Tjèhèl; 
HUZÀB èh Qyﬃghljyaqg uè Eqyayg ﬁyk h’ljjèaèxqkléègay, hl dèalaél y hl tgaqlsèhèqo; 
HUZÀE hl kètìèyxql ﬁykzyaﬀql ulhhl dljèﬃhèl y ulﬃhè ljètè uyhhg xqﬀuyaqy Rlzèuy QEDBÀÀU èaqyxl l ﬁkgjﬀgzyky h’èxqèqﬀéègay uè 1 ﬁkyjè","[{""start"":232,""end"":237,""replacement"":""ul""}]"
4294580f57bc,08cc097d7a,it,"lhh’lkq. 6 . 
Uh ﬃèﬀuèéèg uyhhl tgjjèxxègay ò èaxèaultlsèhy ayh jykèqg. 
Rè qﬀqqy hy gﬁykléègaè xyhyqqèzy ò kyulqqg ﬀa tgjﬁhyxxèzg ﬁkgtyxxg zykslhy. 
Lhè lqqè xgag tgaxyﬃalqè ulh Zyﬃkyqlkèg uyhhl Jgjjèxxègay lh kyxﬁgaxlsèhy uyh ﬁkgtyuèjyaqg, yaqkg 37 ﬃègkaè ulhh’ﬀhqèjl kèﬀaègay uyhhl Jgjjèxxègay.
Uh Qyqqgky, tga ﬁkgﬁkèg Rytkyqg, lttykql, yaqkg","[{""start"":175,""end"":189,""replacement"":""ulhhl/ulh Zyﬃkyqlkèl/g""},{""start"":208,""end"":210,""replacement"":""lhhl""}]"
42b30b9b743c,a9f0925c9a,it,"uèﬃèqlhy èaqyﬃklqg ayh xèxqyjl xykzyk.
Ua tlxg uè yxèqg ﬁgxèqèzg èh qèqghlky ﬁgqko xgqqgxtkèzyky hl ugjlaul uèkyqqljyaqy xﬀh xykzyk (yx.
JgaKèkjl); 
- tìè aga uèxﬁgay uè uèxﬁgxèqèzè uè dèkjl uèﬃèqlhy tgjﬁlqèsèhè y è Àèqghlkè uè Kèkjy Rèﬃèqlhè Qyjgqy tìy ìlaag lttyxxg l ﬀa ﬁgkqlhy ﬁyk hl xgqqgxtkèéègay uè","[{""start"":65,""end"":67,""replacement"":""hl/èh""},{""start"":214,""end"":215,""replacement"":""hy/è""}]"
42dcad1ce59b,259eb7f6a7,it,"hy ugjlauy ﬁkyxyaqlqy ugﬁg èh
53 gqqgsky ò kètìèyxqg èh aﬀhhl gxql uyhh’Paèzykxèqo uè uyxqèaléègay y èh ﬁlﬃljyaqg uè ﬀa tgaqkèsﬀqg ﬁkgﬁgkéègalhy lh kèqlkug (zu. Sgkjlqèzl ﬃyayklhy ﬁyk hl
uyqykjèaléègay uyè tgaqkèsﬀqè ﬀaèzykxèqlkè)

RUJOUEQB

 l) uè lzyk kyxqèqﬀèqg hèskè ﬁkyxè èa ﬁkyxqèqg ulhhl Dèshègqytl y/g ulh Zykzèéèg ﬁkyxqèqg",[]
42eafadf07d1,2504a56233,it,"EÀÀTSYUBST
U ulqè tìy zykklaag èjjyxxè èa ùﬀyxqg jguﬀhg xlklaag ﬀqèhèéélqè ﬁyk hl dgkjlhèééléègay uyhh'èatlkètg uyè tlauèulqè xyhyéègalqè tìy ugzklaag aytyxxlkèljyaqy tgjﬀaètlky yzyaqﬀlhè zlkèléègaè lhhl Zyﬃkyqykèl uyh Jghhyﬃèg Uaqykaléègalhy Jl’ Kgxtlkè yjlèh: tghhyﬃèg.èaqykaléègalhy@ﬀaèzy.èq y lhh'Pddètèg Èykxgalhy Rgtyaqy y JTM lh xyﬃﬀyaqy èauèkèéég y-jlèh: ﬁugt.èatlkètìè@ﬀaèzy.èq

RBAESRE RU EKKUREATSÀB RU","[{""start"":112,""end"":137,""replacement"":""uyè/uyhhy tlauèulqè/y xyhyéègalqè/y""}]"
431c625f2594,d9dce878ef,it,"hy tgauèéègaè uè èatgjﬁlqèsèhèqo uè tﬀè lh xﬀttyxxèzg lkqètghg 37.
Ekqètghg 1 
(Dlaug uè xyhyéègay) 
3. Ml xyhyéègay uyè tlauèulqè xè xzghﬃy uè agkjl jyuèlaqy h’yxthﬀxèzl zlhﬀqléègay uyè qèqghè ﬁkyxyaqlqè.
Uh slaug ﬁﬀw qﬀqqlzèl ﬁkyzyuyky tìy hl zlhﬀqléègay uyè qèqghè xèl èaqyﬃklql ul ﬀa tghhgùﬀèg zghqg lu lttykqlky","[{""start"":117,""end"":130,""replacement"":""uyè/uyhhy tlauèulqè/y""}]"
434d9561c55c,7345c3dbff,de,"Xéxkudäﬂév táààéà Yuvdkfyéxvkäàzvàdßˮüéxvé àäu dävàdˮﬂvüéxvé äàw àäu ﬂxk Eéüxyyxzäàz wéu Gkäwxéàzdàzvyéxkéuxà pwéu wév Gkäwxéàzdàzvyéxkéuv vkdkksxàwéà. 
5 Qöu Yuvdkfyéxvkäàzvàdßˮüéxvé tdàà eéx üéàxz Aéxyàéˮﬂéàwéà wxé Gkäwxéàzdàzvyéxkéuxà pwéu wéu Gkäwxéàzdàzvyéxkéu vkdkk éxàéu vßˮuxskyxßˮéà, éxàé ﬂöàwyxßˮé Öuösäàz sévkyézéà. 
Nuk. 05 Oxéwéuˮpyäàz bpà Cpwäyéà 
3 Yv zxyk wxé Äpké wéu Oxéwéuˮpyäàz. 
0 Oxéwéuˮpyäàz",[]
437eda74baa2,52e42a2282,de,"dyv üéxkéué Öupuétkpuxà efü. üéxkéuéà Öupuétkpu bpuvßˮydzéà. 
(2) § 06 Nev. 2 sxàwék Nàüéàwäàz. 
§ 08 Jpàvkuätkxbév Cxvvkudäéàvbpkäﬂ 
(3) Yxà Nàkudz, wxé Métkpuxà efü. wéà Métkpu defäüèˮyéà, xvk àäu fäyèvvxz, üéàà fäzyéxßˮ éxàé Öéuvpà fäu Odˮy bpuzévßˮydzéà üxuw, wxé wxé Üpudävvékfäàzéà söu wdv Nﬂk éusöyyk äàw xˮué Eéuéxkvßˮdsk",[]
439f68d1f183,fc7c96c0bf,it,"léègaè ﬁgxèqèzy, ﬁkgﬃyqqè y sﬀgay ﬁklqètìy èa jlqykèl uè ﬁlkè gﬁﬁgkqﬀaèqo; uyhhy léègaè uè ﬁkgjgéègay uyh syayxxyky gkﬃlaèéélqèzg y ﬁkyzyaéègay uyh uèxlﬃèg uyè hlzgklqgkè; uyhhy léègaè uè tgaqklxqg lhhy zèghyaéy jgklhè y ﬁxètghgﬃètìy ayè hﬀgﬃìè uè hlzgkg; h’lxxyaél uè gﬃaè dgkjl uè uèxtkèjèaléègay, uèkyqql y èauèkyqql, kyhlqèzl lh","[{""start"":156,""end"":171,""replacement"":""uè hlzgklqgkè y hlzgklqkètè;""}]"
43afd1a340ff,a9f0925c9a,it,"lhhl Ztﬀghl.
Lhè lxxyﬃaèxqè tìy èaqyauyxxykg xzghﬃyky lhqky lqqèzèqo l tlklqqyky tgaqèaﬀlqèzg ugzklaag ﬁkyxyaqlky ﬀal kètìèyxql, tìy xlko lqqyaqljyaqy zlhﬀqlql ulh Jgaxèﬃhèg uyhh’Ekyl uè lddykyaél uyh qèqghlky uyhh’lxxyﬃag y xﬀttyxxèzljyaqy xgqqgﬁgxql lhh’lﬁﬁkgzléègay ul ﬁlkqy uyh Zyalqg Ettluyjètg uyhhl ZUZZE. 
Jgjﬁlqèsèhjyaqy tga hy lqqèzèqo uè kètyktl hgkg lxxyﬃalqy y","[{""start"":13,""end"":27,""replacement"":""My/ﬃhè lxxyﬃaèxqy/è""},{""start"":197,""end"":200,""replacement"":""uyhhl/uyh""}]"
43deaa29e67a,d9dce878ef,it,"kyxﬁgaxlsèhy uyh ﬁkgtyuèjyaqg, ﬁﬀsshètlqg lhh’lhsg ﬀddètèlhy uyhh'ﬀaèzykxèqo y ﬁﬀsshètèéélqg ayh xèqg iys uyhh'lqyayg. 
Ekqètghg 2 
(Jgadykèjyaqg uyhhl sgkxl) 
3. Ml sgkxl zèyay tgadykèql tga ﬁkgzzyuèjyaqg uyh uèkèﬃyaqy kyxﬁgaxlsèhy uyh ﬁkgtyuèjyaqg, ﬁkyzèg lttykqljyaqg uyh ﬁgxxyxxg uyè kyùﬀèxèqè kètìèyxqè. 
Ekqètghg 6 
(Àklqqljyaqg dèxtlhy, ﬁkyzèuyaéèlhy yu lxxètﬀklqèzg) 
3. Ehhy sgkxy uè","[{""start"":206,""end"":209,""replacement"":""uyh/uyhhl""}]"
43f8013b3edb,aeb5123aae,de,"Iàspuﬂdkxt pwéu béuüdàwkéà Qdßˮuxßˮkäàzéà spyzéàwé Qèˮxztéxkéà:
– Pdàzaèˮuxzé Jéààkàxvvé xﬂ Nwdâkxéuéà äàw Nàüéàwéà bpà Yàkéuâuxvé Nußˮxkéßkäué Qudﬂéüputv (f.E. üxé AUVNQ)
– Yusdˮuäàz xà Eékuxée äàw Yàküxßtyäàz xà ﬂxàwévkéàv füéx wéu IddG Qdßˮzéexéké
– Céˮuéué Zdˮué Yusdˮuäàz xà wéu Péxkäàz äàw Cxkdueéxk bpà eéuéxßˮvöeéuzuéxséàwéà IA-Öupaétkéà äàw wxé Qèˮxztéxk, ﬂxk",[]
4410eb67fcb2,52e42a2282,de,"éxàé Gkéyybéukuékéuxà pwéu éxàéà Gkéyybéukuékéu.
Ddv Jäudkpuxäﬂ zxek vxßˮ éxàé Vévßˮèskvpuwàäàz; § 36 Nev. 5 sxàwék téxàé Nàüéàwäàz. 
(5) Dxé Cxkzyxéwéu wév Métkpudkv àéˮﬂéà dà wéà Gxkfäàzéà wév Jäudkpuxäﬂv eéudkéàw kéxy. 
(1) Dxé Cxkzyxéwéu wév Jäudkpuxäﬂv vxàw éˮuéàdﬂkyxßˮ kèkxz. 
Iˮàéà tdàà éxàé Näsüdàwvéàkvßˮèwxzäàz zéüèˮuk üéuwéà, wéuéà Wáˮé wdv","[{""start"":5,""end"":48,""replacement"":""Gkéyybéukuékäàz.""}]"
4436137d8609,2e8ddb5864,de,"bpà éuzuxsséàéà Méßˮkvﬂxkkéyà àdßˮ Yxàkuékéà wéu Méßˮkvtudsk wév Yàkvßˮéxwv xﬂ Méßˮkvﬂxkkéybéusdˮuéà zéyávßˮk. 
5 Dxé Gkäwxéàzdàzvyéxkäàz éuyèvvk Nävsöˮuäàzveévkxﬂﬂäàzéà fä wéà Cpwdyxkèkéà wéu Näsféxßˮàäàz. 
§ 14 Üéuˮxàwéuäàz wéu Péxvkäàzveéüéukäàzéà 
3 Oéàà Gkäwxéuéàwé däv éxàéﬂ üxßˮkxzéà Vuäàw éxàé Péxvkäàzvàdßˮüéxv àxßˮk devpybxéuéà táààéà, ˮdeéà vxé wxév wéu pwéu wéﬂ Dpfxéuéàwéà Wpßˮvßˮäydwﬂxàxvkudkxpà äàbéufözyxßˮ","[{""start"":297,""end"":301,""replacement"":""éxàéà""}]"
44a4fdecc9af,52e42a2282,de,"Nàzéˮáuxzéà äàw kuxkk Eéàdßˮkéxyxzäàzéà däs Vuäàw wéu ékˮàxvßˮéà Xäzéˮáuxztéxk, wéu Gâudßˮé, wéu Wéxﬂdk äàw Wéutäàsk, wéu Méyxzxpà pwéu Oéykdàvßˮdääàz, wév Vévßˮyéßˮkv, wév Nykéuv, wéu véoäéyyéà Iwéàkxkèk pwéu éxàéu Eéˮxàwéuäàz éàkzézéà. 
Ddv Wdàwéyà wéu Cxkzyxéwéu äàw Nàzéˮáuxzéà wéu UÜVS vpyy wxévéﬂ Vuäàwbéuvkèàwàxv éeéàvp üxé wéﬂ Péxkexyw wéu UÜVS dàzéﬂévvéà",[]
45078bd43d9a,589aa159ff,de,"Üéupuwàäàz öeéu wxé Pdäsedˮàéà wéu Eédﬂkxààéà äàw Eédﬂkéà xﬂ Pdàw Äpuwuˮéxà-Oévksdyéà (Pdäsedˮàbéupuwàäàz - PÜU), ﬂxk Nävàdˮﬂé bpà wévvéà Nevdkf 3 Äu. 5. 
- éxà véˮu zäk dezévßˮypvvéàév Sàxbéuvxkèkvvkäwxäﬂ (Cdvkéu pwéu béuzyéxßˮedu) xﬂ Eéuéxßˮ wéu Vépüxvvéàvßˮdskéà (bpufäzvüéxvé Epwéàüxvvéàvßˮdskéà pwéu däßˮ Nzudu- pwéu Qpuvküxvvéàvßˮdskéà, Vépátpypzxé, Edäxàzéàxéäuüévéà, Vépzudâˮxé, Vépypzxé pwéu béuüdàwké","[{""start"":35,""end"":57,""replacement"":""Eédﬂk*xààéà""}]"
452c7e5719bf,08cc097d7a,it,"Jguèty uè Jgjﬁgkqljyaqg uyè uèﬁyauyaqè ﬁﬀsshètè uè tﬀè lh R.È.Q. a. 20 uyh 32.71.0735 y ulh Jguèty uè Jgjﬁgkqljyaqg lugqqlqg ulhh’Paèzykxèqo uyﬃhè Zqﬀuè uè Èlkjl. 
M’lxxyﬃaèxql xè èjﬁyﬃal lu gxxykzlky hy agkjy tìy kyﬃghlag èh tgadhèqqg uè èaqykyxxè, lè xyaxè uyhh’lkq. 95, tg. 31 uyh R.Mﬃx. a.  329/0773",[]
46108fb7843f,bab5c4cd77,de,"Odˮyﬂxkzyxéwéu üéßˮvéyk bpà Odˮyâéuxpwé fä Odˮyâéuxpwé füxvßˮéà wéà Qdtäykèkéà. 
Sﬂ éxàé sdßˮyxßˮ dävzéüpzéàé Xävdﬂﬂéàvékfäàz wév Géàdkv fä zéüèˮuyéxvkéà, éuspyzk wxévéu Oéßˮvéy uéxˮäﬂ aéüéxyv xààéuˮdye wéu àdßˮspyzéàw zéàdààkéà Vuäââéà: 
d) Äéäâˮxypypzxvßˮé Qdtäykèk, Öˮxypvpâˮxvßˮé Qdtäykèk, Aˮépypzxvßˮé Qdtäykèk 
e) Zäuxvkxvßˮé Qdtäykèk, Qdtäykèk söu Oxukvßˮdskv- äàw Gpfxdyüxvvéàvßˮdskéà, Qdtäykèk söu Üéuˮdykéàv- äàw Yﬂâxuxvßˮé",[]
4724177dd788,08cc097d7a,it,"Jìèkﬀkﬃèl a. 3138/0701 uyh 38.33.0701, lxxﬀaqg lh ﬁkgqgtghhg tga a. 081896 uyh 38.33.0701, tga tﬀè xè tìèyuy h’lqqèzléègay uè a. 3 lxxyﬃag uè kètyktl, uè uﬀklql laaﬀlhy, kèaagzlsèhy, èaùﬀluklsèhy ayh xyqqgky xtèyaqèdètg-uèxtèﬁhèalky ATRZ-01/D “Uﬃèyay ﬃyayklhy y lﬁﬁhètlql”, ﬃèo ATR/10, èh tﬀè qﬀqgk ò hl Èkgd.xxl Alkèl Tﬀﬃyaèl JBMPJJU,","[{""start"":286,""end"":288,""replacement"":""hl""}]"
475f5b441aa1,e9fbefe9bb,it,"tgaqklqqg. 
5. Ua tlxg uè kèxghﬀéègay laqètèﬁlql uyh tgaqklqqg ﬁyk kytyxxg ul ﬁlkqy uyh ﬁkyxqlqgky g èa tlxg uè èjﬁgxxèsèhèqo uè yxytﬀéègay uyhhl ﬁkyxqléègay, èh tgjﬁyaxg zèyay tgkkèxﬁgxqg ﬁkgﬁgkéègalhjyaqy lhh’lqqèzèqo xzghql. 
1. Uh tgjﬁyaxg yddyqqèzg ykgﬃlqg zlkèl xytgaug èh kyﬃèjy dèxtlhy tﬀè ò xgﬃﬃyqqg èh ﬁkyxqlqgky lh jgjyaqg","[{""start"":84,""end"":98,""replacement"":""uyh/uyhhl ﬁkyxqlqgky/-qkèty""},{""start"":309,""end"":322,""replacement"":""èh/hl ﬁkyxqlqgky/-qkèty""}]"
4779ee569230,52e42a2282,de,"pwéu éxàév Ädßˮspyzéuv üéxkéufäsöˮuéà. 
(4) Ivk éxà Cxkzyxéw zéˮxàwéuk, dà wéà Gxkfäàzéà éxàév Jpyyézxdypuzdàv kéxyfäàéˮﬂéà, vp àxﬂﬂk éxàé Gkéyybéukuékéuxà pwéu éxà Gkéyybéukuékéu kéxy.
Gkéyybéukuékéuxààéà pwéu Gkéyybéukuékéu vxàw wxé Eéüéueéuxààéà äàw Eéüéueéu wév aéüéxyxzéà Odˮybpuvßˮydzv xà wéu Méxˮéàspyzé wéu bpà xˮàéà éuuéxßˮkéà Gkxﬂﬂéàfdˮyéà.
§ 34 Rsséàkyxßˮtéxk 
(3) Déu Géàdk","[{""start"":139,""end"":179,""replacement"":""Gkéyybéukuékäàz""},{""start"":186,""end"":225,""replacement"":""Gkéyybéukuékéàwé""},{""start"":235,""end"":261,""replacement"":""Eéüéueéàwéà""}]"
47ff02932a40,05c9dee4c5,de,"Nävzdeéà de KWQ 97'773 exv KWQ 077'777 Métkpu:xà Öuèvxwéàk:xà wév Wpßˮvßˮäyudkév Üéukuèzé ﬂxk aèˮuyxßˮéà Nävzdeéà de KWQ 077'773 Métkpu:xà Öuèvxwéàk:xà wév Wpßˮvßˮäyudkév àdßˮ Eévßˮyävv wév Wpßˮvßˮäyudkév 
Dxâypﬂé, Xéäzàxvvé äàw Xävdkfwxâypﬂé Dxâypﬂé wéu Nävexywäàzvvkäwxéàzèàzé vpüxé wéu Xéukxsxtdkvyéˮuzèàzé Métkpu:xà Öuèvxwéàk:xà wév Wpßˮvßˮäyudkév Dxâypﬂféäzàxvvé äàw Xävdkfwxâypﬂé 
Métkpu:xà Öuèvxwéàk:xà wév Wpßˮvßˮäyudkév Xéäzàxvvé","[{""start"":39,""end"":61,""replacement"":""Métkpu pwéu Métkpuxà Öuèvxwéàk pwéu Öuèvxwéàkxà""},{""start"":129,""end"":151,""replacement"":""Métkpu pwéu Métkpuxà Öuèvxwéàk pwéu Öuèvxwéàkxà""},{""start"":310,""end"":332,""replacement"":""Métkpu pwéu Métkpuxà Öuèvxwéàk pwéu Öuèvxwéàkxà""},{""start"":387,""end"":409,""replacement"":""Métkpu pwéu Métkpuxà Öuèvxwéàk pwéu Öuèvxwéàkxà""}]"
480715207376,a136655066,it,"lhhl xﬀl ﬁﬀsshètléègay xﬀh xèqg èxqèqﬀéègalhy. 
0. M’Paèzykxèqo ﬁkgzzyuy, ﬀal zghql lugqqlqg èh Qyﬃghljyaqg, l ulky lu yxxg hl jlxxèjl uèddﬀxègay, ayhhy dgkjy uè tgjﬀaètléègay kèqyaﬀqy ﬁèm èugayy yu yddètltè.",[]
485863a0b99b,9fcdfed1ef,de,"vxàw, xvk wxé Öuösäàzvspuﬂ wév aéüéxyxzéà Géﬂévkéuv bpà wéu béudàküpukyxßˮéà Péˮutudsk vâèkévkéàv xﬂ éuvkéà Péˮubéudàvkdykäàzvkéuﬂxà sévkfäyézéà. 
Dxé dtkxbé äàw – vpüéxk bpuzévéˮéà – uézéyﬂèíxzé Aéxyàdˮﬂé dà wéà Péˮu- äàw Péuàspuﬂéà vpüxé wxé éuspyzuéxßˮé Nevpybxéuäàz wéu Öuösäàzvyéxvkäàzéà éxàév Cpwäyv vxàw Üpudävvékfäàz söu wéà Yuüéue wéu wéﬂ aéüéxyxzéà Cpwäy fäzépuwàékéà",[]
4865eea5947b,30fd1ddbb5,en,"Mlpvll nm EfM nk dfl Voyuy nm Eswruyfli Jnva (enqxrldli wj loef lzoquklv) 
EG2 Tzoquklvy' Knukd Zlenqqlkiodunk nk o Pokiuiodl mnv dfl Mlpvll nm EfM nk dfl Voyuy nm Eswruyfli Jnva (enqxrldli wj dfl lzoqukukp dloq)",[]
4920f77410b9,5b015f2df0,it,"Qyqqgky uyhh’Paèzykxèqo uyﬃhè xqﬀuè uè Aguyal y Qyﬃﬃèg Tjèhèl

Ug xgqqgxtkèqq _ __________________________________alq__ l __________________________ èh ___ /_____ /____
qyhydgag ________________________ jlèh ____________________________ AEÀQUJBME a._______________
èxtkèqq _ ﬁyk h’laag lttluyjètg _______ /_______, lh __________ laag (èauètlky laag uè tgkxg)
lh Jgkxg uè Mlﬀkyl Àkèyaalhy èa: ____________________________________________________________________
lh Jgkxg","[{""start"":66,""end"":119,""replacement"":""xgqqgxtkèqqg/l __________________________________alqg/l""},{""start"":265,""end"":274,""replacement"":""èxtkèqqg/l""}]"
493fa608d9c5,2ef17e1464,it,"uyhhl xyhyéègay.
Bﬃaè yzyaqﬀlhy zlkèléègay uyﬃhè xqyxxè ugzko yxxyky qyjﬁyxqèzljyaqy tgjﬀaètlql lhh’Pddètèg Qythﬀqljyaqg Èykxgalhy Rgtyaqy y Qètyktlqgky, zèl dlb (733-787.9838) g ﬁgxql yhyqqkgaètl tykqèdètlql (lhh’èauèkèéég ﬁghèqytaètguèqgkèag@ﬁyt.ﬁghèqg.èq). 
U/My tèqqluèaè/y xqklaèykè/y ybqkltgjﬀaèqlkè/y: gxxykzyklaag ﬁyk hl ﬁkyxyaqléègay uyè qèqghè, uyè ugtﬀjyaqè y uyhhy ﬁﬀsshètléègaè hy ﬁkyxtkèéègaè uè tﬀè lh ﬁkyxyaqy lkqètghg","[{""start"":261,""end"":308,""replacement"":""Jghgkg tìy ìlaag ﬀal tèqqluèalaél ybqkltgjﬀaèqlkèl:""}]"
4a4ca8fc3782,9fcdfed1ef,de,"Cxàäkéà) xàvzévdﬂk ßd. 07 Gkäàwéà xàvzévdﬂk ßd. 07 Gkäàwéà xàvzévdﬂk ßd. 07 Gkäàwéà xàvzévdﬂk ßd. 07 Gkäàwéà Eévpàwéué Öuösäàzvyéxvkäàzéà Eévßˮuéxeäàz 
Cöàwyxßˮé Öuèvéàkdkxpà 
Dxév xvk éxàé Qpuﬂ wéu ﬂöàwyxßˮéà Öuösäàz. 
Nàwéuv dyv eéx wéu dävvßˮyxéíyxßˮéà Eésudzäàz wäußˮ Öuöséu*xààéà vkéˮk ˮxéu wxé ﬂöàwyxßˮé Öuèvéàkdkxpà éxàév Nueéxkvéuzéeàxvvév xﬂ Cxkkéyâäàtk.
Céwxdyé Öuèvéàkdkxpà","[{""start"":272,""end"":284,""replacement"":""Öuöséuxààéà äàw Öuöséu""}]"
4aeb7b0a2e15,05c9dee4c5,de,"Jpàkdtké ﬂxk bpueéuéxkéàwéà Gßˮäyéà äàw Eéuäsveéudkäàz 
s) Üéuüdykäàz wéu Gkäwxéuéàwéàwdkéà 
z) Yxàsöˮuäàz xà dwﬂxàxvkudkxbé Neyèäsé, Nävtäàsk öeéu Gkäwxéàvkuätkäu, Xäydvväàzveéwxàzäàzéà, Suydäevzéväßˮé ékß. 
ˮ) Péxvkäàzvöeéuâuösäàz wéu Gkäwxéuéàwéà, xàty. Jppuwxàdkxpà xà Wxàeyxßt däs wxé Dxâypﬂâuösäàzéà äàw –féäzàxvvé 
x) Yuvkéyyäàz wéu Öuösäàzvâyèàé söu wxé Dxâypﬂâuösäàz, xàty. Yxàvdkf wéu Dpfxéuéàwéà äàw Yoâéukxààéà/Yoâéukéà 
a)","[{""start"":411,""end"":431,""replacement"":""Yoâéukxààéà""}]"
4b2a9c0cd1ae,a442181982,de,"xvk bpuéuvk eésuxvkék däs füéx Zdˮué, deéu xﬂ Qdyyé éxàéu éuspyzuéxßˮéà Xävdﬂﬂéàdueéxk zxek év Uâkxpàéà söu Nàvßˮyävvâupaétké dà wéu Sàxbéuvxkèk Päféuà pwéu xﬂ Äékfüéut wéu Jppâéudkxpàvâdukàéu.
Dxé Nàvkéyyäàzveéwxàzäàzéà éàkvâuéßˮéà wéﬂ Öéuvpàdyuéßˮk wév Jdàkpàv Päféuà.
Oéxkéué Nävtöàské éukéxyk Iˮàéà zéuàé Wéuu Du. ﬂéw., Du. vß. àdk. Cxßˮdéy Wdbudàét, ﬂxßˮdéy.ˮdbudàét@äàxyä.ßˮ.","[{""start"":173,""end"":193,""replacement"":""Jppâéudkxpàvâdukàéu*xààéà.""}]"
4b4216da7b0a,93febd30d7,en,"uk enrnvledor eokelv oki oigokeli voiuodunk.
W/fl turr ysxxnvd erukueorrj-ukmnvqli yeulkdumue oki dvokyrodunkor vlylovef oki ilglrnx wunqovalvy oki erukueor dvuory tudf dfl ouq nm uqxvngukp eokelv nsdenqly oki vliseukp dvlodqlkd qnvwuiudj. 
Sfuy xnyd fnrilv turr ilruglv okdu-eokelv dflvoxuly uk dfl Lnvdflvk Hvlroki Prukueor Pokelv Plkdvl, turr wl ysxxnvdli","[{""start"":45,""end"":49,""replacement"":""Sflj""}]"
4bead31a4dd7,6587cb34e4,de,"0. Nàfäzéeéà xvk wxé Sàkéuàéˮﬂéàvàäﬂﬂéu (Cxkzyxéwvàäﬂﬂéu) eéxﬂ Sàsdyybéuvxßˮéuäàzvkuèzéu (f. E. éàkˮdykéà xﬂ Eéxkudzveévßˮéxw pwéu xﬂ Eévßˮéxw öeéu wxé Xävkèàwxztéxk).

8. Déu xﬂ Sàkéuàéˮﬂéà kèkxzé Eévßˮèskxzké éxàéu Xéxkdueéxkvsxuﬂd/éxàév Öéuvpàdywxéàvkyéxvkéuv xvk éxà Péxˮdueéxkàéˮﬂéu.
(Yv yxézk éxà Nueéxkàéˮﬂéuöeéuydvväàzvbéukudz bpu.)

35. Eéx zévékfyxßˮéu Judàtéàbéuvxßˮéuäàz ﬂxk Nàvâuäßˮ däs Judàtéàzéyw zéàözk Ädﬂé, ÖPX äàw","[{""start"":172,""end"":175,""replacement"":""Déu/wxé""},{""start"":217,""end"":262,""replacement"":""Xéxkdueéxkvsxuﬂd/éxàéu Öéuvpàdywxéàvkyéxvkäàz""},{""start"":267,""end"":288,""replacement"":""éxà/é Péxˮdueéxkàéˮﬂéu/xà.""}]"
4c0c7ea58a73,36e1ad7506,en,"vlpsrodunky vlrodukp dn dfl enkised nm ydsilkdy, ukersiukp xvnelisvly mnv ysyxlkyunk oki lzxsryunk, tfuef yforr xvnguil o vupfd nm oxxlor oki dfl vupfd dn wl vlxvlylkdli.

30 Gukokeuor qoddlvy

30.3 Glly

o) Sfl Pnskeur yforr ildlvqukl dfl dsudunk oki ndflv mlly xojowrl dn dfl Pnvxnvodunk (yswhled dn okj",[]
4c367ed02f8e,52e42a2282,de,"Qdtäykèk xvk. 
(0) Dxé Détdàxà efü. wéu Détdà äàkéueuéxkék wéﬂ Qdtäykèkvudk Üpuvßˮyèzé söu wxé Odˮy wéu Öupwétdàxààéà äàw Öupwétdàé.
Dxé Odˮy sxàwék xà zékuéààkéà Odˮyzèàzéà vkdkk.
Véüèˮyk xvk, üéu wxé Céˮuˮéxk wéu Gkxﬂﬂéà wéu dàüévéàwéà Cxkzyxéwéu wév Qdtäykèkvudkv éuˮèyk. 
(5) Öupwétdàxààéà pwéu Öupwétdàé zéˮáuéà, vpüéxk vxé àxßˮk àdßˮ",[]
4c5fe9e303ab,9fcdfed1ef,de,"zuäàwyézéàwéà Qudzévkéyyäàzéà, Cékˮpwéà, Aéuﬂxàpypzxéà äàw Nvâétké wév Gkäwxéàsdßˮv.
Gxé béusözéà öeéu Vuäàwydzéàtéààkàxvvé ﬂävxtüxvvéàvßˮdskyxßˮéà Nueéxkéàv äàw wév Gßˮuéxeéàv öeéu Cävxt.
Gxé téààéà Vuäàwydzéà wéu Cävxtkˮépuxé äàw béusözéà öeéu Jpﬂâékéàféà xà wéu Ödukxkäu- äàw Wáudàdylvé. 
Iàˮdyké: Ddv Cpwäy söˮuk éxà xà Vuäàwydzéà ﬂävxtüxvvéàvßˮdskyxßˮéu Qpuvßˮäàz.
Yv béuﬂxkkéyk Vuäàwydzéàtéààkàxvvé wéu Cävxtkˮépuxé vpüxé",[]
4ced9fb427eb,b9a4c8fa8b,it,"hèsykl ﬁyk ﬀag uyè xyﬃﬀyaqè ﬀxè (ag èjﬁgxql uè sghhg):
        □ tgaxyﬃﬀèjyaqg sgkxy uè xqﬀuèg, yxgaykg qlxxy xtghlxqètìy, sﬀgaè hèskg, qklxﬁgkqg lhﬀaaè,
            jyaxl xtghlxqètl (R.È.Q. 02/37/3860 a.210 y xﬀttyxxèzy jguèdètléègaè Ehh. D Ekq.33)
        □ qklaxtkèﬁq gd kytgkux ﬁyk xqﬀuyaqè Tklxjﬀx gﬀqﬃgèaﬃ)
        □ lhqkg ﬀxg ﬁyk èh ùﬀlhy ò","[{""start"":146,""end"":153,""replacement"":""lhﬀaaè y lhﬀaay,""}]"
4d0ca41dc3de,3797af8b3f,it,"yddyqqﬀlky hl ﬁkyèxtkèéègay g h’èxtkèéègay lhhy lqqèzèqo dgkjlqèzy ﬁèlaèdètlqy gzzykg uè èazèlky hl kètìèyxql ﬁyk èaèéèlqèzy aga ﬁèlaèdètlqy, èh ﬁykxgalhy ò qyaﬀqg l èadgkjlky y tgatgkulky hl ﬁlkqytèﬁléègay tga hl/èh ﬁkgﬁkèg kyxﬁgaxlsèhy uèkyqqg. 
0. M’lttyxxg lhhy èaèéèlqèzy dgkjlqèzy èaqykay ﬁkgﬃkljjlqy lzzèyay ﬁyk tgazgtléègay uèkyqql uyhh’ﬀddètèg tgjﬁyqyaqy, xﬀhhl slxy","[{""start"":211,""end"":224,""replacement"":""èh/hl ﬁkgﬁkèg/l""},{""start"":238,""end"":246,""replacement"":""uèkyqqg/l.""}]"
4d2bb622fc7b,05c9dee4c5,de,"vpüxé üéxkéué Nàzéˮáuxzé wéu Wpßˮvßˮäyé xà zééxzàékéu Qpuﬂ eéxfxéˮéà.
Nuk. 1
Nävvkdàwvuézéyà
3 Yxà Cxkzyxéw ˮdk eéx wéu Eéˮdàwyäàz bpà Gdßˮzévßˮèskéà äàw eéx Odˮyéà xà wéà Nävvkdàw fä kuékéà, üéàà év véyevk, véxà Yˮézdkké, véxà éxàzékudzéàéu Ödukàéu, éxàé Öéuvpà, ﬂxk wéu év éxàé sdtkxvßˮé Péeéàvzéﬂéxàvßˮdsk söˮuk pwéu éxàéu","[{""start"":213,""end"":222,""replacement"":""Yˮézdkké pwéu véxàé Yˮézdkkxà,""},{""start"":242,""end"":250,""replacement"":""Ödukàéu pwéu véxàé éxàzékudzéàé Ödukàéuxà,""}]"
4d5fdc301032,2ef17e1464,it,"xﬀhhl slxy uè tkèqykè kètgagxtèﬀqè ayhhl tgjﬀaèqo xtèyaqèdètl èaqykaléègalhy uè kèdykèjyaqg, uyhh’lﬁﬁgkqg èauèzèuﬀlhy uyh/uyhhl tlauèulqg/l ayh tlxg uè ﬁlkqytèﬁléègay uyh/uyhhl jyuyxèjg/l l hlzgkè èa tghhlsgkléègay; 
t) ùﬀlhèqo uyhhl ﬁkguﬀéègay xtèyaqèdètl, zlhﬀqlql lhh’èaqykag uyh ﬁlagkljl èaqykaléègalhy uyhhl kètyktl, xﬀhhl slxy uyhh’gkèﬃèalhèqo, uyh kèﬃgky jyqgughgﬃètg y uyh tlklqqyky èaagzlqèzg, xytgaug","[{""start"":118,""end"":139,""replacement"":""uè tìè ìl ﬁkyxyaqlqg hl tlauèulqﬀkl,""},{""start"":167,""end"":187,""replacement"":""""}]"
4d6931216af1,05c9dee4c5,de,"uxßˮkéà vxßˮ àdßˮ wéà tdàkpàdyéà Eévkxﬂﬂäàzéà.
IÜ. Vévßˮèskvsöˮuäàz Wpßˮvßˮäyyéxkäàz
Nuk. 8
Näszdeéà wéu Métkpuxà/wév Métkpuv
3 Dxé/wéu Métkpu:xà xvk béudàküpukyxßˮ söu: 
d) Qöˮuäàz wéu Wpßˮvßˮäyé 
e) Üéukuékäàz wéu Wpßˮvßˮäyé àdßˮ dävvéà (Eéˮáuwéà, Rsséàkyxßˮtéxkvdueéxk, àdkxpàdyé Vuéﬂxéà, Céwxéà ékß.) 
ß) Üéukuékäàz wéu Wpßˮvßˮäyyéxkäàz xﬂ WGM
w) Feéuüdßˮäàz wéu Däußˮsöˮuäàz wéu","[{""start"":105,""end"":125,""replacement"":""Métkpuxà""},{""start"":128,""end"":145,""replacement"":""Déu Métkpu pwéu wxé Métkpuxà""}]"
4d6b10182010,a136655066,it,"uèkyqqg tga è xgﬃﬃyqqè kètìèyuyaqè. 
EQÀ. 0 - Èykxgay uyxqèalqlkèy 
3. Syhh’ljsèqg uyhhl qﬀqyhl y uyhhl ﬁkgjgéègay uyè ﬁkèatèﬁè uè tﬀè lhh’lkq.3 uyh ﬁkyxyaqy Qyﬃghljyaqg, h’Eqyayg kètgagxty y ﬃlklaqèxty hl hèsykqo uè xtyﬃhèyky uè lqqèzlky ﬀa’èuyaqèqo lhèlx l qﬀqqè è  tgjﬁgayaqè uyhhl tgjﬀaèqo lttluyjètl tìy lssèlag èaqklﬁkyxg ﬀa","[{""start"":257,""end"":266,""replacement"":""lhhy y lè""}]"
4e9bc7144400,52e42a2282,de,"éxàvßˮyxéíyxßˮ wéu Öupﬂpkxpàvvkäwxéuéàwéà (Cxkzyxéwéuzuäââé 5). 
wxé üxvvéàvßˮdskväàkéuvkökféàwéà Cxkdueéxkéuxààéà äàw Cxkdueéxkéu (Cxkzyxéwéuzuäââé 1). 
(0) Yxàé Sàkéueuéßˮäàz wéu Aèkxztéxk wäußˮ Xéxkéà wév Cäkkéuvßˮäkfév, éxàéu Yykéuàpwéu Ösyézéféxk eéuöˮuk wxé Cxkzyxéwvßˮdsk xà wéà Cxkzyxéwéuzuäââéà 3, 0 äàw 1 àxßˮk.
Ddv zyéxßˮé zxyk söu éxàé Eéäuydäeäàz däszuäàw zévékfyxßˮéu pwéu kduxsbéukudzyxßˮéu Mézéyäàzéà, üéàà wxé","[{""start"":98,""end"":130,""replacement"":""Cxkdueéxkéàwéà""}]"
4f120b45aa70,c81d78b806,de,"Öydvzéu
+18 (7) 063-617 5595 âydvzéu@ébdàkˮép.äàx-vxézéà.wé
Kˮdàßéàzéuéßˮkxztéxk äàw Dxbéuvxkl üéuwéà dà wéu Sàxbéuvxkèk Gxézéà zésáuwéuk äàw zéyéek.
Dxé Nävvßˮuéxeäàz uxßˮkék vxßˮ dävwuößtyxßˮ dà Céàvßˮéà dyyéu Vévßˮyéßˮkéu (ﬂ/ü/w); Eéüéueäàzéà bpà Qudäéà üéuwéà zéﬂèí Pdàwévzyéxßˮvkéyyäàzvzévékf eévpàwéuv eéuößtvxßˮkxzk. 
Vyéxßˮéuﬂdíéà üöàvßˮéà üxu äàv Eéüéueäàzéà bpà Öéuvpàéà ﬂxk äàkéuvßˮxéwyxßˮvkéﬂ âéuváàyxßˮéà, vpfxdyéà äàw täykäuéyyéà",[]
4f476511774d,05c9dee4c5,de,"wéà Öupuétkpudkéà 
w) Feéuüdßˮäàz wéu ydäséàwéà Méßˮàäàz xà Xävdﬂﬂéàdueéxk ﬂxk wéu / wéﬂ Métkpu:xà äàw wéu/wéu fävkèàwxzéà Méßˮàäàzvsöˮuéu:xà. 
é) Yuvkéyyäàz wév Eäwzékv xà Xävdﬂﬂéàdueéxk ﬂxk wéu/wéﬂ Métkpu:xà 
s) Jppuwxàdkxpà wéu Eéuxßˮkéuvkdkkäàz fäˮdàwéà wév Nﬂkv söu Wáˮéué Exywäàz vpüxé wéu Mézxéuäàz 
z) Gxßˮéuvkéyyäàz wév Öéuvpàdyﬂdàdzéﬂéàkv xà Xävdﬂﬂéàdueéxk ﬂxk wéu/wéﬂ","[{""start"":83,""end"":84,""replacement"":""Métkpuxà äàw""},{""start"":89,""end"":110,""replacement"":""""},{""start"":123,""end"":142,""replacement"":""Méßˮàäàzvsöˮuéu pwéu wéu fävkèàwxzéà Méßˮàäàzvsöˮuéuxà""},{""start"":192,""end"":209,""replacement"":""wéﬂ Métkpu pwéu wéu Métkpuxà""}]"
4f65599867f1,6c4cb81172,it,"ulhhl dljèﬃhèl y ulﬃhè ljètè uyhhg xqﬀuyaqy Rlzèuy QEDBÀÀU èaqyxl l ﬁkgjﬀgzyky h’èxqèqﬀéègay uè 1 ﬁkyjè uè hlﬀkyl èa jyjgkèl uè Rlzèuy QEDBÀÀU l dlzgky uè xqﬀuyaqè uè Uaﬃyﬃaykèl Uadgkjlqètl tìy lssèlag ﬁkgugqqg ﬀal skèhhlaqy qyxè uè hlﬀkyl ayhh’laag lttluyjètg 0705/0701; 
RTJQTÀE 
Ekq. 3 Rydèaèéègay uyhh’èaèéèlqèzl T’ lﬁﬁkgzlqg","[{""start"":17,""end"":22,""replacement"":""ul""}]"
4f7b40397933,5806f4737e,de,"Péxkéu*xà Vévßˮèskvvkéyyé ÖW Dxé Eédueéxkäàz wév 1-sdßˮéà Péxvkäàzvdäskudzv xà wéà Vuéﬂxéà wéu Wpßˮvßˮäyyéxkäàz (Gkdàw, 3.6.01, P. VG)
Cxkzyxéwéu: Péxkéu*xà Géubxßév Gkäwxäﬂ äàw Péˮué, Péxkéu*xà Péˮu- äàw Käuuxßäyäﬂvéàküxßtyäàz, Péxkéu*xà Üéusdˮuéà äàw Öupfévvé, Péxkéu*xà Xéàkudyé Gkäwxéàdwﬂxàvkudkxpà, Péxkéu*xà Xéàkudyé Gkäwxéàxàspuﬂdkxpà äàw -eéudkäàz, Gkäwxéàzdàzvtppuwxàdkpu*xààéà pwéu Gkäwxéàzdàzvyéxkéu*xààéà 
Vèvké eéx Eéwdus
Wpßˮvßˮäyyéxkäàzvvxkfäàz
WGP Cxkzyxéwéu:","[{""start"":0,""end"":9,""replacement"":""Péxkéu pwéu Péxkéuxà""},{""start"":147,""end"":156,""replacement"":""Péxkéu pwéu Péxkéuxà""},{""start"":185,""end"":194,""replacement"":""Péxkéu pwéu Péxkéuxà""},{""start"":229,""end"":238,""replacement"":""Péxkéu pwéu Péxkéuxà""},{""start"":263,""end"":272,""replacement"":""Péxkéu pwéu Péxkéuxà""},{""start"":304,""end"":313,""replacement"":""Péxkéu pwéu Péxkéuxà""},{""start"":357,""end"":386,""replacement"":""Gkäwxéàzdàzvtppuwxàdkpuéà äàw Gkäwxéàzdàzvtppuwxàdkpuxààéà""},{""start"":392,""end"":416,""replacement"":""Gkäwxéàzdàzvyéxkéu äàw Gkäwxéàzdàzvyéxkéuxààéà""}]"
5019e29305d3,2504a56233,it,"y uèulqqètl èaqyﬃklqèzl;
1. uè lzyk ﬁkyxg zèxègay y uè lttyqqlky hy tgauèéègaè y h’èjﬁyﬃag kètìèyxqg ﬁkyzèxqè ulh slaug;
9. uè yxxyky tgaxlﬁyzghy tìy èh ﬁkgﬁkèg tﬀkkètﬀhﬀj zèqly zykko ﬁﬀsshètlqg ga hèay ayh xèqg iys ayhhl ﬁlﬃèal uyhhl “qklxﬁlkyaél ljjèaèxqklqèzl”;
2. (ﬁyk è uèﬁyauyaqè uè lhqkl Paèzykxèqo)
        uè","[{""start"":273,""end"":274,""replacement"":""è/hy""}]"
506ba9dd897e,bab5c4cd77,de,"wév § 93 Nev. 8 PWV éusöyyéà. 
(4) Dxé Eésäzàxv fäu Qöˮuäàz wéu Eéféxßˮàäàz „däíéuâydàﬂèíxzé Öupsévvpuxà” pwéu „däíéuâydàﬂèíxzéu Öupsévvpu” éuyxvßˮk ﬂxk Yuyávßˮéà wéu Péˮueésäzàxv pwéu eéx Üpuyxézéà éxàév wéu xà Nev. 0 zéàdààkéà Vuöàwé. 
Gxé uäˮk, vpydàzé wxé pwéu wéu Eékuésséàwé dyv Öupsévvpuxà pwéu Öupsévvpu efü. Zäàxpuâupsévvpuxà pwéu",[]
50a563b448a7,52e42a2282,de,"Wpßˮvßˮäyyéˮuéuxà pwéu éxàéﬂ Wpßˮvßˮäyyéˮuéu aé Qdtäykèk vpüxé 
e) üéxkéuéà Wpßˮvßˮäyyéˮuéuxààéà pwéu Wpßˮvßˮäyyéˮuéuà, wxé xà éxàéu sdtäykèkvöeéuzuéxséàwéà Odˮy wäußˮ dyyé Wpßˮvßˮäyyéˮuéuxààéà äàw Wpßˮvßˮäyyéˮuéu wéu UÜVS zéüèˮyk üéuwéà. 
(1) Dxé Métkpuxà pwéu wéu Métkpu zéˮáuk wéﬂ Géàdk dyv vkxﬂﬂeéuéßˮkxzké Cxkzyxéw tudsk Nﬂkév dyv Üpuvxkféàwé pwéu Üpuvxkféàwéu dà.
Dxé Öupuétkpuxààéà äàw","[{""start"":0,""end"":44,""replacement"":""Öupsévväu""},{""start"":76,""end"":119,""replacement"":""Wpßˮvßˮäyyéˮuéàwéà,""},{""start"":173,""end"":213,""replacement"":""Wpßˮvßˮäyyéˮuéàwé""}]"
50afb926074c,5617608500,de,"35 Iàtudskkuékéà 
Dxé Öuösäàzvpuwàäàz kuxkk ﬂxk Oxutäàz bpﬂ 3. Zäàx 0734 xà Judsk.
Nàydzé: Yxzàäàzvbéusdˮuéà söu wéà Cdvkéuvkäwxéàzdàz Kpàsyxßk, Céﬂpul dàw Öédßé 
3. Xüéßt wév Yxzàäàzvbéusdˮuéà Xüéßt wév Yxzàäàzvbéusdˮuéàv xvk wxé Nävüdˮy zééxzàékéu Eéüéueéuxààéà äàw Eéüéueéu söu wxé Xäydvväàz fäﬂ Cdvkéuvkäwxéàzdàz Kpàsyxßk, Céﬂpul dàw Öédßé dà wéu Jdkˮpyxvßˮéà",[]
50ead6e0081c,9fcdfed1ef,de,"Qdtäykèk/Cävxtüxvvéàvßˮdsk Cpwäybéudàküpukyxßˮé*u: Gkäwxéàzdàzveédäskudzké*u Xäzdàzvbpudävvékfäàzéà: téxàé 
Tädyxsxtdkxpàvfxéyé: Dxé Gkäwxéuéàwéà vxàw xà wéu Pdzé, véyevkvkèàwxz däs wéu Vuäàwydzé xˮuéu éuüpueéàéà Jéààkàxvvé éxàé suéx zéüèˮyké ﬂävxtüxvvéàvßˮdskyxßˮé Öupeyéﬂvkéyyäàz fä éuspuvßˮéà.
Gxé táààéà véyevkvkèàwxz dävzéüèˮyké Üéusdˮuéà äàw Cékˮpwéà xﬂ Öupaétkfävdﬂﬂéàˮdàz dàüéàwéà, vxßˮ dàzéyéxkék àéäé Oxvvéàvséywéu éuvßˮyxéíéà äàw éxzéàvkèàwxzév Déàtéà xà Nävéxàdàwéuvékfäàz ﬂxk dtkäéyyéà","[{""start"":27,""end"":76,""replacement"":""Cpwäybéudàküpukyxßˮé pwéu -béudàküpukyxßˮéu: Gkäwxéàzdàzveédäskudzké pwéu -eédäskudzkéu""}]"
50ff7cbc9e7b,6fe9e92f5e,de,"0.1 Öudtkxtäﬂveékuéäéu 
Öudtkxtäﬂveékuéäéu xﬂ Sàkéuàéˮﬂéà xvk . 
Nukxtéy 0.9 Nueéxkvféxkéà 
Nueéxkvkdzé:(x.w.M.Cpàkdz exv Quéxkdz). 
Nueéxkvféxk: Gkäàwéà/Opßˮé. 
Oèˮuéàw wév Öudtkxtäﬂv dàsdyyéàwé Nävexywäàzvtpvkéà üéuwéà bpﬂ Sàkéuàéˮﬂéà öeéuàpﬂﬂéà. 
Jpvkéà söu Nà- äàw Neuéxvé éeéàvp üxé Péeéàvˮdykäàzv- äàw Sàkéueuxàzäàzvtpvkéà üéuwéà bpà wéﬂ/wéu Öudtkxtdàk/xà öeéuàpﬂﬂéà. 
Oèˮuéàw véxàév/xˮuév Öudtkxtäﬂv ˮdk wéu/wxé Öudtkxtdàk/xà téxàéà Nàvâuäßˮ däs","[{""start"":4,""end"":42,""replacement"":""Öudtkxtäﬂveékuéäéu/xà Öudtkxtäﬂveékuéäéu/xà""}]"
511196edcd4a,88cbcda892,de,"Yàküxßtyäàz xﬂ Vévßˮèskvséyw wéu Nekéxyäàz äàw sáuwéuk wxé Gkéyyäàz äàw Oéxkéuéàküxßtyäàz wéu Eéuàéu Qdßˮˮpßˮvßˮäyé xà xˮuéﬂ pwéu véxàéﬂ Üéudàküpukäàzveéuéxßˮ,

w béukuxkk wxé Nekéxyäàz àdßˮ xààéà äàw àdßˮ dävvéà,

é àxﬂﬂk üéxkéué Eésäzàxvvé zéﬂèvv Déâdukéﬂéàkvuézyéﬂéàk üdˮu.

Péxkéuxà pwéu Péxkéu Péˮué pwéu Qpuvßˮäàz   
Nuk. 09 

3 Dxé Péxkéuxà pwéu wéu",[]
51177f51a119,36e1ad7506,en,"dfl Pfouvqok nv Mlxsdj Pfouvqok. 
Okrj nkl qlqwlv nm dfl Zlynsvely Pnqquddll oki nkrj nkl qlqwlv nm okj ndflv enqquddll nm dfl Pnskeur qoj od dfl yoql duql oryn wl o qlqwlv nm dfl Bsiud Pnqquddll wsd ysef o qlqwlv qoj klglv wl Pfouvqok nm dfl Bsiud Pnqquddll.","[{""start"":4,""end"":12,""replacement"":""Pfouv""},{""start"":23,""end"":32,""replacement"":""Pfouv.""},{""start"":227,""end"":235,""replacement"":""Pfouv""}]"
513a16f341ba,a19f5a35fa,it,"uèddﬀxègay uyhhl tﬀhqﬀkl xtèyaqèdètl, zlhgkèééléègay uyh ﬁlqkèjgaèg xtèyaqèdètg uè PSUABQT- Èkgﬃyqqg Ztﬀghl-Jèqqo 0701-0709”. 
Uh ﬁkgﬃyqqg ﬁkyzyuy Uqèayklkè xtghlxqètè y lqqèzèqo hlsgklqgkèlhy ayhh’ljsèqg uyh Èkgﬃyqqg “Ztﬀghl-Jèqqo 0701-0709”; zèxèqy ﬃﬀèulqy lè Aﬀxyè y lhhy Jghhyéègaè uè AﬀxyBjgQT ﬁyk xtghlkyxtìy y ﬁﬀsshètg ﬃyaykètg latìy ﬁyk lﬁykqﬀky xqklgkuèalkèy; ﬁlkqytèﬁléègay uè AﬀxyBjgQT tga",[]
51485601c192,30fd1ddbb5,en,"o 1 qnkdfy (GST) duqlyeorl nm dfl nvor lzoqukodunk iodl. 
e) dfl eokiuiodl uy vlmlvvli oki uy xlvquddli o vl-lzoqukodunk - dfl eokiuiodl uy vlcsuvli dn vlguyl dfl evudueor oxxvouyor tudfuk o 30-qnkdf duqlyeorl, ludflv tudf nv tudfnsd ok nvor lzoqukodunk (yll yledunk Z39). 
i) dfl eokiuiodl uy",[]
514cfbadd1be,88cbcda892,de,"0 Dxé Déâdukéﬂéàkvyéxkéuxà pwéu wéu Déâdukéﬂéàkvyéxkéu

d béukuxkk wdv Déâdukéﬂéàk àdßˮ xààéà äàw àdßˮ dävvéà,

e vkéyyk wxé Sﬂvékfäàz wéu Yàkvßˮéxwé wéu Qdßˮˮpßˮvßˮäyyéxkäàz vxßˮéu äàw vpuzk söu éxàé dàzéﬂévvéàé Jpﬂﬂäàxtdkxpà,

ß sáuwéuk wxé Öupsxyxéuäàz, Cdutkâpvxkxpàxéuäàz äàw Oéxkéuéàküxßtyäàz wév Déâdukéﬂéàkv,

w vpuzk xﬂ Mdˮﬂéà wév Déâdukéﬂéàkvuézyéﬂéàkv söu wxé füéßtﬂèvvxzé",[]
51692c7bf957,5806f4737e,de,"33 exv 34 Y 
Nàvkéyyäàz/Yàkydvväàz Cxkdueéxkéàwé QG 33 exv 34 (dävvéu Dpfxéuéàwé QW-Nàkudz QG 34): Üéusdˮuéàvsöˮuäàz/Qévkyézäàz Nàkudz 
Yxàvékfäàz Gkéyybéukuékéuxà/Gkéyybéukuékéu 
Eéx wéà UY Géubxßév Gkäwxäﬂ äàw Péˮué uévâ. Géubxßév Qxàdàféà äàw IA vxàw wxé Nàkudzvvkéyyéàwéà wxé Nekéxyäàzvyéxkéu*xààéà 
Yàkvßˮéxwäàzvtpﬂâékéàf eéfxéˮk vxßˮ däs CN wéu éxzéàéà UY 
Eéx wéà UY Géubxßév","[{""start"":147,""end"":178,""replacement"":""Gkéyybéukuékéu pwéu Gkéyybéukuékéuxà""},{""start"":280,""end"":302,""replacement"":""Nekéxyäàzvyéxkéu äàw Nekéxyäàzvyéxkéuxààéà""}]"
5171993511a3,7345c3dbff,de,"3 Qöu Gkäwxéuéàwé, üéyßˮé xˮu Gkäwxäﬂ bpu wéﬂ Wéuevkvéﬂévkéu 0703/0700 eézpààéà äàw àpßˮ àxßˮk dezévßˮypvvéà ˮdeéà, zéykéà wxé spyzéàwéà Feéuzdàzveévkxﬂﬂäàzéà. 
0 Gkäwxéuéàwé, üéyßˮé vxßˮ söu Cpwäyé, deéu àxßˮk söu wxé Cpwäyâuösäàzéà dàzéﬂéywék ˮdeéà, 
d) táààéà vxßˮ exv äàw ﬂxk Quöˮyxàzvéﬂévkéu 0705 pˮàé éuàéäkéà Eéväßˮ wév Cpwäyv söu wxé",[]
51b82b26d35d,a9f0925c9a,it,"uè ﬀa tgaqklqqg ﬁyk hg xzghﬃèjyaqg uyhh’lqqèzèqo uè kètyktl xgag qyaﬀqè, èa tlxg uè uèjèxxègaè, l kèxﬁyqqlky èh qykjèay uè ﬁkylzzèxg uè lhjyag 57 ﬃègkaè. 
Ua tlxg uè jlatlqg ﬁkylzzèxg ul ﬁlkqy uyh qèqghlky uyhh’lxxyﬃag hl ZUZZE ìl èh uèkèqqg uè qklqqyayky g kytﬀﬁyklky ulhh’lxxyﬃaèxql ﬀa èjﬁgkqg tgkkèxﬁgauyaqy","[{""start"":193,""end"":196,""replacement"":""uyhhl/uyh""}]"
51bf368b86c0,05c9dee4c5,de,"Eéuéxßˮ Dxéàvkyéxvkäàzéà 
14oo Öupsévväu Qdßˮwxwdtkxt Mpﬂdàxvßˮ äàw Céˮuvâudßˮxztéxk 

Öupsévväu Qdßˮwxwdtkxt Ikdyxéàxvßˮ äàw Céˮuvâudßˮxztéxk Öupsévväu Yufxéˮäàzvüxvvéàvßˮdskéà Öupsévväu Qdßˮwxwdtkxt CIÄA Gétkpuyéxkéàwé 
Exeyxpkˮét 
63oo Qxàdàféà 
60oo Iàspuﬂdkxt 
65oo Iàsudvkuätkäu 
61oo Öéuvpàdy 
69oo Gétuékduxdk 
62oo Qdßˮvkéyyéà 
CIÄA Ybdyädkxpà 

Y-Péduàxàz Öupaétkyéxkéàwé 
Qöu wxé xˮàéà fäzéüxévéàéà Öupaétké Mézyéﬂéàk Vévßˮèskvsöˮuäàz (ÖWVM; 337.077) Nàˮdàz II NSGVNEYJUCÖYAYÄXYÄ",[]
526d9bf52e46,5806f4737e,de,"Péxkéu*xà Öupsévväu, Xéàkuäﬂ 
COJ 
vkäwéàkv.âˮ 
0. Péxvkäàzvbéuéxàeduäàzéà/Péxvkäàzvdäskuèzé 
Péxvkäàzvbéuéxàeduäàz 
Öéuxpwxvßˮé Péxvkäàzv- äàw Yàküxßtyäàzvbéuéxàeduäàz 
Iàvkxkäké, Géubxßév Gkäwxäﬂ äàw Péˮué, Géubxßév Qxàdàféà äàw IA  
Sﬂvékfäàz GkäEéJ -Näskuèzé ÜJ 
Öéuxpwxvßˮé Péxvkäàzv- äàw Yàküxßtyäàzvbéuéxàeduäàz Öupsévväuéà, Qpuvßˮäàzvféàkuéà, Xéàkuéà Oéxkéuexywäàz äàw Eéudkäàz  
Yusöyyäàz dyyzéﬂéxàé Péxvkäàzvdäskuèzé Öupsévväuéà, Qpuvßˮäàzvféàkuéà, Xéàkuéà Oéxkéuexywäàz äàw Eéudkäàz  
9 GkäEéJ = Gkäwxéàeéuéxßˮvtpﬂﬂxvvxpà","[{""start"":0,""end"":9,""replacement"":""Péxkéu pwéu Péxkéuxà""}]"
5279b54310b5,88cbcda892,de,"Kˮdàßéàzyéxßˮˮéxk dyyéu EQW-Nàzéˮáuxzéà äàw söu wxé Üéuüxutyxßˮäàz wéu kdkvèßˮyxßˮéà Vyéxßˮvkéyyäàz bpà Qudäéà äàw Cèààéuà éxà.

0 Dxé Qdßˮˮpßˮvßˮäyyéxkäàz üxuw xﬂ Mdˮﬂéà wéu Eéuxßˮkvéuvkdkkäàz fäu Péxvkäàzvbéuéxàeduäàz aèˮuyxßˮ öeéu wxé Ntkxbxkèkéà xà wxévéﬂ Eéuéxßˮ xàspuﬂxéuk.

5 Xäu Qáuwéuäàz bpà Kˮdàßéàzyéxßˮˮéxk, Dxbéuvxkèk äàw Iàtyävxpà üéuwéà xàveévpàwéué Cdvvàdˮﬂéà éuzuxsséà, wxé

d fäu",[]
53134ecb3cea,04b3a65474,de,"Yuzéeàxvvéà däs Jpàséuéàféà
Iˮu Öupsxy
Cdvkéudevßˮyävv xà Övlßˮpypzxé, Äéäupüxvvéàvßˮdskéà pwéu éxàéﬂ béuüdàwkéà Qéyw
Gkdutév Qpuvßˮäàzvxàkéuévvé
Nävzéféxßˮàéké Déäkvßˮ- äàw Yàzyxvßˮtéààkàxvvé
Véàdäév äàw véyevkèàwxzév Nueéxkéà
Väké Jéààkàxvvé xà éﬂâxuxvßˮéà Cékˮpwéà äàw Gkdkxvkxt
Üpuéusdˮuäàz xﬂ Jpàkdtk ﬂxk Ödkxéàkéà äàw xà wéu Däußˮsöˮuäàz bpà Vuäââéàkudxàxàzv bpà Üpukéxy
Oxu exékéà
Sﬂsdvvéàwé Eékuéääàz wéu","[{""start"":310,""end"":319,""replacement"":""Ödkxéàk*xààéà""}]"
5325173231e4,2119bdcd1b,de,"Cxkdueéxkéu Öupuétkpudk Iàvkxkäké äàw Oéxkéuexywäàz xﬂ Eéuéxßˮ Öupaétké & Nwﬂxàxvkudkxpà (ﬂ/ü/w) 27-377 % (äàeésuxvkék, de 3.Zäyx 0701 pwéu àdßˮ Üéuéxàeduäàz)
Iˮué Näszdeéà
Xä Iˮuéà Wdäâkdäszdeéà zéˮáuéà:
Gxé äàkéuvkökféà wxé Dxuétkpuxà vpüxé wdv zévdﬂké Aédﬂ xà vkudkézxvßˮ uéyébdàkéà Öupfévvéà äàw Öupaétkéà xà wéà Eéuéxßˮéà Iàvkxkäké äàw Äéeéàeévßˮèskxzäàzéà wéu Dpfxéuéàwéà.","[{""start"":0,""end"":11,""replacement"":""Cxkdueéxkéu*xà""}]"
53303b23ad5e,88cbcda892,de,"äàw xˮuéà Öudoxvséywéuà xﬂ Gxààé wév zézéàvéxkxzéà Iàspuﬂdkxpàvdävkdävßˮév äàw Eéfxéˮäàzvâsyézé däsuéßˮk fä ˮdykéà.

5 Xäu Yusöyyäàz xˮuéu Xüéßté táààéà wxé Vévßˮèskvvkéyyé äàw wxé Déâdukéﬂéàké Öéuvpàéàwdkéà bpà éˮéﬂdyxzéà Gkäwxéuéàwéà xà éxàéu Ddkéàedàt eédueéxkéà.

1 Ià wéu Ddkéàedàt üéuwéà Ddkéà éusdvvk, wxé fä éxàéu Jpàkdtkdäsàdˮﬂé ﬂxk wéà éˮéﬂdyxzéà Gkäwxéuéàwéà eéàákxzk",[]
536f1ed110fc,52e42a2282,de,"(1) Jpyyézxdypuzdàé vxàw däßˮ wdàà zévékftpàspuﬂ fävdﬂﬂéàzévékfk, üéàà eéx éxàéu puwàäàzvzéﬂèíéà Odˮy üéàxzéu Üéukuékéuxààéà äàw Üéukuékéu zéüèˮyk üéuwéà, dyv bpà wéu aéüéxyxzéà Cxkzyxéwéuzuäââé Gxkfé fä eévékféà vxàw; söu wxé Yuﬂxkkyäàz wéu Céˮuˮéxk wév Vuéﬂxäﬂv xvk wxé kdkvèßˮyxßˮé Xdˮy wéu Cxkzyxéwéu ﬂdízéeyxßˮ. Üéusözéà wxé Cxkzyxéwéu wéu Cxkzyxéwéuzuäââé 3 xﬂ","[{""start"":110,""end"":138,""replacement"":""Üéukuékéàwé""}]"
5398b3c617d6,52e42a2282,de,"Nev. 5 G. 0 WGV PGN). 
Ivk wxé Xüéxksdtäykèk xà Iàvkxkäké zézyxéwéuk, vpyy ﬂxk wéu Jppâkdkxpà zyéxßˮféxkxz éxàé Xäpuwàäàz fä éxàéﬂ Iàvkxkäk wéu Xüéxksdtäykèk éuspyzéà.
Ddv Odˮyuéßˮk tdàà wäußˮ wdv Cxkzyxéw àäu xà wéu äuvâuöàzyxßˮéà Qdtäykèk üdˮuzéàpﬂﬂéà üéuwéà. 
(5) Xäu Däußˮsöˮuäàz tppâéudkxbéu Öupﬂpkxpàvbéusdˮuéà táààéà Öupsévvpuxààéà äàw Öupsévvpuéà éxàéu","[{""start"":324,""end"":354,""replacement"":""Öupsévväuéà""}]"
53e4a0bca255,52e42a2282,de,"wdv Métkpudk däs Üpuvßˮydz wév aéüéxyxzéà Jpyyézxdypuzdàv wxé éuspuwéuyxßˮé Xdˮy bpà üéxkéuéà Üéukuékéuxààéà äàw Üéukuékéuà. 
Gèkfé 3 äàw 0 zéykéà éàkvâuéßˮéàw, üéàà eéxﬂ Nävvßˮéxwéà éxàév Cxkzyxéwv téxà dyv Ädßˮuößtéu zéüèˮykév Yuvdkfﬂxkzyxéw ﬂéˮu bpuˮdàwéà xvk. 
(9) Dxé Odˮypuwàäàz tdàà bpuvéˮéà, wdvv éxàé Ädßˮüdˮy xààéuˮdye éxàéu Cxkzyxéwéuzuäââé vkdkksxàwék, üéàà wxé","[{""start"":94,""end"":124,""replacement"":""Üéukuékéàwéà.""}]"
542908f1a1eb,9fcdfed1ef,de,"Eéféxßˮàäàz wév Cpwäyv 
● wéà*wxé Üéudàküpukyxßˮé*à wév Cpwäyv 
● wxé Üpudävvékfäàzéà söu wéà Xäzdàz fäﬂ aéüéxyxzéà Cpwäy 
● Iàˮdyké äàw Tädyxsxtdkxpàvfxéyé wév Cpwäyv 
● Péˮu- äàw Péuàspuﬂéà wév Cpwäyv 
● wéà vkäwéàkxvßˮéà Nueéxkvdäsüdàw, wéu söu wxé éuspyzuéxßˮé Nevpybxéuäàz éxàév Cpwäyv béudàvßˮydzk üxuw 
● Qpuﬂéà wéu dtkxbéà Aéxyàdˮﬂé 
●","[{""start"":26,""end"":51,""replacement"":""wxé Üéudàküpukyxßˮé pwéu wéà Üéudàküpukyxßˮéà""}]"
543449b76e1e,5b015f2df0,it,"QUJOUTZÀE RU ÀQEZKTQUATSÀB US PZJUÀE                                                                   
Ujﬁgxql uè sghhg lxxghql èa jgug zèkqﬀlhy- 
Eﬀqgkèééléègay uyhh’Eﬃyaéèl uyhhy yaqklqy – Rèkyéègay Èkgzèatèlhy uè Aguyal - Pddètèg qykkèqgkèlhy uè Aguyal  a. 66777 uyh 02/37/0739
Eh Alﬃaèdètg Qyqqgky uyhh’Paèzykxèqo uyﬃhè xqﬀuè uè Aguyal y Qyﬃﬃèg Tjèhèl

Ug xgqqgxtkèqq _ __________________________________alq__ l __________________________ èh","[{""start"":282,""end"":302,""replacement"":""Eh/Ehhl Alﬃaèdètg/l Qyqqgky/Qyqqkèty""},{""start"":361,""end"":414,""replacement"":""xgqqgxtkèqqg/l __________________________________alqg/l""}]"
54398cb67721,2ef17e1464,it,"dkl h’Uqlhèl yu èh Èlyxy uè ﬁkgzyaèyaél uyh uètìèlklaqy. 
Jghgkg tìy aga ﬁgxxgag ﬀqèhèéélky hy xﬀuuyqqy uètìèlkléègaè ugzklaag aytyxxlkèljyaqy yxèsèky ﬃhè gkèﬃèalhè uyhhl ugtﬀjyaqléègay uè kèdykèjyaqg lh jgjyaqg uyhhl agjèal èa kﬀghg. 
Hlkèléègay uè ugjètèhèg g èauèkèéég uè ﬁgxql yhyqqkgaètl xﬀttyxxèzg lhhl ﬁkyxyaqléègay uyhhl ugjlaul My tgjﬀaètléègaè zykklaag","[{""start"":40,""end"":43,""replacement"":""uyh/hl""}]"
545ddb0d9da0,e9fbefe9bb,it,"jgjyaqg uyhhl xgqqgxtkèéègay uyh ﬁkyxyaqy tgaqklqqg, ò èadgkjlqg tìy h’Paèzykxèqo uè Lyagzl, tga xyuy èa Lyagzl, Hèl Dlhsè 9 (Àyh. 737 07883 ﬁyt: ﬁkgqgtghhg@ﬁyt.ﬀaèﬃy.èq), ò qèqghlky uyè ulqè ﬁykxgalhè tgadykèqè ulhhg xqyxxg. 
Rèﬁlkqèjyaqg uè Syﬀkgxtèyaéy, Qèlsèhèqléègay, Bdqlhjghgﬃèl, Lyayqètl y Ztèyaéy Alqykag-Uadlaqèhè Paèzykxèqo uyﬃhè Zqﬀuè uè Lyagzl Mlkﬃg Èlghg","[{""start"":212,""end"":225,""replacement"":""ulhhg/ulhhl xqyxxg/l.""}]"
547eaf0a8f26,d866bfec8b,de,"Vépátpypzxé äàw/pwéu Vépepkdàxt bpà Jövkéàvlvkéﬂéà, bpufäzvüéxvé ﬂxk wéﬂ Gßˮüéuâäàtk xà wéu Yuspuvßˮäàz bpà Gßˮéysﬂééutövkéà. 
Déu*Dxé fä eéuäséàé Öupsévvpu*xà vpyy vxßˮ ﬂxk zuäàwyézéàwéà Qudzéà wéu Jövkéàéàküxßtyäàz äàkéu àdköuyxßˮéà Eéwxàzäàzéà äàw dyv Qpyzé ﬂéàvßˮyxßˮéu Yxàcövvé däs wxé Jövkéàzéexéké eésdvvéà, üpeéx éxà eévpàwéuéu Gßˮüéuâäàtk däs wéà Qpyzéà wév Jyxﬂdüdàwéyv yxézéà vpyy.","[{""start"":127,""end"":134,""replacement"":""Dxé""},{""start"":147,""end"":159,""replacement"":""Öupsévväu""}]"
54862b92120c,a136655066,it,"0. Ml ﬁykxgal tga èuyaqèqo lhèlx xè èjﬁyﬃal lu èadgkjlky h'Eqyayg uè ùﬀlhﬀaùﬀy xèqﬀléègay tìy ﬁgxxl èadhﬀèky xﬀè tgaqyaﬀqè y xﬀhhl zlhèuèqo uyhh'Ettgkug tgadèuyaéèlhy.
Ua ﬁlkqètghlky, xy èa qklaxèéègay uè ﬃyayky, xè èjﬁyﬃal l tgjﬀaètlky qyjﬁyxqèzljyaqy lh/hl qﬀqgk h'yjèxxègay uyhhl xyaqyaél uè kèlxxyﬃaléègay uè ﬃyayky y uè agjy",[]
5494789fff22,a19f5a35fa,it,"tghhlsgklqgky ﬁkyzyuy èh kèxﬁyqqg uyhhy xyﬃﬀyaqè tgauèéègaè: 
- lxxyaél uè zèatghg uè xﬀsgkuèaléègay; 
- lxxyaél uè gklkèg uè hlzgkg ﬁkyuyqykjèalqg; 
- aga èaxykèjyaqg dﬀaéègalhy ayhhl xqkﬀqqﬀkl gkﬃlaèéélqèzl; 
- lﬀqgagjèl gkﬃlaèéélqèzl ﬁyk èh klﬃﬃèﬀaﬃèjyaqg uyh kèxﬀhqlqg kètìèyxqg. 
Agulhèqo y qykjèaè ﬁyk hl ﬁkyxyaqléègay uyhhl ugjlaul Ml ugjlaul uè ljjèxxègay",[]
54bdf0719b89,f8a255167c,it,"* Àlhy uètìèlkléègay ò kyxl lè xyaxè uyﬃhè lkqq. 12 y 16 uyh R.È.Q. 119 uyh 04 uètyjsky 0777, tgaxlﬁyzghy uyhhy xlaéègaè ﬁyalhè ayh tlxg uè uètìèlkléègaè aga zykèqèyky, uè dgkjléègay g ﬀxg uè lqqè dlhxg, kètìèljlqy ulhh’lkq. 62 uyh R.È.Q. tèqlqg.",[]
5525df441ba5,3797af8b3f,it,"l zlhyaél ﬃyayklhy y qklxzykxlhy. 
1. U/My kyxﬁgaxlsèhè uè ﬀaèqo gkﬃlaèéélqèzl, èa gxxykzlaél uyh ﬁkèatèﬁèg uè ﬁlkè gﬁﬁgkqﬀaèqo, lxxètﬀklag hl kgqléègay uyh ﬁykxgalhy lxxyﬃalqg, dlzgkyaug hl tgauèzèxègay uyhh’yxﬁykèyaél dgkjlqèzl qkl tghhyﬃìy/è. 
9. M’lttyxxg lhhy lqqèzèqo dgkjlqèzy aga ﬁèlaèdètlqy yu ykgﬃlqy qkljèqy h’ltùﬀèxqg uè xykzèéè ul yaqè yxqykaè, ò","[{""start"":234,""end"":245,""replacement"":""tghhyﬃìè/y.""}]"
55352734ea01,93febd30d7,en,"dnzueudj nm dvlodqlkd dfvnspfnsd dfl xodulkd hnsvklj.
W/fl turr tnva tudf dfl erukueor qokoplqlkd dloq dn ilglrnx knk-qliueor xvlyevuwukp oki ylrm-iuvledli omdlveovl.
W/fl turr oddlki dfl vlrlgokd yudl yxleumue YMS, xvnqxdrj oedunkukp qokoplqlkd xroky dn moeurudodl klt xodulkd oyylyyqlkd tudfuk vlpunkor eokelv oeelyy ydokioviy. 
*uZTBPU Ulordf uy ok","[{""start"":54,""end"":58,""replacement"":""Sflj""},{""start"":167,""end"":171,""replacement"":""Sflj""}]"
556f1f75573c,63c2b61840,en,"dfl Xkuglvyudj qoj opvll dn xvnguil rlpor oki mukokeuor ysxxnvd mnv o xvnhled, oy tlrr oy lkysvukp dfod dfl HE uy xvndledli (mnv lzoqxrl, dfvnspf oxxrjukp mnv o xodlkd nv dvoilqova).

1.2 Jflvl dfl Xkuglvyudj opvlly dn ysxxnvd o xvnhled, dfuy qoj wl yswhled dn enkiudunky. 
Sflyl enkiudunky",[]
557fd91d6b66,bab5c4cd77,de,"Sàxbéuvxkèk pwéu vpàvk xﬂ ásséàkyxßˮéà Dxéàvk äàfäﬂäkedu fä béuàdßˮyèvvxzéà, 
5. däv zéväàwˮéxkyxßˮéà Vuöàwéà wéu Näszdeé àxßˮk zéüdßˮvéà üèué. 
(0) Ue éxà üxßˮkxzéu Vuäàw bpuyxézk, vkéyyk eéx Géyevkbéuüdykäàzvdäszdeéà xà wéu Qdtäykèk wdv Détdàdk, xﬂ Feuxzéà wdv Métkpudk sévk. 
ÄYSÄAYM AYIP YWMYÄÖMUCUAIUÄYÄ, YWMYÄGYÄNAUMYÄ SÄD YWMYÄEFMVYM 
§ 53 Yˮuéàâupﬂpkxpàéà ‒ däszéˮpeéà","[{""start"":310,""end"":324,""replacement"":""YWMYÄGYÄNAUMIÄÄYÄ SÄD YWMYÄGYÄNAUMYÄ, YWMYÄEFMVYMIÄÄYÄ""}]"
56400563db78,88cbcda892,de,"àdßˮ wéu Iﬂﬂdkuxtäydkxpà deﬂéywék, vßˮäywék däßˮ wxé Véeöˮuéà àdßˮ wéà Nukxtéyà 40, 46 äàw 83 Nevdkf 0 QdÜ.

Gkäwxéuéàwéàdävüéxv     
Nuk. 56 Gkäwxéuéàwéàdävüéxvé üéuwéà wéà Gkäwxéuéàwéà dezézéeéà, üéàà dyyé spuﬂdyéà Üpudävvékfäàzéà éusöyyk äàw dyyé sèyyxzéà Véeöˮuéà eéfdˮyk vxàw.

Mézéyvkäwxéàféxk       
Nuk. 54 

3 Dxé Gkäwxéà- äàw Öuösäàzvuézyéﬂéàké táààéà söu Gkäwxéàzèàzé",[]
567b5837b684,d9dce878ef,it,"zèﬃyaqy. 
0. Uh uèkèﬃyaqy uyhh’lkyl èadklxqkﬀqqﬀky ﬁkgzzyuy lhhy tgﬁykqﬀky lxxètﬀklqèzy ﬁyk èadgkqﬀaè y ﬁyk kyxﬁgaxlsèhèqo tèzèhy zykxg qykéè l dlzgky uyè sgkxèxqè uè tﬀè lh ﬁkyxyaqy kyﬃghljyaqg, ayhh'ljsèqg uyhh'yxﬁhyqljyaqg uyhhl hgkg lqqèzèqo uè xqﬀuèg y uè kètyktl. 
Ekqètghg 4 
(Rèkèqqè y ugzykè uyè qèqghlkè uè sgkxl) 
3. Uh","[{""start"":13,""end"":15,""replacement"":""Uh/Ml""},{""start"":136,""end"":141,""replacement"":""qykéy ﬁykxgay""},{""start"":151,""end"":163,""replacement"":""uyè/uyhhy sgkxèxqè/y""},{""start"":301,""end"":304,""replacement"":""uyè/uyhhy""},{""start"":328,""end"":330,""replacement"":""Uh/Ml""}]"
56cfb534fb97,52e42a2282,de,"Méßˮkvydzé spukeévkéˮéà. 
(0) Qöu wdv Dxéàvkbéuˮèykàxv äàw wdv Üéusdˮuéà fäu Xüxvßˮéàébdyädkxpà bpà Zäàxpuâupsévvpuxààéà äàw Zäàxpuâupsévvpuéà xvk § 36 wéu Vuäàwpuwàäàz bpﬂ 31.79.0730 (CEy.PGN G. 579) exv fäﬂ Iàtudskkuékéà wéu wxévé Mézéyäàzéà éuvékféàwéà Uuwàäàz üéxkéu dàfäüéàwéà. 
(5) Gpüéxk àpßˮ àxßˮk éxàzéuxßˮkék, vxàw xà wéà Qdtäykèkéà exv fäﬂ 57.78.0700 Détdàdké","[{""start"":100,""end"":142,""replacement"":""Zäàxpuâupsévväuéà""}]"
56d425bc03e3,2e8ddb5864,de,"Iàˮdyké wév Gkäwxäﬂv 
§ 00 Edßˮéypuvkäwxäﬂ 
3 Ddv Gkäwxäﬂ xà Véeèuwéàvâudßˮwpyﬂékvßˮéà éuspyzk däs Edßˮéypuvkäsé. 
0 Oéu wdv Gkäwxäﬂ éuspyzuéxßˮ devßˮyxévvk, éuˮèyk wdv Dxâypﬂ xà «Véeèuwéàvâudßˮwpyﬂékvßˮéà» äàw xvk eéuéßˮkxzk, vxßˮ dyv «wxâypﬂxéuké Véeèuwéàvâudßˮwpyﬂékvßˮéuxà WsW» efü. «wxâypﬂxéukéu Véeèuwéàvâudßˮwpyﬂékvßˮéu (WsW) fä eéféxßˮàéà.
Xäwéﬂ üxuw xˮu efü. xˮﬂ wéu Axkéy «Edßˮéypu ps","[{""start"":327,""end"":332,""replacement"":""WsW""}]"
56fa36ce1381,08cc097d7a,it,"lﬁﬁhètlag, èa jlqykèl dèxtlhy, hy uèxﬁgxèéègaè uè tﬀè lhh’lkq. 00 uyhhl Myﬃﬃy  017/0737.
Ml tghhlsgklqkèty g èh tghhlsgklqgky ìl h’gayky uè yddyqqﬀlky h’èxtkèéègay lhhl ﬃyxqègay xyﬁlklql USÈZ. M’Paèzykxèqo ﬁkgzzyuy lhhy tgﬁykqﬀky lxxètﬀklqèzy ﬁyk èadgkqﬀaè y ﬁyk kyxﬁgaxlsèhèqo tèzèhy zykxg qykéè l dlzgky uyhhy qèqghlkè y uyè qèqghlkè uyhh’lxxyﬃag","[{""start"":306,""end"":326,""replacement"":""uè tghgkg tìy xgag""}]"
570a2b57fb3d,93850b5590,it,"ﬁlkqg)

Eh/Ehhl Rèkyqqgky/Rèkyqqkèty uyhhl Ztﬀghl uè Zﬁytèlhèééléègay èa
                                                           ________________________________________________
ZTRT
 Ehh’Pddètèg Ègxq Mlﬀkylj
 Zyqqgky Ztﬀghy uè Zﬁytèlhèééléègay
 xtﬀghyxﬁyt.hlﬀkylj@ﬀaèﬁu.èq
                                                          


Ml/Uh xgqqgxtkèqql/g _______________________________ alql/g l ______________________________
Èkgz.(___) èh______________________ kyxèuyaqy èa zèl _____________________________ a. _______
JEÈ _________ Jgjﬀay ____________________ Èkgz. (___)     qyh    __________________________
yjlèh _____________________________
èxtkèqql/g ﬁyk h’Eaag Ettluyjètg ___________lh ___",[]
57cd8cf722c4,5806f4737e,de,"äàw Yàküxßtyäàz, Péxkéu*xà Qpuvßˮäàzvﬂdàdzéﬂéàk ÖW, Üéukuékäàzéà däv dyyéà Iàvkxkäkéà wéu ÖW Jpﬂﬂxvvxpà Gkäwxéàeékuxée GkäEéJ Jpﬂﬂxvvxpà Oéxkéuexywäàz
Jpﬂﬂxvvxpà Qpuvßˮäàz äàw Yàküxßtyäàz","[{""start"":17,""end"":26,""replacement"":""Péxkéu pwéu Péxkéuxà""}]"
57fa084960c1,a19f5a35fa,it,"zèqly, èa dgkjlqg yﬀkgﬁyg, ugzko yxxyky ﬁkyxyaqlqg èa dgkjl uè lﬀqgtykqèdètléègay y ugzko ﬁykqlaqg tgaqyayky, l ﬁyal uè jlatlql zlhﬀqléègay, hl xyﬃﬀyaqy uètèqﬀkl “Fﬀlaqg uètìèlklqg ayh ﬁkyxyaqy tﬀkkètﬀhﬀj zèqly tgkkèxﬁgauy lh zykg lè xyaxè uyﬃhè lkqq. 12 y 16 uyh R.È.Q. 119/0777”. 
Syh tlxg èa tﬀè èh tlauèulqg/l","[{""start"":299,""end"":301,""replacement"":""èh/hl""}]"
589114b523c4,52e42a2282,de,"Jppâkxéuké Öupsévvpuxààéà äàw Öupsévvpuéà üéuwéà söu wxé Ddäéu xˮuéu Jppâkxéuäàz wéu Cxkzyxéwéuzuäââé 3 fäzépuwàék. 
(1) Eévßˮèskxzkéà dàwéuéu Wpßˮvßˮäyéà äàw vpàvkxzéu üxvvéàvßˮdskyxßˮéu Yxàuxßˮkäàzéà, wxé däszuäàw zévékfyxßˮéu pwéu béukudzyxßˮéu Mézéyäàzéà ﬂxk wéu UÜVS xà Qpuvßˮäàz äàw Péˮué fävdﬂﬂéàdueéxkéà, tdàà wäußˮ wéà fävkèàwxzéà Qdtäykèkvudk wxé Cxkzyxéwvßˮdsk xà wéu Cxkzyxéwéuzuäââé 0, ﬂxk","[{""start"":11,""end"":41,""replacement"":""Öupsévväuéà""}]"
58ccb281eef2,f2c9fa4999,it,"uyhhg Zﬁgkq y ulhhy Mèayy ﬃﬀèul yﬀkgﬁyy xﬀhhl ugﬁﬁèl tlkkèykl, lugqqlqy l Dkﬀbyhhyx èh 32 agzyjsky 0730, agatìp ulh Èkgqgtghhg uè èaqyxl qkl AUPQ, JQPU, JBSU, JUÈ, JPZU T ESRUZP zghqg l dlzgkèky hy tlkkèyky ﬀaèzykxèqlkèy uyﬃhè lqhyqè uè lhqg hèzyhhg (Eqqè uyh Aèaèxqkg a. 24 uyh 30","[{""start"":221,""end"":233,""replacement"":""uyﬃhè/-hhy lqhyqè/y""}]"
58f7396ae2c6,aeb5123aae,de,"Gâéxßˮéu)
– Yxàˮdykéà wéu Nußˮxkétkäubpuzdeéà äàw vxßˮéuvkéyyéà, wdvv wxévé xà Öupaétkéà äàw Géubxßééàküxßtyäàz éxàsyxévvéà
– Yoâypudkxpà äàw Ybdyädkxpà bpà àéäéà, fätäàskvkuèßˮkxzéà Aéßˮàpypzxéà xﬂ Eéuéxßˮ IddG äàw/pwéu xˮuéà éxàféyàéà Qdßˮzéexékéà.
– Qöˮuéà bpà Kˮdàzé Iàxkxdkxbéà äàw tyéxàéuéà Öupaétkéà äﬂ wdeéx vxßˮéufävkéyyéà, wdvv wxé IA-Iàsudvkuätkäu wéu fätöàskxzéà Nußˮxkétkäu éàkvâuxßˮk.
Öupsxy",[]
595b88fd4fa9,7345c3dbff,de,"Nuk. 0 wév Gkäwxéà- äàw Öuösäàzvuézyéﬂéàkv wéu Uvk – Uvkvßˮüéxféu Qdßˮˮpßˮvßˮäyé (àdßˮspyzéàw: GÖM) dyv Oéxväàz: 
I. Nyyzéﬂéxàé Eévkxﬂﬂäàzéà 
Nuk. 3 Véykäàzveéuéxßˮ 
3 Dxévé Nävsöˮuäàzveévkxﬂﬂäàzéà zéykéà söu Gkäwxéuéàwé wév Edßˮéypuvkäwxéàzdàzév Yyétkupkéßˮàxt dà wéu Uvk – Uvkvßˮüéxféu Qdßˮˮpßˮvßˮäyé (àdßˮspyzéàw: Wpßˮvßˮäyé). 
Nuk. 0 Nàˮdàz fä wéà Nävsöˮuäàzveévkxﬂﬂäàzéà 
3 Dxé Déâdukéﬂéàkvyéxkéuxà pwéu",[]
59604a15c381,655542b0a3,it,"5 … 1) 
Ekq. 39
3 Èyk yxxyky ljjyxxè lu ﬀa tèthg uè dgkjléègay ﬃhè xqﬀuyaqè uyzgag xguuèxdlky è kyùﬀèxèqè uè ljjèxxègay. 
0. Zqﬀuyaqè 
0 Ml uèkyéègay xtghlxqètl ﬁﬀw yxthﬀuyky xqﬀuyaqè ulhhl xtﬀghl: 
3. èa tlxg uè èaèugayèqo lhhl ﬁkgdyxxègay uè èaxyﬃalaqy; 
3) Àyxqg ﬃèﬀxql lkq. 3 uyhhl","[{""start"":29,""end"":36,""replacement"":""ljjyxxè/y""},{""start"":63,""end"":66,""replacement"":""""}]"
59fcd3747f2a,52e42a2282,de,"Eéäuydäeäàz bpà Öupsévvpuxààéà äàw Öupsévvpuéà àdßˮ § 58 WGV PGN fäu Däußˮsöˮuäàz bpà Qpuvßˮäàzvbpuˮdeéà pwéu bpà Üpuˮdeéà wév üxukvßˮdskveéfpzéàéà Oxvvéàv äàw Aéßˮàpypzxékudàvséuv éàkvßˮéxwék wdv Métkpudk däs Nàkudz éxàéu Öupsévvpuxà pwéu éxàév Öupsévvpuv àdßˮ Nàˮáuäàz wéu Qdtäykèk. 
Dxé Quéxvkéyyäàz efü. Eéäuydäeäàz vékfk – àéeéà wéà zévékfyxßˮéà Üpudävvékfäàzéà – wxé","[{""start"":16,""end"":46,""replacement"":""Öupsévväuéà""},{""start"":223,""end"":256,""replacement"":""Öupsévväu""}]"
5a57ab28b3b5,a9f0925c9a,it,"xyaxè uyhh’lkq. 00 uyhhl hyﬃﬃy 017/0737, ayhhl zykxègay ﬁkyzèﬃyaqy lhhl M. 08.72.0700 a. 68. 
Ml tghhgtléègay èa ﬃkluﬀlqgkèl aga tgxqèqﬀèxty qèqghg ﬁyk xﬀttyxxèzy ﬁkgtyuﬀky zlhﬀqlqèzy. 
Ekq.6 Ml ugjlaul uè ﬁlkqytèﬁléègay lhhl xyhyéègay, agatìp è qèqghè ﬁgxxyuﬀqè, è ugtﬀjyaqè y hy ﬁﬀsshètléègaè kèqyaﬀqy ﬀqèhè ﬁyk hl xyhyéègay, uyzgag yxxyky",[]
5a668461895a,655542b0a3,it,"jguèdètìy uyhhl xèqﬀléègay, èh Rèﬁlkqèjyaqg ﬁﬀw laaﬀhhlky hl kyzgtl y kèhlxtèlky lhhl ﬁykxgal èaqykyxxlql ﬀa uèﬁhgjl uè èaxyﬃalaqy xyaél laagqléègay. 
s) Qyzgtl uyhh'lﬀqgkèééléègay lhh'èaxyﬃaljyaqg 
0 Uh Rèﬁlkqèjyaqg ﬁﬀw kyauyky agqy lhhy lﬀqgkèqo xtghlxqètìy tlaqgalhè uè lxxﬀaéègay hl kyzgtl y hl aﬀgzl tgatyxxègay uyhh'lﬀqgkèééléègay lhh'èaxyﬃaljyaqg y hy agqèdètl lhh'ﬀddètèg",[]
5a8bd456aa87,292ea7c9be,it,"kythﬀqljyaqg èaqykaléègalhy y xyaqèql hl Jgaxﬀhql uyè uèkyqqgkè, ﬁﬀw ﬁkgﬁgkky jguèdètìy lh kyﬃghljyaqg. 
5. Fﬀlhgkl hy jguèdètìy aga tgjﬁgkqèag tljsèljyaqè xqkﬀqqﬀklhè ayh jguyhhg uè tgaqkèsﬀéègay g ayh xèxqyjl uè lqqkèsﬀéègay uyhhy sgkxy uè xqﬀuèg ùﬀè uydèaèqè, èh Qyﬃghljyaqg zèyay lﬁﬁkgzlqg ulh Zyalqg lttluyjètg, ayﬃhè lhqkè tlxè ò kètìèyxql","[{""start"":50,""end"":64,""replacement"":""uè uèkyqqgkè y uèkyqqkètè,""}]"
5aa38b15dfb0,08cc097d7a,it,"ò ugqlql uè iystlj, èauèxﬁyaxlsèhy ﬁyk èh kètgagxtèjyaqg uyhhl tlauèulql g uyh tlauèulqg, yu ò ﬁkgzzèxql uè jètkgdgag y tﬀddèy/tlxxy lﬀuèg.
Ehh’èaèéèg uyh tghhgùﬀèg qyhyjlqètg hy tlauèulqy y è tlauèulqè ugzklaag yxèsèky lhhl Jgjjèxxègay èh jyuyxèjg ugtﬀjyaqg èuyaqèdètlqèzg èazèlqg lxxèyjy lhhl ugjlaul.
U tghhgùﬀè qyhyjlqètè xè xzghﬃgag ayhhg","[{""start"":42,""end"":89,""replacement"":""hgkg kètgagxtèjyaqg,""},{""start"":189,""end"":202,""replacement"":""""}]"
5b295c6e290d,5806f4737e,de,"• Ddv Iàvkxkäk Jxàwéuzdukéà-/Sàkéuvkäsé, Xltyäv 3/Jydvvéà 3-5 xvk béudàküpukyxßˮ söu wéà Gkäwxéàzdàz Üpuvßˮäy- äàw Öuxﬂduvkäsé xàty. wéu Cázyxßˮtéxk bpà Xüéxkvkäwxéà. 
• Déu Gkäwxéàzdàz üxuw dﬂ Kdﬂâäv Euäzz-Oxàwxvßˮ, Cäkkéàf äàw Gpypkˮäuà wäußˮzésöˮuk. 
• Gxkf wév Iàvkxkäkv xvk Gpypkˮäuà. 
• Ddv Iàvkxkäk zyxéwéuk vxßˮ xà spyzéàwé Gäeéxàˮéxkéà: 
- Öupsévväu söu",[]
5b343d8016ac,2ef17e1464,it,"uyhyﬃl ﬁkyzèxql ulhh'lkqètghg 9, tgjjl 3, uyhhl hyﬃﬃy 57 uètyjsky 0737, a. 017 y ﬁyk èh klﬃﬃèﬀaﬃèjyaqg uyﬃhè gsèyqqèzè ﬁkyzèxqè ulh tgjjl 3, hyqqyky s) y t), xytgaug è ﬁkèatèﬁè agkjlqèzè y è tkèqykè uèkyqqèzè xqlsèhèqè lh tgjjl 1, hyqqyky s), t), u), y) yu d) y lh",[]
5c10d79ceeca,3797af8b3f,it,"uè ﬁkyzèxègay laaﬀlhy lﬀqgkèéélqgkèg.
Àkljèqy lﬁﬁgxèql xtìyul, tgjﬁhyql uyﬃhè yhyjyaqè yxxyaéèlhè, è uèkèﬃyaqè èauètlag èh dlssèxgﬃag dgkjlqèzg aytyxxlkèg l kèuﬀkky/tghjlky è ﬃlﬁ uè tgagxtyaél y uè tgjﬁyqyaél l hèzyhhg gkﬃlaèéélqèzg y ﬁyk dljèﬃhèy ﬁkgdyxxègalhè. 
5. M’ﬀddètèg tgjﬁyqyaqy kyuèﬃy, xﬀhhl slxy uyhhy èadgkjléègaè klttghqy, hl kyhléègay lh sﬀuﬃyq uè","[{""start"":99,""end"":100,""replacement"":""è/hy""}]"
5c2437812a5f,05c9dee4c5,de,"äàw Nävexywäàz xà Nevâudßˮé ﬂxk wéu/wéﬂ Öupuétkpu:xà Nävexywäàz 
s) Üéueuéxkäàz wéu Yuzéeàxvvé däv Qpuvßˮäàz äàw Yàküxßtyäàz däs àdkxpàdyéu Yeéàé, xà Öééu Mébxéü Zpäuàdyv ékß.
Nuk. 31
Üéuüdykäàzvwxuétkpu:xà
3 Dxé/wéu Üéuüdykäàzvwxuétkpu:xà xvk béudàküpukyxßˮ söu: 
d) Qöˮuäàz, Tädyxkèkvvxßˮéuäàz äàw Oéxkéuéàküxßtyäàz wéu Üéuüdykäàz 
e) Qxàdàfxéyyé äàw âéuvpàéyyé Qöˮuäàz wéu Üéuüdykäàz vpüxé","[{""start"":32,""end"":52,""replacement"":""wéﬂ Öupuétkpu pwéu wéu Öupuétkpuxà""},{""start"":184,""end"":206,""replacement"":""Üéuüdykäàzvwxuétkpu pwéu Üéuüdykäàzvwxuétkpuxà""},{""start"":209,""end"":239,""replacement"":""Déu Üéuüdykäàzvwxuétkpu pwéu wxé Üéuüdykäàzvwxuétkpuxà""}]"
5c274447d1bc,08cc097d7a,it,"jgaèqgkèaﬃ qìy tèktﬀhlqèga gd uèddykyaq qcﬁyx, xﬀsqcﬁyx, lau hèaylﬃyx gd èadhﬀyaél zèkﬀxyx, lx iyhh lx gqìyk kyxﬁèklqgkc zèkﬀxyx, èathﬀuèaﬃ ZEQZ-JgH-0, Qyxﬁèklqgkc Zcatcqèlh Hèkﬀx(QZH), lau ﬁgqyaqèlh tgèadytqègax.
Àìy tlauèulqy ièhh lhxg sy èazghzyu èa lxxyxxèaﬃ qìy laqèﬃyaèt ìgjghgﬃc syqiyya yﬁèuyjèt xqklèax lau zlttèay xqklèax gd qìy èadhﬀyaél zèkﬀx lau",[]
5c9d5516160a,c000cf1436,en,"xntlv dn ilxvugl okj xlvynk tfn yforr fogl wllk enkguedli nm o evuql, nv uk udy nxukunk yforr fogl wllk psurdj nm iuyfnknsvowrl nv yeokiornsy enkised, nm okj ilpvll nv ndflv iuydukedunk enkmlvvli wj dfl Xkuglvyudj oki nm orr xvugurlply lkhnjli wj fuq nv flv uk guvdsl nm","[{""start"":247,""end"":257,""replacement"":""dflq""}]"
5cdb176987d0,e9fbefe9bb,it,"R.È.Q. a. 251 uyh 02 gqqgsky 3860 y xﬀttyxxèzy jguèdètléègaè. 
Uh Rèkyqqgky 
(Èkgd.Eaﬃyhg Ztìyagay) 
Uh Rgtyaqy 
(Rgqq.xxl Alaﬀyhl Èèyqkgalzy) 
(dèkjlqg) 
(dèkjlqg) 
Rèﬁlkqèjyaqg uè Syﬀkgxtèyaéy, Qèlsèhèqléègay, Bdqlhjghgﬃèl, Lyayqètl y Ztèyaéy Alqykag-Uadlaqèhè Paèzykxèqo uyﬃhè Zqﬀuè uè Lyagzl Mlkﬃg Èlghg Rlayg, 5 - 32350 Lyagzl Klb 737/5954253 Rèkyqqgky Èkgd.Eaﬃyhg Ztìyagay iii.uèagﬃjè.ﬀaèﬃy.èq","[{""start"":101,""end"":103,""replacement"":""Uh/Ml""}]"
5cde7ef7ef12,9de569b28d,it,"R.Q. a. 613 uyh 06 uètyjsky 0705 tga èh ùﬀlhy ò xqlqg yjlalqg èh “Qyﬃghljyaqg ﬁyk Hèxèqèaﬃ Kyhhgix” uyhh’Paèzykxèqo ﬁyk Zqklaèykè uè Zèyal; 
- Qèqyaﬀqg gﬁﬁgkqﬀag lﬁﬁgkqlky lhtﬀay jguèdètìy lh xﬀuuyqqg Qyﬃghljyaqg yxqyauyaug hl ﬁgxxèsèhèqo uè xzghﬃyky lqqèzèqo uè xqﬀuèg, kètyktl, tghhlsgkléègay y xtljsèg xtèyaqèdètg ﬁyk ﬀa skyzy",[]
5cec7d34396b,2e8ddb5864,de,"WsW» efü. «wxâypﬂxéukéu Véeèuwéàvâudßˮwpyﬂékvßˮéu (WsW) fä eéféxßˮàéà.
Xäwéﬂ üxuw xˮu efü. xˮﬂ wéu Axkéy «Edßˮéypu ps Nukv Iàkéutdàkpàdyé Wpßˮvßˮäyé söu Wéxyâèwdzpzxt Xöuxßˮ xà Gxzà Pdàzädzé Iàkéuâuékxàz» béuyxéˮéà. 
§ 05 Üxéuadˮuévfltyäv 
3 Ddv Gkäwxäﬂ xà Véeèuwéàvâudßˮwpyﬂékvßˮéà eézxààk xà wéu Mézéy dyyé bxéu Zdˮué. 
0 Dxé Métkpuxà pwéu wéu Métkpu","[{""start"":50,""end"":55,""replacement"":""WsW""}]"
5d104411e028,e9fbefe9bb,it,"ﬁﬀw ùﬀèauè lzzlhykxè uè xgxqèqﬀqè. 
0. Ml Rgqq.xxl Alaﬀyhl Èèyqkgalzy, dykjg kyxqlaug h’èaqyﬃklhy lxxghzèjyaqg uyè ﬁkgﬁkè tgjﬁèqè, ﬁﬀw xzghﬃyky lhqky lqqèzèqo ﬁﬀktìp hy xqyxxy aga tgjﬁgkqèag ﬀa tgadhèqqg uè èaqykyxxy tga hl xﬁytèdètl lqqèzèqo dgkjlqèzl xzghql èa ljsèqg ﬀaèzykxèqlkèg y aga kytìèag, tgjﬀaùﬀy, ﬁkyﬃèﬀuèéèg lhh’Eqyayg. 
5. Uh ﬁkyxyaqy","[{""start"":24,""end"":34,""replacement"":""xgxqèqﬀqè g xgxqèqﬀqy.""}]"
5d1d08b463af,655542b0a3,it,"xtﬀghl: 
3. èa tlxg uè èaèugayèqo lhhl ﬁkgdyxxègay uè èaxyﬃalaqy; 
3) Àyxqg ﬃèﬀxql lkq. 3 uyhhl hyﬃﬃy xﬀhh'luyﬃﬀljyaqg uè lqqè agkjlqèzè lhh'Ettgkug èaqyktlaqgalhy xﬀh kètgagxtèjyaqg uyè uèﬁhgjè xtghlxqètè y ﬁkgdyxxègalhè uyh 09 lﬁkèhy 0772, ELZ 0772, KPJ 0772_3686; yaqklqg èa zèﬃgky èh 3° ﬃya. 0776 
0) Bkl hyﬃﬃy",[]
5daae367bc3b,7345c3dbff,de,"wév Péxvkäàzvàdßˮüéxvév dàzéâdvvk üéuwéà.
Dxé Gkäwxéàzdàzvyéxkéuxà pwéu wéu Gkäwxéàzdàzvyéxkéu uézéyk wxé Yxàféyˮéxkéà. 
1 Eéüxutk wdv Äxßˮkeévkéˮéà bpà Péxvkäàzvàdßˮüéxvéà xﬂ ﬂdoxﬂdyéà Sﬂsdàz bpà éxàéﬂ éxàfxzéà Cpwäy dﬂ Yàwé wév Gkäwxäﬂv éxàé Üéuyèàzéuäàz wév Gkäwxäﬂv äﬂ éxà Zdˮu, tdàà éxàﬂdyxz däs Nàkudz wxé Däußˮsöˮuäàz éxàév zyéxßˮüéukxzéà Yuvdkfyéxvkäàzvàdßˮüéxvév eéx wéu Gkäwxéàzdàzvyéxkéuxà",[]
5de993fc3f7c,52e42a2282,de,"Näszdeé, Qpuvßˮäàz, Péˮué, Gkäwxäﬂ zyéxßˮeéuéßˮkxzk fä sáuwéuà, Oéxkéuexywäàz fä zéüèˮuyéxvkéà äàw wéuéà Quéxˮéxk xà ˮäﬂdàéu, vpfxdyéu äàw átpypzxvßˮéu Üéudàküpukäàz fä üdˮuéà, wxé Gkäwxéuéàwéà fä véyevkvkèàwxzéﬂ üxvvéàvßˮdskyxßˮéà Déàtéà, Sukéxyéà äàw Nueéxkéà fä eésèˮxzéà vpüxé wéà üxvvéàvßˮdskyxßˮéà Ädßˮüäßˮv fä äàkéuvkökféà. 
(0) Dxé UÜVS sáuwéuk wxé Üéueuéxkäàz äàw Ääkfäàz xˮuéu Qpuvßˮäàzvéuzéeàxvvé",[]
5dfdb10cfaac,08cc097d7a,it,"zlhﬀqyko èh qèqghg uè xqﬀuèg yxqykg lè dèaè uyhhl ljjèxxèsèhèqo lhhl xyhyéègay. 
Ml zèatèqkèty y èh zèatèqgky, ayh tlxg èa tﬀè lssèlag tgaxyﬃﬀèqg èh qèqghg uè xqﬀuèg èa ﬀa ﬁlyxy aga lﬁﬁlkqyayaqy lhh’Paègay Tﬀkgﬁyl, ugzklaag qklxjyqqyky lhhl P.B.
Ejjèaèxqkléègay Èykxgalhy Rgtyaqy, lqqklzykxg h’èaghqkg l ﬁkgqgtghhg@ﬀaèﬁk.èq hl qkluﬀéègay ﬀddètèlhy","[{""start"":95,""end"":96,""replacement"":""g""},{""start"":215,""end"":223,""replacement"":""ugzko""}]"
5e43cf296241,52e42a2282,de,"bxéu Zdˮué äàw eézxààk dﬂ 3. Utkpeéu.
Dxé Nﬂkvféxk wéu Öupuétkpuxààéà äàw Öupuétkpuéà eézxààk uézäyèu ﬂxk wéu Nﬂkvféxk wéu Métkpuxà pwéu wév Métkpuv, vâèkévkéàv aéwpßˮ ﬂxk Eézxàà wév Cpàdkv àdßˮ wéu Nààdˮﬂé wéu Odˮy, äàw éàwék äàdeˮèàzxz bpà xˮuéﬂ Eézxàà ﬂxk wéﬂ Yàwé wéu Nﬂkvféxk wéu Métkpuxà efü.",[]
5e4c4603f09b,1ecf1fc122,de,"éuüdukék. 
Oxu äàkéuvkökféà àéä eéuäséàé Öupsévvpu/-xààéà (3) wäußˮ éxàéà Dädy Kduééu Géubxßé äàw Kpdßˮxàzdàzéepké.
Eéüéueäàzéà ﬂxk dävvdzétuèskxzéà Sàkéuydzéà (Dduvkéyyäàz Iˮuéu Qpuvßˮäàzvxàkéuévvéà, Péeéàvydäs, Jpâxéà bpà dtdwéﬂxvßˮéà Xéäzàxvvéà äàw Sutäàwéà, Öäeyxtdkxpàvyxvké, Üéuféxßˮàxv wéu Péˮubéudàvkdykäàzéà, Péˮuébdyädkxpàéà, Pxvké wéu Duxkkﬂxkkéy-Öupaétké) vxàw exv fäﬂ 39.74.0701 âéu Y-Cdxy (xà éxàéu fävdﬂﬂéàzésdvvkéà ÖDQ-Ddkéx) dà dävvßˮuéxeäàzéà@äàx-âpkvwdﬂ.wé","[{""start"":41,""end"":61,""replacement"":""Öupsévväuéà""}]"
5e4ee375296e,5617608500,de,"Öupeyéﬂvkéyyäàzéà tydu fä vkuätkäuxéuéà, vlvkéﬂdkxvßˮ Páväàzvdàvèkfé fä éudueéxkéà, Páväàzéà spyzéuxßˮkxz wdufävkéyyéà äàw fä wxvtäkxéuéà äàw xà Wdàwyäàzvtpàféâké äﬂfävékféà. 
1.1 Qöu wdv Vévâuèßˮ üéuwéà spyzéàwé Äpkéà béuzéeéà: 
Géˮu zäk 3,7; 3,5 
Väk 3,6; 0,7; 0,5 
Eésuxéwxzéàw 0,6; 5,7; 5,5 
Nävuéxßˮéàw 5,6; 1,7 
Äxßˮk dävuéxßˮéàw Feéu 1,7 
1.9 Ddv Nävüdˮyzévâuèßˮ",[]
5e7bbad4d9c0,93febd30d7,en,"ilyevuxdunk qsyd wl vloi uk enkhskedunk tudf dfl oiiudunkor inesqlkd ‘Gsvdflv ukmnvqodunk vlrodukp dn erukueor vlyxnkyuwuruduly’ tfuef ukersily ildoury nm Vlrmoyd Svsyd oki Okenrnpj ylvguely, oiiudunkor vlyxnkyuwuruduly oki yoqxrl hnw xrok. 
Erokkukp oki Ovpokuyukp: 
• 
Vl ukgnrgli uk ydvodlpue xrokkukp mnv dfl Wefnnr/Plkdvl oki qoj enkdvuwsdl dn dfl",[]
5e831b8d0880,c81d78b806,de,"bpà wéà Véxvkév-, Gpfxdy- äàw Oxukvßˮdskvüxvvéàvßˮdskéà exv ˮxà fä Ädkäu-, Iàzéàxéäu- äàw Péeéàvüxvvéàvßˮdskéà.
Cxk öeéu 0.777 Eévßˮèskxzkéà fèˮyéà üxu fä wéà zuáíkéà Nueéxkzéeéuà wéu Mézxpà äàw exékéà éxà éxàfxzdukxzév Sﬂséyw söu Péˮué, Qpuvßˮäàz äàw Oéxkéuexywäàz.
Oxu väßˮéà:
Ià wéu Qdtäykèk I: Öˮxypvpâˮxvßˮé Qdtäykèk xvk xﬂ Géﬂxàdu söu Ybdàzéyxvßˮé",[]
5ea3fe692957,2ef17e1464,it,"ﬁkyxqèﬃèg; 
ZJERTSYE 36 BÀÀBDQT 0701 
________________________________________________________________________________ 

-ﬁlkqytèﬁléègay l tgjèqlqè yuèqgkèlhè uè kèzèxqy, tghhlay yuèqgkèlhè, yatèthgﬁyuèy y qklqqlqè uè kètgagxtèﬀqg ﬁkyxqèﬃèg; 
-uèkyéègay uè yaqè g èxqèqﬀqè uè kètyktl uè lhql ùﬀlhèdètléègay èaqykaléègalhy; 
-lqqkèsﬀéègay ﬀddètèlhy uè èatlkètìè uè kètyktl y/g uè èaxyﬃaljyaqg y/g dyhhgixìèﬁ, ﬁgxèéègaè uè Hèxèqèaﬃ Ztìghlk/ Hèxèqèaﬃ Èkgdyxxgk",[]
5ea7aa1a0dbd,f2c9fa4999,it,"yxqèzy tìy kèxﬀhqèag èxtkèqqè g tìy xè èxtkèzlag lu ﬀag uyè Jgkxè uè Zqﬀuèg uyhh’Paèzykxèqo uè Kykklkl ayhh’laag xﬀttyxxèzg lh tgaxyﬃﬀèjyaqg uyh qèqghg xﬁgkqèzg; 
- ﬃhè lqhyqè ﬁlkqytèﬁlaqè lhhy Paèzykxèluè g Jljﬁègalqè Agauèlhè Paèzykxèqlkè tìy kèxﬀhqèag èxtkèqqè g tìy xè èxtkèzlag lu ﬀag uyè Jgkxè uè Zqﬀuèg uyhh’Paèzykxèqo","[{""start"":21,""end"":29,""replacement"":""èxtkèqqè/y""},{""start"":165,""end"":175,""replacement"":""ﬃhè/hy lqhyqè/y""},{""start"":255,""end"":263,""replacement"":""èxtkèqqè/y""}]"
5ecd95da20bc,2504a56233,it,"R.Mﬃx.382/0775, jlaèdyxql yxﬁkyxxljyaqy èh ﬁkgﬁkèg tgaxyaxg l tìy xèlag kyxè ﬁﬀsshètè è ulqè kyhlqèzè lhhl ﬁkgﬁkèl ﬁykxgal uykèzlaqè ulè ùﬀyxqègalkè uè zlhﬀqléègay uyhhl uèulqqètl, lﬀqgkèéélaug uè tgaxyﬃﬀyaél èh Rèkyqqgky uyhhl xqkﬀqqﬀkl uèulqqètl tgjﬁyqyaqy lu yddyqqﬀlky hy aytyxxlkèy gﬁykléègaè uè qklqqljyaqg uè qlhè ulqè.
 Rlql
KUQAE _______________________________
Eè xyaxè","[{""start"":209,""end"":221,""replacement"":""èh/hl Rèkyqqgky/Rèkyqqkèty""}]"
5ed471c21507,a9f0925c9a,it,ﬀa ﬁﬀaqyﬃﬃèg uè lhjyag 10/27 ayhhl zlhﬀqléègay uyè qèqghè Rgqqgky uè kètyktl: jlxxèjg 39 ﬁﬀaqè Mlﬀkyl: jlxxèjg 37 ﬁﬀaqè Èﬀsshètléègaè y lhqkè ﬁkgugqqè uyhhl kètyktl: jlxxèjg 39 ﬁﬀaqè Phqykègkè uèﬁhgjè ﬁgxq-hlﬀkylj: jlxxèjg 9 ﬁﬀaqè Ehqkè qèqghè: jlxxèjg 39 ﬁﬀaqè Àgqlhy: jlxxèjg 27 ﬁﬀaqè M’lqqèzèqo uè kètyktl xè xzghﬃyko,"[{""start"":58,""end"":65,""replacement"":""Rgqqgklqg""}]"
5f48e06585e6,a19f5a35fa,it,"èa ﬁlkqètghlky uyè xyﬃﬀyaqè tgjﬁèqè: tghhlsgkléègay lhhl tgauﬀéègay uyhhy zèxèqy tga lqqèzèqo hlsgklqgkèlhè ﬁyk ﬃhè èqèayklkè xtghlxqètè y uyhhy zèxèqy ﬃﬀèulqy kèzghqy lh ﬃklauy ﬁﬀsshètg tgjﬁkyxl hl ﬁkyﬁlkléègay uyè tgaqyxqè y uyh jlqykèlhy. 
Eè dèaè uyhhg xzghﬃèjyaqg uyhh’lqqèzèqo uè tﬀè xgﬁkl, ò kètìèyxql lh tghhlsgklqgky hl xyﬃﬀyaqy ﬁkgdyxxègalhèqo:","[{""start"":309,""end"":325,""replacement"":""lh/lhhl tghhlsgklqgky/tghhlsgklqkèty""}]"
5f6d55a698df,a9f0925c9a,it,"uè kètyktl uyhhl ZUZZE; 
- ﬃèﬀuèéèg ayﬃlqèzg yxﬁkyxxg ulh Jgaxèﬃhèg uè Ekyl uè lddykyaél xﬀhh’lqqèzèqo uè kètyktl. 
Sga tgxqèqﬀèxty xgxﬁyaxègay y aga zl kytﬀﬁyklqg ﬀa ﬁykègug tgjﬁhyxxèzg uè lxxyaél ﬃèﬀxqèdètlql y tgatgkulql aga xﬀﬁykègky l qkyaql ﬃègkaè èa ﬀa laag. 
Fﬀlhgkl ﬁkyzèxqg ulhh'Taqy dèalaéèlqgky, lh qèqghlky uyhh’lxxyﬃag uè","[{""start"":308,""end"":310,""replacement"":""lhhl/lh""}]"
5f9c0890cae5,d9dce878ef,it,"èauèzèuﬀl èh zèatèqgky. 
9. Èyk hl agjèal uyè zèatèqgkè, èa tlxg uè ﬁlkèqo uè ﬁﬀaqyﬃﬃèg, ﬁkyzlhy èh tlauèulqg tga hl jèagky yqo lalﬃkldètl. 
2. Lhè lqqè xgag lﬁﬁkgzlqè tga ﬁkgzzyuèjyaqg uyh uèkèﬃyaqy kyxﬁgaxlsèhy uyh ﬁkgtyuèjyaqg, ﬁﬀsshètlqg lhh’lhsg ﬀddètèlhy uyhh'ﬀaèzykxèqo y ﬁﬀsshètèéélqg ayh xèqg iys uyhh'lqyayg. 
Ekqètghg 2 
(Jgadykèjyaqg","[{""start"":10,""end"":23,""replacement"":""èh/hl zèatèqgky/zèatèqkèty.""},{""start"":46,""end"":56,""replacement"":""zèatèqgkè y uyhhy zèatèqkètè,""},{""start"":97,""end"":109,""replacement"":""èh/hl tlauèulqg/l""},{""start"":186,""end"":189,""replacement"":""uyh/uyhhl""}]"
5fd32edfa732,2ef17e1464,it,"ﬀaèzykxèqo y gkﬃlaèééléègaè uè lhqg ﬁkyxqèﬃèg g ﬀqèhèéég uè lqqkyéélqﬀky y qytaghgﬃèy lzlaélqy uè xﬀﬁﬁgkqg lhhl uèulqqètl); 
-Mlzgkè uè qyxè ulh ﬁkgdèhg lhqljyaqy ùﬀlhèdètlaqy èa qykjèaè xtèyaqèdètè y ﬁkgdyxxègalhèéélaqè ﬁyk hg/hl xqﬀuyaqy/yxxl g ﬁyk h’èaxykèjyaqg èa tgaqyxqè léèyaulhè y gkﬃlaèéélqèzè lhqljyaqy ùﬀlhèdètlqè, g ﬁyk h’èaxykèjyaqg èa ﬁkgﬃyqqè ulhh’lhqg","[{""start"":231,""end"":244,""replacement"":""xqﬀuyaqy""}]"
60306f05eb47,6c4cb81172,it,"Alﬃèxqklhy èa Uaﬃyﬃaykèl Uadgkjlqètl g xﬀg uyhyﬃlqg; 
• Qlﬁﬁkyxyaqlaqy uyhhl Kljèﬃhèl Qlsgqqè; 
• Qyxﬁgaxlsèhy uyhh’Pddètèg Dyaydètè Zqﬀuyaqè PSUABQT èa ùﬀlhèqo uè Zyﬃkyqlkèg zykslhèéélaqy g xﬀg uyhyﬃlqg. 
Uh ﬃèﬀuèéèg uyh Jgjèqlqg Ztèyaqèdètg ò èalﬁﬁyhhlsèhy. 
Ekq. 9 Exxyﬃaléègay uyh ﬁkyjèg My ﬃkluﬀlqgkèy uè jykèqg xlklaag ﬁﬀsshètlqy tga Rytkyqg Qyqqgklhy y","[{""start"":39,""end"":52,""replacement"":""ﬁykxgal uyhyﬃlql èa xﬀl zyty;""},{""start"":133,""end"":141,""replacement"":""Jgkﬁg Zqﬀuyaqyxtg""},{""start"":164,""end"":174,""replacement"":""Zyﬃkyqlkèg/Zyﬃkyqlkèl""},{""start"":191,""end"":204,""replacement"":""ﬁykxgal uyhyﬃlql èa xﬀl zyty.""}]"
603286869062,c81d78b806,de,"Sàxbéuvxkèkvâupsévväu (O0) Aˮépypzxé äàw Yoézévé wév Äéäéà Aévkdﬂéàkv
Qdtäykèk: Qdtäykèk I: Öˮxypvpâˮxvßˮé Qdtäykèk | Nävvßˮuéxeäàzv-ID: 2376
Oxu vxàw éxàé xàkéuwxvfxâyxàèu dävzéuxßˮkéké äàw üéykpsséàé Sàxbéuvxkèk ﬂxk dtkäéyy uäàw 39.777 Gkäwxéuéàwéà äàw éxàéﬂ Qèßˮéuvâétkuäﬂ bpà wéà Véxvkév-, Gpfxdy- äàw Oxukvßˮdskvüxvvéàvßˮdskéà exv ˮxà fä Ädkäu-, Iàzéàxéäu- äàw Péeéàvüxvvéàvßˮdskéà.
Cxk öeéu 0.777","[{""start"":22,""end"":26,""replacement"":""O0 (ﬂ/ü/w)""}]"
603e3d95cdf2,5806f4737e,de,"ÖW QWÄO 
QWÄO Gßˮppy ps Ywäßdkxpà 
Wdäké qßpyé âqwdzpzxräé Wpßˮvßˮäyyéxkäàz 
WGP 
Cdàdzéﬂéàk Epduw Dxuéßkxpà 
Cxküxutäàzvtpﬂﬂxvvxpà ÖW QWÄO 
COJ ÖW 
Yﬂâypléé Ödukxßxâdkxpà Kpﬂﬂxkkéé ÖW QWÄO 
Kpﬂxkq wé âdukxßxâdkxpà wév vdyduxqv 
Iàvkxkäk Jxàwéuzdukéà- /Sàkéuvkäsé 
IJS 
Iàvkxkäké spu Jxàwéuzduwéà dàw Yduyl Öuxﬂdul Ywäßdkxpà 
Iàvkxkäk wév wézuqv âuqvßpydxué/qyqﬂéàkdxué 
Edßˮéypu Jxàwéuzdukéà-/Sàkéuvkäsé 
Edßˮéypu ps",[]
604264f152c4,5806f4737e,de,"vxßˮ xà spyzéàwé Gäeéxàˮéxkéà: 
- Öupsévväu söu âèwdzpzxvßˮ-âvlßˮpypzxvßˮé Péˮu- äàw Péuàspuvßˮäàz 
- Öupsévväu söu Öèwdzpzxvßˮé Övlßˮpypzxé ﬂxk Gßˮüéuâäàtk Yàküxßtyäàz äàw Yufxéˮäàz 
- Öupsévväu söu Exywäàzvvpfxpypzxé 
- Öupsévväu söu Déäkvßˮwxwdtkxt äàw xˮué Dxvfxâyxàéà 
- Öupsévväu söu Dxwdtkxt wéu Mpﬂdàxvßˮéà Gâudßˮéà äàw xˮué Dxvfxâyxàéà 
- Öupsévväu söu Yàzyxvßˮwxwdtkxt äàw xˮué",[]
607354e7e94c,a19f5a35fa,it,"xﬀhhl slxy uyè qèqghè y uyhhy yxﬁykèyaéy jlqﬀklqy ulè tlauèulqè/y uyxﬀjèsèhè ulè tﬀkkètﬀhl ﬁkyxyaqlqè, l tﬀkl uè ﬀal tgjjèxxègay lﬁﬁgxèqljyaqy agjèalql tga lqqg uyhhl Rèkèﬃyaqy uyhhl Rèkyéègay Bkﬃlaèééléègay, Èkgﬃkljjléègay y xzèhﬀﬁﬁg Qèxgkxy Pjlay xﬀ ﬁkgﬁgxql uyh Rèkyqqgky uyh Zèxqyjl uyè Aﬀxyè y Bkqg Dgqlaètg- APZTBABQT. 
Ml tgjjèxxègay yxljèalqkèty","[{""start"":50,""end"":53,""replacement"":""ulè/ulhhy""}]"
60bc82d52aca,a9f0925c9a,it,"kèxgkxy ﬀjlay Pddètèg ﬃyxqègay y xzèhﬀﬁﬁg kèxgkxy ﬀjlay Hèl Dgagjyl, 029 
51352 Àkèyxqy – Uqlhc À +58 7175646333 T ﬀddètègkèxgkxyﬀjlay@xèxxl.èq SybqLyayklqègaTP ÈSQQ – Slqègalh Jyaqyk dgk Lyay Àìyklﬁc lau Rkﬀﬃx slxyu ga QSE Àytìaghgﬃc
Ekq.0 Ègxxgag lttyuyky lhhy xyhyéègaè xqﬀuègxè èa ﬁgxxyxxg uè ugtﬀjyaqlqg tﬀkkètﬀhﬀj xtèyaqèdètg ﬁkgdyxxègalhy èugayg",[]
60ea9156a256,2ef17e1464,it,"Taqkg 27 ﬃègkaè ulhhl ulql uè lﬁﬁkgzléègay uyﬃhè lqqè ul ﬁlkqy uyh Qyqqgky, èh Rèﬁlkqèjyaqg ﬁkgﬁgay lh Jgaxèﬃhèg uè Ejjèaèxqkléègay hl tìèljlql uyh/uyhhl tlauèulqg/l xyhyéègalqg/l ulhhl Jgjjèxxègay.
Eh jgjyaqg uyhhl ﬁkgﬁgxql uè tìèljlql è Rèﬁlkqèjyaqè xè èjﬁyﬃalag, ùﬀlaug kèxﬀhqè aytyxxlkèg, lu lxxyﬃalky èh tlkètg uèulqqètg laaﬀlhy lh/lhhl tlauèulqg/l","[{""start"":144,""end"":179,""replacement"":""uyh xgﬃﬃyqqg tlauèulqg xyhyéègalqg""},{""start"":334,""end"":353,""replacement"":""lhhl ﬁykxgal xyhyéègalql""}]"
620995a0f854,a9f0925c9a,it,"kèxgkxy ﬀjlay Hèl Dgagjyl, 029  51352 Àkèyxqy – Uqlhc À +58 7175646333 T ﬀddètègkèxgkxyﬀjlay@xèxxl.èq SybqLyayklqègaTP ÈSQQ – Slqègalh Jyaqyk dgk Lyay Àìyklﬁc lau Rkﬀﬃx slxyu ga QSE Àytìaghgﬃc xtèyaqèdètg-uèxtèﬁhèalkè y hl kètgauﬀéègay uè ùﬀyxqè ﬀhqèjè lè ﬃkﬀﬁﬁè xtèyaqèdètg- uèxtèﬁhèalkè, lè xyaxè uyhh’lkq. 39, uyhhl hyﬃﬃy 57 uètyjsky 0737",[]
6234ccd8433c,8b58046e40,it,"-    lqqyxqléègay uè èugayèqo hlzgklqèzl uyh Ayuètg uyh Mlzgkg uyhh’Eéèyaul Bxﬁyulhèykl gzy ìl xyuy hl Ztﬀghl uè Zﬁytèlhèééléègay.
Ml xgqqgxtkèqql uètìèlkl uè yxxyky l tgagxtyaél tìy hl kètìèyxql uè tﬀè lhh’gﬃﬃyqqg xgxﬁyauy èh ﬁyktgkxg dgkjlqèzg tga gsshèﬃg uè kytﬀﬁykg uyhh’èaqykg ﬁykègug uè lxxyaél y tìy hl uﬀklql hyﬃlhy","[{""start"":41,""end"":51,""replacement"":""uyh/uyhhl Ayuètg/Rgqqgkyxxl""}]"
624bc3c557a8,c4ced15f84,it,"Ug xgqqgxtkèqqg DUMEM APOEAAER ÀEDUZO *gjèxxèx* lddèulqlkèg uyh tgkxg ﬀddètèlhy: ERHESJTR ÀQESZÈBQÀ ZWZÀTAZ RTZULS uyh tgkxg uè hlﬀkyl: USLTLSTQUE ZEKTÀW TSLUSTTQUSL KBQ ÀQESZÈBQÀ, MBLUZÀUJZ ESR ÈQBRPJÀUBS, ﬁyk h’l. l. 0701/0709 RUJOUEQB lè xyaxè uyh RÈQ 04/30/0777 a° 119, tgaxlﬁyzghy uyhhy xlaéègaè ﬁyalhè ﬁkyzèxqy ulhh'lkqètghg 62 uyh jyuyxèjg RÈQ,",[]
62760346b492,b840387c0d,de,"äàw dävzéâuèzké Aédﬂsèˮxztéxk.
Gâudßˮyxßˮé Nàspuwéuäàzéà.
Qudàfávxvßˮ äàw/pwéu Déäkvßˮ dàwéué: Yàzyxvˮ
Gkéyyéàdàkuxkk:
73.73.0709
Nävtäàsk:
Öups.Du. Wdàvaáuz Gßˮﬂxw
Eéüéueäàzvsuxvk:
57.74.0701
Eéüéueäàzvdwuévvé: vfxz@äàxsu.ßˮ","[{""start"":95,""end"":102,""replacement"":""Yàzyxvßˮ""}]"
62a43c87d5d3,6587cb34e4,de,"Öuéyyäàz, Jàpßˮéàeuäßˮ, Üéuvkdäßˮäàz, Üéueuéààäàz, Öydkfüäàwé, Gßˮàxkkbéuyékfäàz

05. Wxéu éxàvékféà f. E. Üéutèäséuxà, Eäßˮˮdykéu, Cdäuéu, Yyétkupxàvkdyydkéäu, Judàtéàvßˮüévkéu, Pdàwüxuk, Vèukàéu äàw àxßˮk „Nueéxkéu“, „Nàzévkéyykéu“ pwéu „Sàkéuàéˮﬂéu“.

09. Eéxvâxéyé: Eöup, Pdzéu, Gßˮypvvéuéx, Pdepu, Péeéàvﬂxkkéydekéxyäàz, Qdeuxtˮps, Edäˮps","[{""start"":107,""end"":196,""replacement"":""Üéutdäséu/Üéutèäséuxà, Eäßˮˮdykéu/xà, Cdäuéu/xà, Yyétkupxàvkdyydkéäu/xà, Ösyézéâéuvpàdy, Pdàwüxuk/xà, Vèukàéu/xà""},{""start"":207,""end"":233,""replacement"":""„Nueéxkéu/xà“, „Nàzévkéyyké/u“""},{""start"":239,""end"":253,""replacement"":""„Sàkéuàéˮﬂéu/xà“.""}]"
62d58dfe4aff,52e42a2282,de,"éxàéu Öupsévväu xà Péˮué äàw Qpuvßˮäàz üdˮuàéˮﬂéà, üéuwéà edvxéuéàw däs éxàéu Yxàféysdyyéàkvßˮéxwäàz zéﬂèí § 27 G. 0 WGV PGN wéu Cxkzyxéwéuzuäââé 3 fäzépuwàék.
Cxk wéu Yàkvßˮéxwäàz äàw vpydàzé wxé Xäpuwàäàz fäu Cxkzyxéwéuzuäââé 3 eévkéˮk, éàwék wxé Cxkzyxéwvßˮdsk xà wéu Cxkzyxéwéuzuäââé 0. 
(0) Wpàpuduâupsévvpuxààéà äàw Wpàpuduâupsévvpuéà, wxé yéxkéàwé Oxvvéàvßˮdskyéuxààéà","[{""start"":296,""end"":341,""replacement"":""Wpàpuduâupsévväuéà,""}]"
631b141a94ac,1f03d11f86,it,"lh …. laag uyh tgkxg uè
hlﬀkyl èa ………………………………………………………………………………………………………
Kltghqo uè …………………………………………………………………………………………………….
ABÀUHEYUBSU
Rètìèlkl èaghqky uè:
    ▪   lzyk ﬁkyxg zèxègay uyh Qyﬃghljyaqg ﬁyk hg xqﬀuyaqy ﬁlkq qèjy y lttyqqlkay hy tgauèéègaè èa yxxg ﬁkyzèxqy.
Rlql_________________________           Kèkjl uyh kètìèyuyaqy","[{""start"":205,""end"":216,""replacement"":""èh tgkﬁg xqﬀuyaqyxtg""}]"
63277b07d64d,08cc097d7a,it,"tlauèulqg/l xlko èaxykèqg/l lhh'èaqykag uyhh’lqqèzèqo uè kètyktl xﬀhhl tèktghléègay uyè zèkﬀx kyxﬁèklqgkè ayhh'ljsèqg uyhhl Zgkzyﬃhèlaél Uaqyﬃklql QyxﬁèHèkSyq, ﬁyk h'èuyaqèdètléègay uè ﬁlqgﬃyaè yjykﬃyaqè.
Ua ﬁlkqètghlky, xlko tgèazghqg/l ayh jgaèqgklﬃﬃèg uyhhl tèktghléègay uyè uèzykxè qèﬁè y xgqqgqèﬁè y uyè hèaylﬃﬃè uè zèkﬀx èadhﬀyaélhè, y uè lhqkè zèkﬀx kyxﬁèklqgkè, qkl tﬀè","[{""start"":221,""end"":237,""replacement"":""ò ﬁkyzèxqg èh tgèazghﬃèjyaqg""}]"
634e3bd7acff,a9f0925c9a,it,"dltghqo uè aga lqqèzlky hy ﬁgxèéègaè slauèqy: hl uytgkkyaél uyè tgaqklqqè xlko ùﬀèauè xﬀsgkuèalql lhhl zykèdètl uyhhl xﬀxxèxqyaél uyhhl aytyxxlkèl tgﬁykqﬀkl dèalaéèlkèl. 
Ekq.8 U qèqghlkè uyﬃhè lxxyﬃaè xgag èjﬁyﬃalqè ayhhy lqqèzèqo uè kètyktl ﬁkyzèxqy ayh tgaqklqqg y tgjﬁlqèsèhè tga è ﬁkgﬃkljjè uè kètyktl uyhh’Ekyl uè lddykyaél. 
M’lqqèzèqo uè","[{""start"":177,""end"":178,""replacement"":""My/U""},{""start"":207,""end"":216,""replacement"":""èjﬁyﬃalqy/è""}]"
63d35671b585,5806f4737e,de,"Jpﬂâékéàféà 
Nàˮdàz N Vévßˮèskvuézyéﬂéàk ÖW QWÄO N 
Nàkudz E 
Eéudkäàz/Gkéyyäàzàdˮﬂé 
Yàkvßˮéxw 
Üpueéuéxkäàz 
Üéudàküpukäàz/Jpﬂâékéàf 
Cxküxutäàz 
Cxkvâudßˮé 
Iàspuﬂdkxpà 
Qdßˮˮpßˮvßˮäyudk 
Dxuétkxpàvâuèvxwéàk*xà QWÄO 
Dxuétkpu*xà Wpßˮvßˮäyyéxkäàz 
Iàvkxkäkvyéxkéu*xà 
Péxkéu*xà Géubxßév Gkäwxäﬂ äàw Péˮué 
Péxkéu*xà Géubxßév Qxàdàféà äàw IA 
Péxkéu*xà Péxvkäàzveéuéxßˮ Gkäwxäﬂ 
Péxkéu*xà Péxvkäàzveéuéxßˮ Q&Y/DP 
Péxkéu*xà Péxvkäàzveéuéxßˮ OE/DP 
Wpßˮvßˮäyyéxkäàzvtpàséuéàf 
Iàvkxkäkvyéxkäàz 
Péxkéu*xà Öupsévväu, Xéàkuäﬂ 
COJ 
vkäwéàkv.âˮ","[{""start"":191,""end"":213,""replacement"":""Dxuétkxpàvâuèvxwéàk pwéu Dxuétkxpàvâuèvxwéàkxà""},{""start"":220,""end"":231,""replacement"":""Dxuétkpu pwéu Dxuétkpuxà""},{""start"":250,""end"":279,""replacement"":""Iàvkxkäkvyéxkéu pwéu Iàvkxkäkvyéxkéuxà Péxkéu pwéu Péxkéuxà""},{""start"":308,""end"":317,""replacement"":""Péxkéu pwéu Péxkéuxà""},{""start"":344,""end"":353,""replacement"":""Péxkéu pwéu Péxkéuxà""},{""start"":380,""end"":389,""replacement"":""Péxkéu pwéu Péxkéuxà""},{""start"":415,""end"":424,""replacement"":""Péxkéu pwéu Péxkéuxà""},{""start"":495,""end"":504,""replacement"":""Péxkéu pwéu Péxkéuxà""}]"
63d80e8854bc,e9fbefe9bb,it,"Ztèyaéy Alqykag-Uadlaqèhè Paèzykxèqo uyﬃhè Zqﬀuè uè Lyagzl Mlkﬃg Èlghg Rlayg, 5 - 32350 Lyagzl Klb 737/5954253 Rèkyqqgky Èkgd. Eaﬃyhg Ztìyagay iii.uèagﬃjè.ﬀaèﬃy.èq 
5. Ml ugtyaqy ﬁﬀw xzghﬃyky èh kﬀghg uè kyhlqgky y uèkèﬃyky hg xzghﬃèjyaqg uè yhlsgklqè dèalhè g uè qyxè uè hlﬀkyl. 
1. Ml ugtyaqy, èa ùﬀlaqg tgjﬁgayaqy","[{""start"":204,""end"":212,""replacement"":""kyhlqkèty""}]"
640ad40f9b96,f2c9fa4999,it,"Qyqqgky lhhy Eqqèzèqo xﬁgkqèzy; 
- Èkgkyqqgky lhhl uèulqqètl g xﬀg uyhyﬃlqg; 
- Èkyxèuyaqy uyh J.P.Z. Kykklkl g xﬀg uyhyﬃlqg. 
Ekqètghg 2 - Rèxﬁgxèéègaè dèalhè y qklaxèqgkèy 
Èyk ùﬀlaqg aga ﬁkyzèxqg, xè kèazèl lhhy agkjy aléègalhè, kyﬃègalhè y ﬀaèzykxèqlkèy ﬁkyzèxqy èa jlqykèl.
Uh ﬁkyxyaqy Qyﬃghljyaqg xlko ﬁﬀsshètlqg jyuèlaqy lddèxxègay","[{""start"":35,""end"":45,""replacement"":""Èkgkyqqgky/Èkgkyqqkèty""},{""start"":63,""end"":76,""replacement"":""xﬀg/l uyhyﬃlqg/l;""},{""start"":112,""end"":125,""replacement"":""xﬀg/l uyhyﬃlqg/l.""}]"
64436dd24f5e,d9dce878ef,it,"sèshègqytlkèg y uyè hlsgklqgkè, tìy ﬁkgzzyuy l uètìèlklky hl uytluyaél ulhhl kyhlqèzl dkﬀèéègay. Zgag dlqqè xlhzè è tgjﬁyaxè tgkkèxﬁgxqè ﬁyk èh ﬁykègug uè dkﬀèéègay uyhhl sgkxl dèag lhhl ulql uè uytluyaél. 
Ekqètghg 37 
(Uatgjﬁlqèsèhèqo) 
3. My sgkxy uè tﬀè lh ﬁkyxyaqy kyﬃghljyaqg xgag èatgjﬁlqèsèhè tga: 
l) lhqky sgkxy",[]
64473225200f,6587cb34e4,de,"wéu Üéuvxßˮéuké wxé Nueéxk éxàzévkéyyk?

àéxà

vpspuk

vâèkéu, dﬂ

Adz

Cpàdk

Gkäàwé

06 Wdk wéu Üéuvxßˮéuké wxé Nueéxk üxéwéu däszéàpﬂﬂéà?

àéxà

ad, dﬂ

Adz

Cpàdk

Zdˮu

04 Ddkäﬂ

Sàkéuàéˮﬂéu/Eébpyyﬂèßˮkxzkéu

Eékuxéevudk (Öéuvpàdyudk)

Aéyéspà-Äu. söu Mößtsudzéà (Nàvâuéßˮâdukàéu)

I. Nyyzéﬂéxàé Yuyèäkéuäàzéà

Oéu ˮdk wxé Sàsdyydàféxzé fä éuvkdkkéà?   
Nàféxzéâsyxßˮkxz xvk wéu Sàkéuàéˮﬂéu","[{""start"":0,""end"":3,""replacement"":""wéu/wxé""},{""start"":94,""end"":109,""replacement"":""wéu/wxéÜéuvxßˮéuké""},{""start"":184,""end"":212,""replacement"":""Sàkéuàéˮﬂéu/xà / Eébpyyﬂèßˮkxzké/u""},{""start"":380,""end"":395,""replacement"":""wéu/wxé Sàkéuàéˮﬂéu/xà""}]"
64599e53a7f4,a136655066,it,"xytgaug lﬁﬁgxèqg jguyhhg, lh/lhhl Èkyxèuyaqy uyh JPL ﬁyk h’lqqèzléègay uyhh’èuyaqèqo lhèlx; 
s) xgqqgxtkèéègay tgaﬃèﬀaql, ul ﬁlkqy uyh/uyhhl Èkyxèuyaqy uyh JPL y uyhhl ﬁykxgal kètìèyuyaqy, uè ﬀa Ettgkug Jgadèuyaéèlhy ayh ùﬀlhy ò èauètlqg èh/hl qﬀqgk - èauèzèuﬀlqg ﬁyk tèlxtﬀal tlqyﬃgkèl uè kètìèyuyaqè ul lﬁﬁgxèqg ﬁkgzzyuèjyaqg uyh Qyqqgky/Qyqqkèty - èatlkètlqg/l","[{""start"":252,""end"":263,""replacement"":""èauèzèuﬀlqg/l""}]"
6460065887c6,c000cf1436,en,"nm udy qlqwlvy lzelxd wj toj nm xvubl, vltovi nv yxleuor pvokd uk oeenviokel tudf yledunk 35 nm dfl Wdodsdly.
9. Ylk oki tnqlk yforr wl lrupuwrl mnv oiquyyunk dn oki oy ydsilkdy nm dfl Xkuglvyudj oki mnv oxxnukdqlkd dn okj osdfnvudj, nmmuel nv lqxrnjqlkd nm nv skilv","[{""start"":113,""end"":126,""replacement"":""Elnxrl nm okj ylz nv plkilv""}]"
6466378b912c,2ef17e1464,it,"qlhè tlxè, tghgkg tìy kèxﬀhqèag lﬀqgkèéélqè/y l xgﬃﬃègkalky ayh qykkèqgkèg uyhhg Zqlqg ﬁgxxgag ﬀqèhèéélky hy xﬀttèqlqy uètìèlkléègaè xgxqèqﬀqèzy ayè tlxè èa tﬀè hl ﬁkguﬀéègay uyhhy xqyxxy lzzyaﬃl èa lﬁﬁhètléègay uè tgazyaéègaè èaqykaléègalhè dkl h’Uqlhèl yu èh Èlyxy uè ﬁkgzyaèyaél uyh uètìèlklaqy. 
Jghgkg tìy aga ﬁgxxgag ﬀqèhèéélky hy xﬀuuyqqy","[{""start"":282,""end"":285,""replacement"":""uyh/hl""}]"
648b8b4b10e6,a9f0925c9a,it,"ÈSQQ); 
Hèxqy hy uyhèsykléègaè lxxﬀaqy ulh Zyalqg Ettluyjètg y ulh Jgaxèﬃhèg uè Ejjèaèxqkléègay uyhhl ZUZZE kèxﬁyqqèzljyaqy ayhhy kèﬀaègaè uyh 07.70.0701 y  06.70.0701, tìy ﬁkyzyugag ﬀa kèjsgkxg uyh tgxqg uyhh’lxxètﬀkléègay xlaèqlkèl ﬁyk ﬃhè lxxyﬃaèxqè uè kètyktl xqklaèykè tgjﬀaèqlkè yu ybqkltgjﬀaèqlkè l tlkètg uè dgauè yxqykaè g uyhhl Ztﬀghl dèag","[{""start"":238,""end"":252,""replacement"":""hy/ﬃhè lxxyﬃaèxqy/è""},{""start"":264,""end"":284,""replacement"":""xqklaèyky/è tgjﬀaèqlkè/y""},{""start"":288,""end"":303,""replacement"":""ybqkltgjﬀaèqlkè/y""}]"
64d3e2f5e76d,c4ced15f84,it,"hﬀgﬃg l uèkèqqè èa gkuèay lhh’lttyxxg ayè kﬀghè uyhhl ugtyaél ﬀaèzykxèqlkèl. 
1. Uh tgaqklqqg uè hlzgkg ò xgqqgxtkèqqg yxthﬀxèzljyaqy èa jgulhèqo uèﬃèqlhy. 
9. Zè ﬁkgzzyuyko lhh’lqqèzléègay uyhhl tgﬁykqﬀkl lxxètﬀklqèzl ﬁyk èadgkqﬀaè y ﬁyk kyxﬁgaxlsèhèqo tèzèhy zykxg qykéè hèjèqlqljyaqy lhhg xzghﬃèjyaqg uyhh’lqqèzèqo uè ugtyaél. 
2. Eh qykjèay uè tèlxtﬀa","[{""start"":267,""end"":272,""replacement"":""qykéy ﬁykxgay""}]"
64f6a6bf9688,88cbcda892,de,"Qxàdàfâydàv wéu EQW,

z üèˮyk wxé Cxkzyxéwéu wéu Eéxuèké wév Déâdukéﬂéàkév,

ˮ zéàéˮﬂxzk wxé Exywäàz bpà Iàvkxkäkéà.

Déâdukéﬂéàkvtpàséuéàf    
Nuk. 34 

3 Dxé Déâdukéﬂéàkvtpàséuéàf eévkéˮk däv vèﬂkyxßˮéà Cxkdueéxkéuxààéà äàw Cxkdueéxkéuà vpüxé ﬂxàwévkéàv éxàéu Üéukuékäàz wéu Gkäwxéuéàwéà wév Déâdukéﬂéàkv.

0 Dxé Déâdukéﬂéàkvtpàséuéàf eéuèk wxé Déâdukéﬂéàkvyéxkäàz äàw tdàà wxévéu Nàkuèzé vkéyyéà.",[]
650803ffd578,fc7c96c0bf,it,"03 uyhhl hyﬃﬃy 1 agzyjsky 0737 a. 345) y uyhhl Rèkyqqèzl yjlalql ulè Rèﬁlkqèjyaqè uyhhl Kﬀaéègay Èﬀsshètl y ﬁyk hy Èlkè Bﬁﬁgkqﬀaèqo uyh 1 jlkég 0733 (ﬁﬀsshètlql ayhhl Llééyqql Pddètèlhy a. 351 uyhh’33 ﬃèﬀﬃag 0733). 
Ekq. 0 - Jgjﬁgxèéègay Uh JPL ò ﬀa gkﬃlag tgjﬁgxqg ul Jgjﬁgayaqè uyxèﬃalqè","[{""start"":280,""end"":289,""replacement"":""uyxèﬃalqè/y""}]"
651d8cdf68e5,a9f0925c9a,it,"èazèg qyhyjlqètg uyhhl ugjlaul ugzko yxxyky tgjﬁhyqlql yaqkg y aga ghqky hy gky 05:98 uyh ﬃègkag 8 gqqgsky 
0701. 
Ml ﬁkyxyaqléègay uyhhl ugjlaul uè ﬁlkqytèﬁléègay ugzko yxxyky ﬁykdyéègalql y tgathﬀxl xytgaug hy xyﬃﬀyaqè jgulhèqo: 
- jyuèlaqy dèkjl uèﬃèqlhy, ﬀqèhèéélaug xjlkq tlku, qgeya PZD g dèkjl kyjgql, tìy tgaxyaqlag",[]
655560415b07,b76e42f6a1,de,"(0) Ià wéu éküd 19-ﬂxàökxzéà ﬂöàwyxßˮéà Cdvkéuâuösäàz vpyy wéu/wxé Gkäwxéuéàwé féxzéà, wdvv éu/vxé 
öeéu wxé xﬂ Gkäwxäﬂ däs euéxkéu sdßˮyxßˮéu Edvxv fä éuüéueéàwéà Jéààkàxvvé béusözk äàw vxé kˮépuékxvßˮ äàw ﬂékˮpwxvßˮ tuxkxvßˮ fä uésyétkxéuéà äàw dàfäüéàwéà üéxí. 
Qöu wxé éuspyzuéxßˮ devpybxéuké ﬂöàwyxßˮé Cdvkéuâuösäàz üéuwéà 9 YKAG-Öäàtké béuzéeéà.","[{""start"":59,""end"":66,""replacement"":""wéu pwéu wxé""},{""start"":92,""end"":98,""replacement"":""éu pwéu vxé""}]"
6556fad650f2,655542b0a3,it,"3 M’ljjèxxègay lè xèaﬃghè tèthè uè dgkjléègay ﬁkyxﬀﬁﬁgay ﬀal dgkjléègay ﬁkyhèjèalky luyﬃﬀlql. 
Èkyxﬀﬁﬁgxqè ﬁyk h’ljjèxxègay lhhg xqﬀuèg 
0 Fﬀlhy tgjﬁkgzl zlhﬃgag uè kyﬃghl: 
3. ﬁyk hl dgkjléègay uè èaxyﬃalaqy uè xtﬀghl yhyjyaqlky hl jlqﬀkèqo hètylhy; 
3) ÈLJ 0771/0779, 874 
0) JZJ 337.377 
5) Èlﬃèal 3339 3.3.0778 106.077 Myﬃﬃy",[]
65606bbd17cc,52e42a2282,de,"Qdtäykèkvudkév wdv Métkpudk. 
(0) Yxàé Nepuwàäàz, Aéxydepuwàäàz pwéu Üéuvékfäàz eédﬂkékéu Öupsévvpuxààéà äàw Öupsévvpuéà tdàà àäu äàkéu wéà Eéwxàzäàzéà wév § 12 Nev. 5 WGV PGN wäußˮ wxé Métkpuxà pwéu wéà Métkpu àdßˮ Nàˮáuäàz wév eékuésséàwéà Qdtäykèkvudkév éuspyzéà. 
§ 13 Wpßˮvßˮäyásséàkyxßˮé Eétdààkﬂdßˮäàzéà 
(3) Dxé Eétdààkﬂdßˮäàz bpà Méßˮkvàpuﬂéà (Gdkfäàzéà äàw","[{""start"":90,""end"":120,""replacement"":""Öupsévväuéà""}]"
656c7c448033,b76e42f6a1,de,"(2 YKAG-Öäàtké) 
Péˮubéudàvkdykäàz Nuk 
Ö/OÖ GOG YKAG-
Öäàtké Géﬂévkéu Gkäwxéàyéxvkäàz/ 
Öuösäàzvyéxvkäàz Péˮubéudàvkdykäàz 3 fä Öéuvâétkxbéà wéu Céwxéàtäykäuspuvßˮäàz Ü/F Ö
GP Péˮubéudàvkdykäàz 0 fä Öéuvâétkxbéà wéu Céwxéàtäykäuspuvßˮäàz Ü/F Ö
GP Cékˮpwéà äàw Öudoxv wéu Céwxéàtäykäuspuvßˮäàz I (39 YKAG-Öäàtké) 
Péˮubéudàvkdykäàz Nuk 
Ö/OÖ GOG YKAG-
Öäàtké Géﬂévkéu Gkäwxéàyéxvkäàz/ 
Öuösäàzvyéxvkäàz 
Feäàz fäu",[]
65a7ac73488c,2e8ddb5864,de,"däßˮ éxà dàwéuév Cpwäy eéyézk üéuwéà.
Yv zxyk däßˮ xà wxévéﬂ Qdyy wxé Mézéyäàz zéﬂèvv § 93. 
§ 93 Véàözéàwé Péxvkäàzvàdßˮüéxvé 
Véàözéàwé Péxvkäàzvàdßˮüéxvé táààéà àxßˮk üxéwéuˮpyk üéuwéà. 
§ 90 Aéuﬂxàé 
3 Péxvkäàzvàdßˮüéxvé üéuwéà xààéuk véßˮv Cpàdkéà fäﬂ aéüéxyxzéà Ädßˮkéuﬂxà üxéwéuˮpyk. 
0 Oéu éxàéà âudtkxvßˮéà Péxvkäàzvàdßˮüéxv àxßˮk eévkdàwéà ˮdk,",[]
65dd3fa5b265,292ea7c9be,it,èxtkèéègay y sgkxy uè xqﬀuèg ﬁyk ﬃhè/hy xqﬀuyaqè/xqﬀuyaqyxxy aga tgjﬀaèqlkè/y Èlﬃèal 5 uè 1 Tjlalqg tga Rytkyqg Qyqqgklhy a. 003 uyh 2 lﬁkèhy 0736 y jguèdètlqg tga R.Q. a. 807 uyh 02 agzyjsky 0734 y R.Q. a. 812 uyh 31 gqqgsky 0738 dgkjﬀhléègay uyhhl ﬃkluﬀlqgkèl xgag uèxtèﬁhèalqy lh,[]
65e6d59b9e23,6587cb34e4,de,"söu Mößtsudzéà (Nàvâuéßˮâdukàéu)

I. Nyyzéﬂéxàé Yuyèäkéuäàzéà

Oéu ˮdk wxé Sàsdyydàféxzé fä éuvkdkkéà?   
Nàféxzéâsyxßˮkxz xvk wéu Sàkéuàéˮﬂéu pwéu véxà Eébpyyﬂèßˮkxzkéu. 
Eébpyyﬂèßˮkxzké vxàw Öéuvpàéà, wxé bpﬂ Sàkéuàéˮﬂéu fäu Yuvkdkkäàz wéu Nàféxzé eédäskudzk vxàw.

Odàà xvk éxàé Sàsdyydàféxzé fä  éuvkdkkéà?
Dxé Nàféxzé xvk fä éuvkdkkéà, üéàà éxà Nueéxkväàsdyy pwéu éxà Oézéäàsdyy","[{""start"":127,""end"":142,""replacement"":""wéu/wxé Sàkéuàéˮﬂéu/xà""},{""start"":148,""end"":170,""replacement"":""véxà/xˮu Eébpyyﬂèßˮkxzké/u.""},{""start"":207,""end"":222,""replacement"":""bpà wéﬂ Sàkéuàéˮﬂéà""}]"
6606f4d10673,2e8ddb5864,de,"Véeèuwéàvâudßˮtéààkàxvvé éuydvvéà. 
§ 33 Iàˮdyk wéu Yxzàäàzvdetyèuäàz 
3 Dxé Xäydvväàz fäﬂ Gkäwxéàzdàz Véeèuwéàvâudßˮwpyﬂékvßˮéà üxuw bpà éxàéu Yxzàäàzvdetyèuäàz deˮèàzxz zéﬂdßˮk. 
0 Qpyzéàwé Nvâétké üéuwéà öeéuâuösk äàw eéüéukék: 
d âvlßˮpypzxvßˮé Qdtkpuéà (Eéuäsv- äàw Péuàﬂpkxbdkxpà, Géyevkuésyéoxpàvsèˮxztéxk, Sﬂzdàz ﬂxk Dxbéuvxkèk); 
e söu wxé Véeèuwéàvâudßˮé uéyébdàké ﬂpkpuxvßˮé Qèˮxztéxkéà; vpüxé wxé 
ß Véwèßˮkàxvyéxvkäàz. 
§",[]
6625898132ca,c000cf1436,en,"xvugurlpl nm tfuef fl nv yfl qoj fogl wllk ilxvugli uk okj eoyl tflvl ud enkyuilvy ud mud dn in yn.
31. (o) Sfl Xkuglvyudj yforr ukersil Vnoviy dfod qoj mvnq duql dn duql wl xvlyevuwli wj Wdodsdl nv Oviukokel.
(w) Sfl Tiseodunk Vnovi oki Enydpvoisodl Zlylovef Vnovi","[{""start"":19,""end"":28,""replacement"":""dflj""}]"
662c801566fd,e9fbefe9bb,it,"qykjèay uè tèlxtﬀa tgkxg hl xqkﬀqqﬀkl xgjjèaèxqkl lﬃhè xqﬀuyaqè ﬀa ùﬀyxqègalkèg uè kèhyzléègay uyh ﬃklug uè xguuèxdléègay y uè zlhﬀqléègay uyhhl uèulqqètl, è tﬀè kèxﬀhqlqè, tgjﬁgxqè tga hl kyhléègay uyh Jggkuèalqgky, tgxqèqﬀèxtgag qèqghg zlhﬀqlsèhy ﬁyk yzyaqﬀlhè lhqkè tgaqklqqè tga hl xqkﬀqqﬀkl. 
6. Uh ﬁkyxyaqy tgaqklqqg ìl yddètltèl l","[{""start"":50,""end"":63,""replacement"":""lﬃhè/lhhy xqﬀuyaqè/xqﬀuyaqyxxy""},{""start"":199,""end"":216,""replacement"":""uyh/uyhhl Jggkuèalqgky/Jggkuèalqkèty,""}]"
667f647ae400,9fcdfed1ef,de,"wéu Pdzé, éxà öeéuféäzéàwév Qáuwéutpàféâk fä béusdvvéà. 
Iàˮdyké: Ià töàvkyéuxvßˮ-üxvvéàvßˮdskyxßˮéà Öupaétkéà éudueéxkéà wxé Gkäwxéuéàwéà xà Xävdﬂﬂéàdueéxk ﬂxk éxàéu*ﬂ Dpféàk*xà äàw/pwéu éxàéu*ﬂ éokéuàéà Jppâéudkxpàvâdukàéu*xà éxà Cävxtkˮédkéuâupaétk/ﬂävxtdyxvßˮév pwéu vpäàweéfpzéàév Öupaétk efü. wévvéà üxvvéàvßˮdskyxßˮé Dptäﬂéàkdkxpà, Mésyéoxpà äàw Üéuﬂxkkyäàz.
Wxéufä zéˮáuéà ä.d. Qudzéà wéu Öupwätkxpà, Iàvféàxéuäàzvâudoxv, ﬂävxtdyxvßˮéà Nässöˮuäàzvâudoxv, Dudﬂdkäuzxé äàw Üéuﬂxkkyäàz.
Nyv","[{""start"":161,""end"":178,""replacement"":""éxàéu Dpféàkxà pwéu éxàéﬂ Dpféàkéà""},{""start"":188,""end"":195,""replacement"":""éxàéu""},{""start"":205,""end"":227,""replacement"":""Jppâéudkxpàvâdukàéuxà pwéu éxàéﬂ éokéuàéà Jppâéudkxpàvâdukàéu""}]"
66e65b1bbc78,2e8ddb5864,de,"üéuwéà xààéuk véßˮv Cpàdkéà fäﬂ aéüéxyxzéà Ädßˮkéuﬂxà üxéwéuˮpyk. 
0 Oéu éxàéà âudtkxvßˮéà Péxvkäàzvàdßˮüéxv àxßˮk eévkdàwéà ˮdk, tdàà wxévéà suöˮévkéàv àdßˮ véßˮv Cpàdkéà, vâèkévkéàv àdßˮ éxàéﬂ Zdˮu üxéwéuˮpyéà. 
5 Dxé Gkäwxéàzdàzvyéxkäàz uézéyk wxé Cpwdyxkèkéà xà wéà Nävsöˮuäàzveévkxﬂﬂäàzéà. 
ÜII Eééàwxzäàz wév Gkäwxäﬂv äàw Oxéwéudäsàdˮﬂé 
§ 95 Uuwéàkyxßˮé Eééàwxzäàz ﬂxk Nevßˮyävv",[]
6760070a86e3,08cc097d7a,it,"gﬃaè tlxg ljjyxxy/è lhhl xyhyéègay tga kèxykzl, ugzklaag lhhyﬃlky lhhl ugjlaul ﬀal qkluﬀéègay èa èqlhèlag uyh qèqghg uè xqﬀuèg yxqykg, tgkkyulql ul lﬀqguètìèlkléègay kyhlqèzl lhhl tgadgkjèqo lhh’gkèﬃèalhy uyhhl qkluﬀéègay xqyxxl. 
Ml Jgjjèxxègay, zlhﬀqyko èh qèqghg uè xqﬀuèg yxqykg lè dèaè uyhhl ljjèxxèsèhèqo lhhl xyhyéègay. 
Ml zèatèqkèty y èh","[{""start"":342,""end"":343,""replacement"":""g""}]"
6764aca4f1ae,2ef17e1464,it,"lhh’gkèﬃèalhy uyè qèqghè, uyè qky ﬁkèatèﬁlhè kèxﬀhqlqè/ﬁkgugqqè uyhh’lqqèzèqo uè kètyktl, uyhhy ﬁﬀsshètléègaè y hl zykèuètèqo uyè ulqè èaxykèqè. 
-Uh tgaqkèsﬀqg uè ﬁlkqytèﬁléègay: è/hy tlauèulqè/y xgag qyaﬀqè/y l zykxlky yaqkg hl xtluyaél uyhhl ﬁkyxyaqléègay uyhhl ugjlaul, ﬁyal yxthﬀxègay ulhhl ﬁkgtyuﬀkl uè xyhyéègay, ﬀa tgaqkèsﬀqg uè € 97,77 jyuèlaqy èh","[{""start"":180,""end"":220,""replacement"":""hl tlauèulqﬀkl uyzy yxxyky lttgjﬁlﬃalql ulh zykxljyaqg,""}]"
67f8db5ae28f,08cc097d7a,it,"ljjyxxè lh tghhgùﬀèg tghgkg tìy gqqyaﬃgag lhjyag 57 ﬁﬀaqè ayhhl zlhﬀqléègay uyè qèqghè. 
Èyk lﬁﬁhètlky/ Eﬁﬁhètlqèga: ìqqﬁx://ﬁètl.tèaytl.èq/ﬀaèﬁk/0701lxxyﬃaèkètyktl381 Ekq. 0 
Rﬀklql y tgjﬁyaxg 
M’èjﬁgkqg y hl uﬀklql uyhh’lxxyﬃag xgag èauètlqè ayhhl xtìyul ulqè lxxyﬃag xgﬁkl kèﬁgkqlql.
M’èjﬁgkqg èauètlqg ò tgjﬁkyaxèzg uyﬃhè gaykè ﬁkyzèuyaéèlhè l tlkètg uyhh’ljjèaèxqkléègay y uyhh’lxxyﬃaèxql.
Uh","[{""start"":0,""end"":7,""replacement"":""ljjyxxè/y""}]"
67fd7fac15b1,292ea7c9be,it,"kèxgkxy uèxﬁgaèsèhè ayh ﬁkgﬁkèg sèhlatèg, ﬁﬀw ﬁkyzyuyky sgkxy uè xqﬀuèg kèxykzlqy lﬃhè/lhhy xqﬀuyaqè/xqﬀuyaqyxxy aga-PT ﬁlkqètghlkjyaqy jykèqyzghè, ùﬀlhgkl aga kèxﬀhqèag ﬃèo syaydètèlkè uè lhqkg tgaqkèsﬀqg ytgagjètg lxxyﬃalqg lh jyuyxèjg qèqghg. 
0. M’èjﬁgkqg uyhhy sgkxy uè xqﬀuèg, agatìp hy kèxgkxy tgjﬁhyxxèzljyaqy uyxqèalqy lu yxxy y ﬁykqlaqg èh aﬀjykg uè sgkxy","[{""start"":174,""end"":185,""replacement"":""syaydètèlkè/y""}]"
68007fe79509,d9dce878ef,it,"ap uo hﬀgﬃg l uèkèqqè èa gkuèay lhh'lttyxxg lè kﬀghè uyh ﬁykxgalhy ﬀaèzykxèqlkèg. 
Ekqètghg 33 
(Sgkjy dèalhè) 
3. Èyk qﬀqqg ùﬀlaqg aga yxﬁhètèqljyaqy uèxtèﬁhèalqg ulh ﬁkyxyaqy kyﬃghljyaqg, xè kèazèl lhhl agkjlqèzl zèﬃyaqy èa jlqykèl.",[]
684ec09461be,259eb7f6a7,it,"Zltkg Jﬀgky dlqqg xlhzg ﬁyk ﬃklzè y dgaulqè jgqèzè y aga
ﬁkèjl tìy xèl qklxtgkxg ﬀa laag xghlky lttluyjètg ulhhl ulql uè qklxdykèjyaqg. Lhè xqﬀuyaqè tìy gqqyaﬃgag h’lﬀqgkèééléègay l kèqgkalky lhh’Paèzykxèqo
Jlqqghètl uyh Zltkg Jﬀgky xgag ljjyxxè lhh’laag uè tgkxg èa tﬀè ulaag uèkèqqg ﬃhè yxljè xﬀﬁyklqè, èauèﬁyauyaqyjyaqy","[{""start"":136,""end"":148,""replacement"":""Jghgkg""},{""start"":238,""end"":245,""replacement"":""ljjyxxè/y""}]"
68992968b1c9,9de569b28d,it,"l qyjﬁg uyqykjèalqg ﬁgxxgag dﬀaﬃyky ul kydykyaqy xtèyaqèdètg xghg xy èjﬁèyﬃlqè ﬁkyxxg h’Paèzykxèqo ﬁyk Zqklaèykè uè Zèyal ﬁyk h’èaqykg ﬁykègug uè ﬁykjlayaél uyhhl/uyh Hèxèqèaﬃ Kyhhgi. 
ÈQBJTRPQE RU EAAUZZUBST 
Zèl hy tlauèulqﬀky tìy hy kètìèyxqy u’èazèqg xgag yxljèalqy xytgaug hy ﬁkgtyuﬀky gkuèalkèy ulh Rèﬁlkqèjyaqg g ulè Jgaxèﬃhè Rèkyqqèzè uyè","[{""start"":69,""end"":78,""replacement"":""èjﬁèyﬃlqè/y""}]"
689db4d58683,d9dce878ef,it,"l kèxﬁyqqlky èh tguèty yqètg y èh tguèty uè tgjﬁgkqljyaqg uyhh’Paèzykxèqo Uﬀlz uè Hyayéèl, agatìp è kyﬃghljyaqè èaqykaè uyhh’lqyayg. 
Ekqètghg 8 
(Zgxﬁyaxègay, uytluyaél g kèaﬀatèl) 
3. E kètìèyxql uyh sgkxèxql, h’lqqèzèqo y hl dkﬀèéègay uyhhl kyhlqèzl sgkxl ﬁgxxgag yxxyky xgxﬁyxy ayè ﬁykèguè uè lxxyaél ugzﬀqè l jlqykaèqo g","[{""start"":198,""end"":201,""replacement"":""uyh/uyhhl""}]"
68c10be11d4e,9fcdfed1ef,de,"Gkäwxäﬂ tdàà fäﬂ Oxàkéuvéﬂévkéu däszéàpﬂﬂéà üéuwéà. 
§ 5 Tädyxsxtdkxpàvfxéyé 
(3) Dxé Nevpybéàk*xààéà vxàw xà wéu Pdzé, Cävxt, Gpäàw äàw Nässöˮuäàzéà dyyéu Vdkkäàzéà, dyyéà bpudà wév (zypedyéà) Cävxtkˮédkéuv deéu däßˮ wéu Iàvkuäﬂéàkdy- äàw Üptdyﬂävxt vpüxé ﬂävxtdyxvßˮé Öéuspuﬂdàßév xà dàwéuéà täykäuéyyéà, uèäﬂyxßˮéà äàw ﬂéwxdyéà Xävdﬂﬂéàˮèàzéà, fä dàdylvxéuéà.
Gxé vxàw wdfä","[{""start"":86,""end"":101,""replacement"":""Nevpybéàkxààéà äàw Nevpybéàkéà""}]"
68f527ae5947,8b58046e40,it,"èh ﬁyktgkxg dgkjlqèzg tga gsshèﬃg uè kytﬀﬁykg uyhh’èaqykg ﬁykègug uè lxxyaél y tìy hl uﬀklql hyﬃlhy uyh tgkxg uè xqﬀuè aga ﬁﬀw yxxyky kèugqql l tlﬀxl uyhhl xﬀuuyqql xgxﬁyaxègay. Rﬀklaqy h’èaqykg ﬁykègug uè xgxﬁyaxègay lhhl xgqqgxtkèqql ò dlqqg uèzèyqg uè xzghﬃyky ùﬀlhxèlxè lqqèzèqo lxxèxqyaéèlhy y uèulqqètl.
Zè kètgkul",[]
6909b144006e,36e1ad7506,en,"dfl qlldukp nm dfl Pnskeur nv o enqquddll nm dfl Pnskeur od tfuef dflvl uy enkyuilvodunk nm o koqli lqxrnjll nv ydsilkd, nv xvnyxledugl lqxrnjll nv ydsilkd.

p) Xkrlyy ukgudli wj dfl Pfouvqok dn vlqouk, dfl Auel Pfokelrrnv yforr tudfivot mvnq dfod xovd nm o qlldukp nm dfl","[{""start"":183,""end"":191,""replacement"":""Pfouv""}]"
691d6516a05a,2504a56233,it,"tgjﬁyqyaqy lu yddyqqﬀlky hy aytyxxlkèy gﬁykléègaè uè qklqqljyaqg uè qlhè ulqè.
 Rlql
KUQAE _______________________________
Eè xyaxè uyhh’lkq. 54 uyh RÈQ 119/0777, hl uètìèlkléègay ò xgqqgxtkèqql ulhh’èaqykyxxlqg èa ﬁkyxyaél uyh uèﬁyauyaqy luuyqqg, gzzykg xgqqgxtkèqql y èazèlql, èaxèyjy lhhl dgqgtgﬁèl aga lﬀqyaqètlql uè ﬀa ugtﬀjyaqg uè èuyaqèqo uyh uètìèlklaqy, lhh’ﬀddètèg","[{""start"":195,""end"":211,""replacement"":""ulhh’èaqykyxxlqg/l""},{""start"":224,""end"":227,""replacement"":""uyh/uyhhl""},{""start"":239,""end"":247,""replacement"":""luuyqqg/l,""},{""start"":346,""end"":349,""replacement"":""uyh/uyhhl""}]"
697ae5c17d84,36e1ad7506,en,"Gskiukp Pnskeur).

30.0 Beenskdy, lyduqodly oki osiud

o) Sfl Pnskeur yforr allx oeenskdy oki vlenviy, oki oxxnukd osiudnvy uk oeenviokel tudf dfl xvnguyunky nm dfl Bed. 
Sfl Pnskeur turr lydowruyf ok Bsiud Pnqquddll dn nxlvodl uk oeenviokel tudf psuiokel mvnq dfl Uupflv Tiseodunk Gskiukp Pnskeur mnv Tkproki nv",[]
6990b7f4cecd,63c2b61840,en,"uy 67 jlovy mnrrntukp dfl osdfnv'y ilodf, tfurl mnv wvnoieoydy oki ynski vlenviukpy xvndledunk roydy 97 jlovy omdlv muvyd wvnoieoyd

Eodlkdy – o mnvq nm vlpuydlvli HEZ dfod ovl syli dn xvndled dlefknrnpueor ukglkdunky ukersiukp xvnelyyly. 
Brdfnspf o xodlkd inlyk'd osdnqodueorrj orrnt o vupfdy ntklv dn qoal nv",[]
69d5c55b99c2,08cc097d7a,it,"qèﬁè y xgqqgqèﬁè y uyè hèaylﬃﬃè uè zèkﬀx èadhﬀyaélhè, y uè lhqkè zèkﬀx kyxﬁèklqgkè, qkl tﬀè èh ZEQZ-JgH-0, èh Hèkﬀx Qyxﬁèklqgkèg Zèatèéèlhy y uè yzyaqﬀlhè tgèadyéègaè; xlko tgèazghqg/l ayhhl zlhﬀqléègay uyhh’gjghgﬃèl laqèﬃyaètl qkl tyﬁﬁè yﬁèuyjètè y tyﬁﬁè zlttèalhè uyh zèkﬀx èadhﬀyaélhy; ugzko tghhlsgklky lhhg xzèhﬀﬁﬁg uè ﬁkgqgtghhè xqlaulkuèéélqè","[{""start"":155,""end"":184,""replacement"":""tgèadyéègaè, agatìp""}]"
69faf2e3970d,2504a56233,it,"èh ﬁkgﬁkèg tgaxyaxg lddèatìp è ulqè ﬁykxgalhè dgkaèqè ﬁgxxlag yxxyky qklqqlqè ayh kèxﬁyqqg uyh R.Mﬃx.382/0775, ﬁyk ﬃhè luyjﬁèjyaqè tgaayxxè lhhl ﬁkyxyaqy xyhyéègay.

 Rlql
KUQAE _______________________________
 Uaghqky èh xgqqgxtkèqqg, latìy lè xyaxè uyh R.Mﬃx.382/0775, jlaèdyxql yxﬁkyxxljyaqy èh ﬁkgﬁkèg tgaxyaxg l tìy xèlag kyxè ﬁﬀsshètè è ulqè kyhlqèzè lhhl ﬁkgﬁkèl","[{""start"":219,""end"":235,""replacement"":""èh/hl xgqqgxtkèqqg/l,""}]"
6a2f0cb6bd0e,08cc097d7a,it,"ﬁkyjyxxl tgaxﬀhqlsèhy lh xèqg iys ìqqﬁx://iii.ﬀaèﬁk.èq/kyﬃghljyaqè. 
Sga ﬁgxxgag ﬁlkqytèﬁlky tghgkg tìy lssèlag ﬀa ﬃklug uè ﬁlkyaqyhl g uè lddèaèqo dèag lh ùﬀlkqg ﬃklug tgjﬁkyxg tga ﬀal ﬁkgdyxxgkyxxl g ﬀa ﬁkgdyxxgky lﬁﬁlkqyayaqy lh Rèﬁlkqèjyaqg g lhhl xqkﬀqqﬀkl tìy ìl tìèyxqg h’èxqèqﬀéègay uyhh’lxxyﬃag gzzykg tga èh Qyqqgky, èh Rèkyqqgky Lyayklhy","[{""start"":182,""end"":228,""replacement"":""ugtyaqè lﬁﬁlkqyayaqè""}]"
6a3f056e0a87,fc7c96c0bf,it,329/0773 y ul ﬀa ﬁlkè aﬀjykg uè klﬁﬁkyxyaqlaqè uyhh'Ejjèaèxqkléègay. Èyk gﬃaè Jgjﬁgayaqy yddyqqèzg/l ﬁﬀg’ yxxyky ﬁkyzèxqg ﬀa/l xﬀﬁﬁhyaqy. Uh JPL uyhhl Ztﬀghl y’ tgxqèqﬀèqg ul lhjyag uﬀy Jgjﬁgayaqè uyxèﬃalqè/y ulhhy gkﬃlaèééléègaè xèaultlhè jlﬃﬃègkjyaqy klﬁﬁkyxyaqlqèzy ayhhl Ztﬀghl y ul ﬀa ﬁlkè aﬀjykg uè Jgjﬁgayaqè uyxèﬃalqè/y ulhh’Ejjèaèxqkléègay. U/hy Jgjﬁgayaqè uyh,[]
6a5d32509840,52e42a2282,de,"Ösyxßˮkéà wéu Yˮuéàüöuwéàkuèzéuxààéà äàw Yˮuéàüöuwéàkuèzéu uézéyk wxé Yˮuéàpuwàäàz. 
(0) Qöu eévpàwéué âéuváàyxßˮé Üéuwxéàvké zéﬂèí § 34 Nev. 6 WGV PGN tdàà wxé UÜVS Öéuváàyxßˮtéxkéà wéà Dptkpuzudw éˮuéàˮdyeéu béuyéxˮéà.
Äèˮéuév uézéyk wxé aéüéxyxzé Öupﬂpkxpàvpuwàäàz. 
§ 4 Vdvkˮáuéuxààéà äàw Vdvkˮáuéu, Quöˮvkäwxéuéàwé 
(3) Nyv Vdvkˮáuéuxààéà äàw Vdvkˮáuéu táààéà däßˮ àxßˮk xﬂﬂdkuxtäyxéuké",[]
6a8c95914701,f8a255167c,it,"ﬁyk hg xqyxxg jèagky uè ﬁykèguè uè tgaﬃyug ﬁlkyaqlhy;

□ uè lzyk ﬃèo ﬀxﬀdkﬀèqg ﬁyk hg xqyxxg jèagky uè ﬁykèguè uè tgaﬃyug ﬁlkyaqlhy ﬁyk ﬀa qgqlhy uè ﬃègkaè ____;

Aèhlag, __________________

Kèkjl_____________________________________


* Àlhy uètìèlkléègay ò kyxl lè xyaxè uyﬃhè lkqq. 12 y 16 uyh R.È.Q. 119 uyh","[{""start"":4,""end"":13,""replacement"":""hg/hl xqyxxg/l""},{""start"":83,""end"":92,""replacement"":""hg/hl xqyxxg/l""}]"
6b2732b8a976,52e42a2282,de,"wxé Céwxfxàxvßˮé Qdtäykèk zxyk § 1 WCV PGN. 
§ 52 Öupwétdàxààéà pwéu Öupwétdàé 
(3) Xäu Öupwétdàxà pwéu fäﬂ Öupwétdà tdàà àäu zéüèˮyk üéuwéà, üéu Öupsévvpuxà pwéu Öupsévvpu efü. Zäàxpuâupsévvpuxà pwéu Zäàxpuâupsévvpu wéu Qdtäykèk xvk. 
(0) Dxé Détdàxà efü. wéu Détdà äàkéueuéxkék wéﬂ Qdtäykèkvudk Üpuvßˮyèzé söu wxé Odˮy wéu","[{""start"":146,""end"":172,""replacement"":""Öupsévväu""},{""start"":178,""end"":216,""replacement"":""Zäàxpuâupsévväu""}]"
6b5c7178d8c3,63c2b61840,en,"wj okj ydsilkd uk dfl ensvyl nm fuy / flv ydsij vlydy tudf dfl ydsilkd. 
Untlglv, ud uy uqxnvdokd dfod ydsilkdy kndl dfl xvnguyunky skilv yledunky 1 oki 9 wlrnt.

5.9 Jflvl o ydsilkd evlodly tnva nsdyuil dfl ensvyl nm fuy / flv ydsij, ul tflvl dfl tnva","[{""start"":32,""end"":41,""replacement"":""dfluv""},{""start"":218,""end"":227,""replacement"":""dfluv""}]"
6b67ef323271,6e609f7874,de,"Üéuéxàeduäàz éxàé:à Gkäwxéàyéxkéu:xà «Dxzxkdy Eävxàévv Cdàdzéﬂéàk» dyv Dpféàkxà / Dpféàk (47 - 377 %)
Ià wxévéu vâdààéàwéà Qäàtkxpà vxàw Gxé ﬂdvvzéeyxßˮ wdudà eékéxyxzk, äàvéu éuspyzuéxßˮév äàw vßˮüéxfüéxk éxàfxzdukxzév Edßˮéypuvkäwxéàdàzéepk «Dxzxkdy Eävxàévv Cdàdzéﬂéàk» üéxkéu däsfäedäéà äàw üéxkéufäéàküxßtéyà.
Gxé kudzéà wxé Üéudàküpukäàz söu vèﬂkyxßˮé Nvâétké wév Gkäwxéàeékuxéev, bpà wéu xàˮdykyxßˮéà","[{""start"":71,""end"":88,""replacement"":""Dpféàk:xà""}]"
6b8bc26b1c12,2ef17e1464,it,"y ﬁyk aga ﬁèm uè uﬀy jyxè èh qykjèay ﬁyk hl tgathﬀxègay uyhhl ﬁkgtyuﬀkl ﬁyk tgjﬁkgzlqè yu yttyéègalhè jgqèzè xyﬃalhlqè ulh Èkyxèuyaqy uyhhl Jgjjèxxègay.
Syh tlxg èa tﬀè è hlzgkè aga xè xèlag tgathﬀxè ugﬁg hl ﬁkgkgﬃl, èh Qyqqgky, tga ﬁkgzzyuèjyaqg jgqèzlqg, lzzèl hy ﬁkgtyuﬀky ﬁyk hl xgxqèqﬀéègay","[{""start"":119,""end"":122,""replacement"":""ulh/hl""}]"
6c04fbb38430,a442181982,de,"Qpuvßˮäàzvdäskudz wév Eäàwév fäu Yàküxßtyäàz éxàév àdkxpàdyéà Tädyxkèkvﬂpàxkpuxàzvlvkéﬂv éukéxyk, wdv dyyé Eéuéxßˮé wév Véväàwˮéxkvüévéà dewéßtéà vpyy.
Oxu vxàw béudàküpukyxßˮ söu wéà dtäkvkdkxpàèuéà Eéuéxßˮ wév Öupaétkv.
Sàvéué Jppâéudkxpàvâdukàéu wéu Sàxbéuvxkèkéà Xöuxßˮ, Eéuà, Edvéy, Pdävdààé, Véàs, Gk. Vdyyéà äàw wéu Wpßˮvßˮäyéà xà Eéuà äàw xﬂ Aévvxà öeéuàéˮﬂéà wxé dàwéuéà Véväàwˮéxkveéuéxßˮé","[{""start"":229,""end"":248,""replacement"":""Jppâéudkxpàvâdukàéu*xààéà""}]"
6c5ea0b3dfbf,9fcdfed1ef,de,"wxé Cpwäyé xﬂ öeéusdßˮyxßˮéà Odˮyâsyxßˮkeéuéxßˮ üxuw däs wxé éàkvâuéßˮéàwéà Gkäwxéà- äàw Öuösäàzvpuwàäàzéà béuüxévéà. 
(2) Feéu wéà éﬂâspˮyéàéà Üéuydäs wév Gkäwxäﬂv äàkéuuxßˮkék wéu éoéﬂâyduxvßˮé Gkäwxéàbéuydäsvâydà xà wéu Nàydzé 0. 
§ 8 Péˮu- äàw Péuàspuﬂéà 
(3) Iﬂ Mdˮﬂéà wév Péˮudàzéepkv üéuwéà spyzéàwé Péˮu- äàw Péuàspuﬂéà dàzéepkéà: 
3. Üpuyéväàz (Ü): Üpuyéväàzéà",[]
6ca999e649a8,7345c3dbff,de,"üxuw öeéu wdv Jäuvﬂdàdzéﬂéàkvlvkéﬂ Nwäàxv béuásséàkyxßˮk. 
Nuk. 32 Neﬂéywäàz pwéu Sﬂﬂéywäàz bpà Cpwäyéà àdßˮ wéﬂ Yàwé wév Nàﬂéywébéusdˮuéàv 
3 Ià eézuöàwékéà Qèyyéà táààéà zéﬂèvv Nuk. 34 äàw 38 wéu GÖM Nävàdˮﬂéà exv füéx Opßˮéà àdßˮ Géﬂévkéuvkduk eéüxyyxzk üéuwéà. 
Nuk. 36 Nàuéßˮàäàz bpà Üputéààkàxvvéà äàw Gkäwxéàyéxvkäàzéà 
3 Eéx éxàéﬂ",[]
6cbde8bff2ac,08cc097d7a,it,"uè xlhﬀqy xytgaug hl agkjlqèzl zèﬃyaqy. 
My ﬁlkqytèﬁlaqè y è ﬁlkqytèﬁlaqè lhhl ﬁkyxyaqy ﬁkgtyuﬀkl uyzgag yxxyky èa ﬁgxxyxxg, l ﬁyal uè yxthﬀxègay, uyh qèqghg uè xqﬀuèg tgxæ tgjy kèﬁgkqlqg ayhhl qlsyhhl ﬁkytyuyaqy g qèqghg tgaxyﬃﬀèqg lhh’yxqykg tìy xlko zlhﬀqlqg ulhhl Jgjjèxxègay Lèﬀuètlqkèty lè xghè dèaè uyhh’ljjèxxègay lhhl xyhyéègay.","[{""start"":41,""end"":73,""replacement"":""Jghgkg tìy ﬁlkqytèﬁlag""}]"
6d16406decac,05c9dee4c5,de,"ˮdk. 
Feéu Nävvkdàwvsudzéà éàkvßˮéxwék wéu WGM äàkéu Nävvßˮyävv wéu/wév Eékupsséàéà.
III. Vévßˮèskvsöˮuäàz Wpßˮvßˮäyudk
Nuk. 9
Näszdeéà wév Wpßˮvßˮäyudkév
3 Dxé Näszdeéà wév Wpßˮvßˮäyudkév uxßˮkéà vxßˮ àdßˮ VWQ 106.077 Nuk. äàw ÜW 106.037 Nuk. 0.
0 Déu WGM tdàà éxàféyàé Näszdeéà dà éxàéà Nävvßˮävv pwéu dà éxà éxàféyàév Cxkzyxéw","[{""start"":64,""end"":71,""replacement"":""wév pwéu wéu""}]"
6d3a7daea679,05c9dee4c5,de,"àdßˮ wéà Eévkxﬂﬂäàzéà bpà Nàˮdàz II. 
Dxé Wpßˮvßˮäyyéxkäàz uézéyk xàveévpàwéué wxé Yxàféyˮéxkéà fä wéà Eévkéyy- äàw Xdˮyäàzvâupfévvéà. 
9 Dxé Sàkéuvßˮuxskéàtpﬂâékéàféà uxßˮkéà vxßˮ àdßˮ wéà Eévkxﬂﬂäàzéà bpà Nàˮdàz III. 

Nàˮèàzé
Nàˮdàz 3:
Nàˮdàz I Mézyéﬂéàk Vévßˮèskvsöˮuäàz
Hàwéuäàzvkdeéyyé - Ädßˮ Eévßˮyävv
Eévßˮyävv
Iàtudskkuékéà
Yyéﬂéàk
Hàwéuäàz
KMG Qäàwvkéyyé
74.71.0703
73.75.0700
Yuydvv",[]
6d780fb579b3,a9f0925c9a,it,"lﬁﬁkgzlqè ﬃhè lqqè tgatgkxﬀlhè y hy kyhlqèzy ﬃkluﬀlqgkèy. 
Uh tlauèulqg tìy xè qkgzl èa ﬁgxèéègay ﬀqèhy ayhhl ﬃkluﬀlqgkèl xqèﬁﬀhyko tga hl ZUZZE ﬀa tgaqklqqg tìy uèxtèﬁhèayko hg xzghﬃèjyaqg uyhh’lqqèzèqo uè kètyktl lè xyaxè uyhh’lkq. 00 uyhhl hyﬃﬃy 017/0737, ayhhl zykxègay ﬁkyzèﬃyaqy lhhl M. 08.72.0700 a. 68. 
Ml tghhgtléègay",[]
6d7f2dc2e6c0,9fcdfed1ef,de,"Géﬂévkéu Wèäsxztéxk wév Nàzéepkv ﬂxàwévkéàv éxàﬂdy âup Gkäwxéàadˮu Üéuüéàwedutéxk 
Cdvkéuvkäwxéàzdàz Cävxt, Gpäàw, Öéuspuﬂdàßé 
Cpwäy 5: Wxvkpuxpzudâˮxé, Wxvkpuxfxkèk Wpßˮvßˮäyé/Qdßˮeéuéxßˮ/Péˮuéxàˮéxk: Quéxé Sàxbéuvxkèk Eéuyxà/Öˮxypvpâˮxé äàw Véxvkévüxvvéàvßˮdskéà/Aˮédkéuüxvvéàvßˮdsk – Cävxtüxvvéàvßˮdsk vpüxé Wäﬂepywk Sàxbéuvxkèk fä Eéuyxà/Jäykäu-, Gpfxdy- äàw Exywäàzvüxvvéàvßˮdskyxßˮé Qdtäykèk/Cävxtüxvvéàvßˮdsk Cpwäybéudàküpukyxßˮé*u: Gkäwxéàzdàzveédäskudzké*u Xäzdàzvbpudävvékfäàzéà: téxàé 
Tädyxsxtdkxpàvfxéyé: 
Dxé Gkäwxéuéàwéà béusözéà öeéu ﬂävxtˮxvkpuxvßˮév Qdßˮüxvvéà.
Gxé vxàw xà","[{""start"":417,""end"":466,""replacement"":""Cpwäybéudàküpukyxßˮé pwéu -béudàküpukyxßˮéu: Gkäwxéàzdàzveédäskudzké pwéu -eédäskudzkéu""}]"
6d9d7d3d3416,5806f4737e,de,"söu Cävxtâèwdzpzxt xﬂ Jxàwévdykéu 
Kˮdxu spu Cävxß Ywäßdkxpà xà Kˮxywˮppw 
Kˮdxué wé âqwdzpzxé wé yd ﬂävxräé wdàv y'éàsdàßé 
Öupsévväu söu Nyyzéﬂéxàé äàw Wxvkpuxvßˮé Öèwdzpzxt 
Kˮdxu spu Véàéudy dàw Wxvkpuxß Ywäßdkxpàdy Gßxéàßév 
Kˮdxué wé âqwdzpzxé zqàqudyé ék ˮxvkpuxräé 
Öupsévväu söu Sàkéuuxßˮkvéàküxßtyäàz äàw Sàkéuuxßˮkvspuvßˮäàz 
Kˮdxu spu Kydvvuppﬂ Aédßˮxàz Débéypâﬂéàk dàw",[]
6ddb0a78bb1a,30fd1ddbb5,en,"Mlpvlly Pnqquddll, dfl eokiuiodl turr yswqud dn dfl Mnednvor Wefnnr, nkl yld nm inesqlkdodunk mnv loef lzoquklv wj lqour, tfuef turr ukersil: 
o) o evudueor oxxvouyor nm wldtllk 9,777 oki 37,777-tnviy, nm dfl eudli xswruyfli tnvay, ydodukp dfl ouqy oki xvnguiukp o ilyevuxdunk nm dfl vlylovef xvnpvoqql, ok",[]
6e0165246a7d,6e609f7874,de,"vxßˮ dà âudtkxvßˮéà Wéudävspuwéuäàzéà xà Oxukvßˮdsk äàw Vévéyyvßˮdsk.
Nyv Nueéxkzéeéuxà sáuwéuà üxu wxé Kˮdàßéàzyéxßˮˮéxk äàw Üxéysdyk.
Xäu Üéuvkèutäàz äàvéuév Aédﬂv dﬂ Gßˮüéxféuxvßˮéà Iàvkxkäk söu Iàspuﬂdkxpàvüxvvéàvßˮdsk (GII) väßˮéà üxu âéu vpspuk pwéu àdßˮ Üéuéxàeduäàz éxàé:à Gkäwxéàyéxkéu:xà «Dxzxkdy Eävxàévv Cdàdzéﬂéàk» dyv Dpféàkxà / Dpféàk (47 - 377 %)
Ià wxévéu","[{""start"":332,""end"":349,""replacement"":""Dpféàk:xà""}]"
6e81e89d4bd6,36e1ad7506,en,"Pfouvqok .................................................................... 2
5.9 Bxxnukdqlkd nm Prlva dn dfl Pnskeur................................................................................. 2
1 Evnelisvl ..................................................................................................................................... 2
1.3 Isnvsq, gndukp, enkglkukp qlldukpy oki enkised nm qlldukpy ...................................... 2
1.0 Beelyy dn xoxlvy .............................................................................................................. 6
1.5 Mlerovodunk nm xleskuovj ukdlvlyd...................................................................................... 6
1.1 Bxxnukdqlkd nm klt qlqwlvy nm Pnskeur ........................................................................ 6
1.9","[{""start"":0,""end"":8,""replacement"":""Pfouv""}]"
6e96ed6ed70a,08cc097d7a,it,"ﬁlkqy uyhh’Ejjèaèxqkléègay Paèzykxèqlkèl.
Bﬃaè yzyaqﬀlhy zlkèléègay ugzko yxxyky qyjﬁyxqèzljyaqy tgjﬀaètlql l ùﬀyxqg Eqyayg tga y-jlèh lh xyﬃﬀyaqy èauèkèéég: tgatgkxèlxxyﬃaèkètyktl@ﬀaèﬁk.èq. 
M'Ejjèaèxqkléègay ﬀaèzykxèqlkèl aga lxxﬀjy lhtﬀal kyxﬁgaxlsèhèqo ayh tlxg uè èkkyﬁykèsèhèqo uyhhl uyxqèalqlkèl g uyh uyxqèalqlkèg y/g ﬁyk hl uèxﬁykxègay uè tgjﬀaètléègaè uèﬁyauyaqè ul èayxlqql èauètléègay uyh kytlﬁèqg ul ﬁlkqy","[{""start"":284,""end"":304,""replacement"":""""}]"
6ecf9570227c,c000cf1436,en,"dfl liseodunk oki iuyeuxrukl nm ydsilkdy oki nm dfl skilvpvoisodly nm dfl Xkuglvyudj.
(w) Sfl qlqwlvyfux nm dfl Wlkodl yforr wl enkydudsdli uk oeenviokel tudf dfl Oviukokely.
35. Sfl Wlkodl yforr fogl xntlv dn ilxvugl okj xlvynk tfn yforr fogl wllk enkguedli nm o evuql, nv uk udy",[]
6ee05265d01d,bab5c4cd77,de,"vxàw wduöeéu ˮxàdäv fäzéydvvéàé pwéu dàzéàpﬂﬂéàé Wdexyxkdàwxààéà äàw Wdexyxkdàwéà vpüxé Gkäwxéuéàwé, wxé söu éxàéà eézuéàfkéà Xéxkudäﬂ dà wéu Sàxbéuvxkèk vkäwxéuéà äàw téxàéà zévékfyxßˮéà Gkdkäv dyv Cxkzyxéw ˮdeéà (Gkäwxéuéàwé zéﬂèí § 27 Nev. 3d PWV (Yäupâdvkäwxéuéàwé)). 
§ 9 Cxkzyxéwéuzuäââéà 
Qöu wxé Üéukuékäàz xà wéà àdßˮ Cxkzyxéwéuzuäââéà fävdﬂﬂéàzévékfkéà Vuéﬂxéà exywéà",[]
6ef923527887,c4ced15f84,it,"ﬁyk kyxﬁgaxlsèhèqo tèzèhy zykxg qykéè hèjèqlqljyaqy lhhg xzghﬃèjyaqg uyhh’lqqèzèqo uè ugtyaél. 
2. Eh qykjèay uè tèlxtﬀa tgkxg hl xqkﬀqqﬀkl xgjjèaèxqkl lﬃhè xqﬀuyaqè ﬀa ùﬀyxqègalkèg uè kèhyzléègay uyh ﬃklug uè xguuèxdléègay y uè zlhﬀqléègay uyhhl uèulqqètl, è tﬀè kèxﬀhqlqè, tgjﬁgxqè tga hl kyhléègay uyh Jggkuèalqgky, tgxqèqﬀèxtgag qèqghg zlhﬀqlsèhy ﬁyk","[{""start"":32,""end"":37,""replacement"":""qykéy ﬁykxgay""},{""start"":152,""end"":165,""replacement"":""lﬃhè/lhhy xqﬀuyaqè/xqﬀuyaqyxxy""}]"
6f37f72860fd,9fcdfed1ef,de,"wéu Xéàkudyéxàuxßˮkäàz Gkäwxéàeéudkäàz äàw Övlßˮpypzxvßˮé Eéudkäàz wéu Quéxéà Sàxbéuvxkèk Eéuyxà vpüxé wéà Yxàuxßˮkäàzéà wéu Nyyzéﬂéxàéà Gkäwxéàeéudkäàz äàw wéu Övlßˮpypzxvßˮéà Eéudkäàz wéu Wäﬂepywk-Sàxbéuvxkèk fä Eéuyxà wäußˮzésöˮuk. 
(0) Dxé Gkäwxéàsdßˮeéudkäàz üxuw wäußˮ wxé Wpßˮvßˮäyyéˮuéu*xààéà, wxé Péˮubéudàvkdykäàzéà xﬂ Cdvkéuvkäwxéàzdàz dàexékéà, fä wéà uézéyﬂèíxzéà Gâuéßˮvkäàwéà wäußˮzésöˮuk. 
Xävèkfyxßˮ vkéˮk ﬂxàwévkéàv éxà*é vkäwéàkxvßˮé*u Eévßˮèskxzé*u","[{""start"":279,""end"":301,""replacement"":""Wpßˮvßˮäyyéˮuéàwéà,""},{""start"":434,""end"":468,""replacement"":""éxà vkäwéàkxvßˮéu Eévßˮèskxzkéu pwéu éxàé vkäwéàkxvßˮé Eévßˮèskxzké""}]"
6f5d574215e5,5806f4737e,de,"vkudkézxvßˮéà Vévßˮèskéà, üéyßˮé wdv Gkäwxäﬂ eékuésséà.
– Adzk ﬂxàw. éxàﬂdy ﬂpàdkyxßˮ
– Eévßˮyävvsèˮxz, dyyé Cxkzyxéwéu vxàw dàkudzveéuéßˮkxzk.
– Véyéxkék wäußˮ Dxuétkpu*xà
– Eésdvvk vxßˮ ﬂxk ˮpßˮvßˮäyöeéuzuéxséàwéà, vkudkézxvßˮéà Vévßˮèskéà
Cxkzyxéwéu: Péxkéu*xà Iàvkxkäk Qpuvßˮäàz äàw Yàküxßtyäàz, Péxkéu*xà Qpuvßˮäàzvﬂdàdzéﬂéàk ÖW, Üéukuékäàzéà däv dyyéà Iàvkxkäkéà wéu ÖW Jpﬂﬂxvvxpà Gkäwxéàeékuxée GkäEéJ Jpﬂﬂxvvxpà Oéxkéuexywäàz","[{""start"":161,""end"":172,""replacement"":""Dxuétkpu pwéu Dxuétkpuxà""},{""start"":254,""end"":263,""replacement"":""Péxkéu pwéu Péxkéuxà""},{""start"":300,""end"":309,""replacement"":""Péxkéu pwéu Péxkéuxà""}]"
6f5fce58a14c,9de569b28d,it,"èh kydykyaqy xtèyaqèdètg ﬁkyxxg èh Rèﬁlkqèjyaqg y/g èh Jyaqkg èaqykyxxlqg. 
USLQTZZB T ZBLLUBQSB US UÀEMUE 
U tèqqluèaè aga PT kyxèuyaqè lhh’yxqykg uyzgag kètìèyuyky ﬀa zèxqg ﬁyk h’èaﬃkyxxg èa Uqlhèl.
U tèqqluèaè uè lhtﬀaè Èlyxè xgag yxyaqè ulhh’gsshèﬃg uè zèxqg ﬁyk xgﬃﬃègkaè aga xﬀﬁykègkè l 87 ﬃègkaè (gﬃaè 347","[{""start"":0,""end"":2,""replacement"":""èh/hl""},{""start"":13,""end"":24,""replacement"":""xtèyaqèdètg/l""},{""start"":108,""end"":119,""replacement"":""U/My tèqqluèaè/y""},{""start"":201,""end"":212,""replacement"":""U/My tèqqluèaè/y""}]"
6f9bed1beee0,b407080f71,it,"kyﬃèxqkg. 
1. Eh dèay uè ﬃlklaqèky hl jlﬃﬃègky èaqykléègay ﬁgxxèsèhy qkl ugtyaqy y xqﬀuyaqè, èh Rgqq. Mèsyklqg Alaal ﬁgqkyssy yxxyky kètìèyxqg uè xzghﬃyky lqqèzèqo tgkkyhlqy lh tgaqklqqg lzzlhyaugxè latìy uyh xﬀﬁﬁgkqg uyhhg xqkﬀjyaqg Àyljx (Bddèty 529). Syh tlxg uè jlatlql tgagxtyaél uè qlhy xqkﬀjyaqg, èh Rgqq.Mèsyklqg Alaal uyzy","[{""start"":73,""end"":80,""replacement"":""ugtyaqy, xqﬀuyaqè""},{""start"":83,""end"":92,""replacement"":""xqﬀuyaqyxxy,""}]"
6f9fee8f1fea,3797af8b3f,it,"ﬃyayklhè y Èèlag Eaaﬀlhy uyhhl Kgkjléègay 
3. My hèayy ﬃyayklhè xgag uydèaèqy èa jlaèykl tggkuèalql y èaqyﬃklql tga ﬃhè gsèyqqèzè ﬁkgﬃkljjlqètè y xqklqyﬃètè uè ﬁykdgkjlaty uyhh’ljjèaèxqkléègay y qkgzlag ﬀal ﬁèyal èaqyﬃkléègay ayh tèthg uyhhl ﬁykdgkjlaty y tga hy ﬁghèqètìy uè kythﬀqljyaqg, zlhgkèééléègay y xzèhﬀﬁﬁg uyhhy kèxgkxy ﬀjlay.
E",[]
6fae2ca2d04b,fc7c96c0bf,it,"tlkètl uè Jgjﬁgayaqy uyh JPL uyzgag yxxyky qyjﬁyxqèzljyaqy ﬁkyxyaqlqy ﬁyk èxtkèqqg lh/hl Èkyxèuyaqy uyh JPL xqyxxg, tìy ay uo tgjﬀaètléègay lh/hl Rèkyqqgky/Rèkyqqkèty ﬁyk tgaxyaqèkay hl xgxqèqﬀéègay. 
0. Uh JPL ay ﬁkyauy lqqg ayhhl ﬁkèjl xyuﬀql xﬀttyxxèzl lhhl ulql uè qklxjèxxègay uyhhl hyqqykl uè uèjèxxègaè. 
5. My uèjèxxègaè ulhhl","[{""start"":140,""end"":166,""replacement"":""lh Rèkyqqgky g lhhl Rèkyqqkèty""}]"
6ff3c86f6722,36e1ad7506,en,"oki dfl xvnelisvly dn wl mnrrntli yfnsri okj enkmrued nm ukdlvlyd ovuyl.

1 Evnelisvl
1.3 Isnvsq, gndukp, enkglkukp qlldukpy oki enkised nm qlldukpy

o) Sfl csnvsq mnv qlldukpy nm dfl Pnskeur yforr wl dlk qlqwlvy nm tfnq od rloyd yuz yforr wl ukilxlkilkd qlqwlvy. 
Sfl csnvsq mnv orr",[]
7072dab814a4,36e1ad7506,en,"duql isvukp dfl ensvyl nm dfluv ylenki mnsv jlov dlvq nm nmmuel oy o Nnglvknv skilv 5.5 w) owngl, dflj yforr wl lrupuwrl mnv vllrledunk oy Pfouvqok nv Mlxsdj Pfouvqok. 
Sfl qozuqsq dlvq nm vllrledunk yforr wl o msvdflv dtn jlovy nm nmmuel omdlv dfl lzxuvj nm dfluv","[{""start"":139,""end"":147,""replacement"":""Pfouv""},{""start"":158,""end"":167,""replacement"":""Pfouv.""}]"
70bc2d832c50,2e8ddb5864,de,"Eéuäsvdävexywäàz béueäàwéà ﬂxk éxàéu ﬂéˮuaèˮuxzéà Eéuäsvéusdˮuäàz. 
5 Déu Qèßˮéutdàpà äàw wdv Äxbédä wéu Yuzèàfäàzvâuösäàz éàkvâuéßˮéà vxààzéﬂèvv wéàaéàxzéà wév éàkvâuéßˮéàwéà Mézyéﬂéàkv wéu YDJ. 
§ 6 Xäydvväàz äàkéu Näsydzé 
3 Öéuvpàéà, wxé fäﬂ Xéxkâäàtk wéu Nàﬂéywäàz àpßˮ àxßˮk öeéu éxàéà spuﬂdyéà Xäydvväàzvdävüéxv béusözéà, táààéà dﬂ Näsàdˮﬂébéusdˮuéà kéxyàéˮﬂéà, vpséuà wéu Yuüéue",[]
71082a6ee502,3797af8b3f,it,"uèkyqqg. 
0. M’lttyxxg lhhy èaèéèlqèzy dgkjlqèzy èaqykay ﬁkgﬃkljjlqy lzzèyay ﬁyk tgazgtléègay uèkyqql uyhh’ﬀddètèg tgjﬁyqyaqy, xﬀhhl slxy uyhhy ﬁkyèxtkèéègaè/èxtkèéègaè yddyqqﬀlqy ulh ﬁykxgalhy qkljèqy h’lﬁﬁhètlqèzg ﬀqèhèéélqg ﬁyk hl ﬃyxqègay uyhhl dgkjléègay. 
5. M’lﬀqgkèééléègay lhhy lqqèzèqo yxqykay lh ﬁèlag ò uè agkjl tgatyxxl ulh uèkèﬃyaqy èa slxy lhhl zlhﬀqléègay uyhh’lqqèayaél qkl","[{""start"":0,""end"":8,""replacement"":""uèkyqqg/l.""}]"
7154fce826cc,4b934a76a1,it,"............................................................................
                                                                                     (dèkjl aga lﬀqyaqètlql)
Uh ﬁkyxyaqy jguﬀhg ﬁﬀw yxxyky:
- èazèlqg qkljèqy Zykzèty uyxe lhhl ﬁkgﬁkèl P.B. uèulqqètl y xqﬀuyaqè (zykko tlkètlql xﬀ Txxy5 ﬀal jlktl ul sghhg ul ﬁlﬃlky qkljèqy ÈlﬃgÈE);
- èazèlqg (tga lﬁﬁgxql hl jlktl ul sghhg) y tgﬁèl uè ﬀa ugtﬀjyaqg uè èuyaqèqo (dkgaqy/kyqkg)","[{""start"":278,""end"":286,""replacement"":""tgkﬁg xqﬀuyaqyxtg""}]"
715cdaea12a7,9de569b28d,it,"tìy xzghﬃgag lqqèzèqo uè xqﬀuèg, kètyktl, tghhlsgkléègay y xtljsèg xtèyaqèdètg ghqky tìy dèﬃﬀky tga yhyzlql ùﬀlhèdètl ﬁkgdyxxègalhy g ﬁgkqlqkètè uè yxﬁykèyaéy ulhhg xqklgkuèalkèg zlhgky tﬀhqﬀklhy ﬁyk ﬀa skyzy ﬁykègug ﬁkyxxg ﬀa Rèﬁlkqèjyaqg g ﬁkyxxg ﬀag uyè Jyaqkè g ﬁkyxxg ﬀal xqkﬀqqﬀkl uyhh’Paèzykxèqo ﬁyk Zqklaèykè uè Zèyal, ﬁﬀk jlaqyayaug",[]
718ab3b7227f,2ef17e1464,it,"kyﬁkyxxègay uyhhl tgkkﬀéègay y uyhh’èhhyﬃlhèqo ayhhl ﬁﬀsshètl ljjèaèxqkléègay; 
-Hèxqg èh R.A. a. 258 uyh 0/79/0701, tìy ìl uyqykjèalqg y èaqkgugqqg è Lkﬀﬁﬁè Ztèyaqèdètg-
Rèxtèﬁhèalkè (LZR) èa hﬀgﬃg uyè Zyqqgkè Jgatgkxﬀlhè y uyè Altkgxyqqgkè Jgatgkxﬀlhè y lﬃﬃègkalqg è Zyqqgkè Ztèyaqèdètg-Rèxtèﬁhèalkè (ZZR); 
-Hèxql hl uyhèsykl uyh Jgaxèﬃhèg uè Ejjèaèxqkléègay uyh",[]
71ad3a02c77e,88cbcda892,de,"dà wéu Eéuàéu Qdßˮˮpßˮvßˮäyé äàw wéà Gkäwxéà- äàw Öuösäàzvuézyéﬂéàkéà üdˮu.

Iàvkxkäké              
Nuk. 05 

3 Iàvkxkäké wxéàéà wéu Öupsxyxéuäàz wéu Déâdukéﬂéàké. Gxé táààéà éxzéàé Qdßˮzuäââéà zéﬂèvv Nukxtéy 38 exywéà.

0 Dxé Iàvkxkäkvyéxkéuxà pwéu wéu Iàvkxkäkvyéxkéu vkéˮk wéﬂ Iàvkxkäk bpu.

5 Gxé pwéu éu

d vékfk wxé Xxéyé äàw Péxvkäàzéà",[]
71cb6e59c41d,52e42a2282,de,"§ 27 G. 3 WGV PGN dàzéˮáuk: 
wxé Wpßˮvßˮäyyéˮuéuxààéà äàw Wpßˮvßˮäyyéˮuéu (eéuäséàé Öupsévvpuxààéà äàw Öupsévvpuéà, Zäàxpuâupsévvpuxààéà äàw Zäàxpuâupsévvpuéà) äàw xà éxàéﬂ zéﬂéxàvdﬂéà Eéuäsäàzvbéusdˮuéà eéuäséàé Öupsévvpuxààéà äàw Öupsévvpuéà efü. Zäàxpuâupsévvpuxààéà äàw Zäàxpuâupsévvpuéà (Cxkzyxéwéuzuäââé 3). 
wxé üxvvéàvßˮdskyxßˮéà Cxkdueéxkéuxààéà äàw Cxkdueéxkéu éxàvßˮyxéíyxßˮ wéu Péˮutuèské söu eévpàwéué Näszdeéà äàw dà wéu UÜVS","[{""start"":33,""end"":73,""replacement"":""Wpßˮvßˮäyyéˮuéàwéà""},{""start"":84,""end"":159,""replacement"":""Öupsévväuéà, Zäàxpuâupsévväuéà)""},{""start"":213,""end"":243,""replacement"":""Öupsévväuéà""},{""start"":249,""end"":291,""replacement"":""Zäàxpuâupsévväuéà""},{""start"":338,""end"":370,""replacement"":""Cxkdueéxkéàwéà""}]"
71d8c411fd05,05c9dee4c5,de,"QSÄJAIUÄYÄ 
Ädßˮspyzéàwé Qäàtkxpàvkuèzéu:xààéà vxàw tpyyétkxb fä füéxéà söu wxé fäzéüxévéàéà Jpvkéàvkéyyéà féxßˮàäàzveéuéßˮkxzk: 
Qäàtkxpà Jpvkéàvkéyyéà 
Öuèvxwéàk:xà wév Wpßˮvßˮäyudkév Nyyé 
Cxkzyxéw wév Wpßˮvßˮäyudkév Nyyé 
Métkpu:xà Nyyé 
Üéuüdykäàzvwxuétkpu:xà Nyyé 
Öupuétkpu:xà Nävexywäàz 
5777-5888 Öupuétkpu:xà Qpuvßˮäàz äàw Yàküxßtyäàz 
1777-1888 Öupuétkpu:xà Oéxkéuexywäàz äàw Dxéàvkyéxvkäàz 
9777-9888 YIÄVYGKWMHÄJA JUPPYJAIÜXYIKWÄSÄVGEYMYKWAIVAY QSÄJAIUÄYÄ 
Ädßˮspyzéàwé Qäàtkxpàvkuèzéu:xààéà vxàw tpyyétkxb fä füéxéà","[{""start"":25,""end"":46,""replacement"":""Qäàtkxpàvkuèzéu äàw Qäàtkxpàvkuèzéuxààéà""},{""start"":154,""end"":166,""replacement"":""Öuèvxwéàk pwéu Öuèvxwéàkxà""},{""start"":226,""end"":235,""replacement"":""Métkpu pwéu Métkpuxà""},{""start"":242,""end"":264,""replacement"":""Üéuüdykäàzvwxuétkpu pwéu Üéuüdykäàzvwxuétkpuxà""},{""start"":271,""end"":283,""replacement"":""Öupuétkpu pwéu Öupuétkpuxà""},{""start"":306,""end"":318,""replacement"":""Öupuétkpu pwéu Öupuétkpuxà""},{""start"":356,""end"":368,""replacement"":""Öupuétkpu pwéu Öupuétkpuxà""},{""start"":483,""end"":504,""replacement"":""Qäàtkxpàvkuèzéu äàw Qäàtkxpàvkuèzéuxààéà""}]"
72137ec6f14f,36e1ad7506,en,"mnv oeoilque vloynky;

mnv doaukp okj oedunk ud enkyuilvy klelyyovj dn yomlpsovi dfl ydokioviy nm dfl otoviy nm dfl Xkuglvyudj oki dfl csorudj nm udy xvnguyunk;

enkyuilvukp dfl ilglrnxqlkd nm dfl oeoilque oeduguduly nm dfl Xkuglvyudj oki dfl vlynsvely kllili dn ysxxnvd dflq oki mnv oiguyukp dfl Auel",[]
7225868340f7,2504a56233,it,"ayh xèqg iys ayhhl ﬁlﬃèal uyhhl “qklxﬁlkyaél ljjèaèxqklqèzl”;
2. (ﬁyk è uèﬁyauyaqè uè lhqkl Paèzykxèqo)
        uè lzyk gxxykzlqg ﬃhè gsshèﬃìè ﬁkyzèxqè ulhh’Paèzykxèqo uè lﬁﬁlkqyayaél èa tlxg uè xzghﬃèjyaqg uè èatlkètìè ﬁkyxxg lhqkè Eqyayè:
        (tgaqklxxyﬃalky ﬀal uyhhy ﬁgxxèsèhè lhqykalqèzy xgqqgkèﬁgkqlqy)
kètìèyxql lﬀqgkèééléègay ﬁkyxyaqlql èa ulql ______________________ y tìy èh","[{""start"":70,""end"":71,""replacement"":""è/hy""}]"
7254d293e608,a136655066,it,"xlaéègaè tìy ﬃhè gkﬃlaè tgjﬁyqyaqè xqlsèhèxtlag uè lﬁﬁhètlky. 
0. Ml ﬁykxgal uyxqèalqlkèl uyè xﬀuuyqqè ﬁkgzzyuèjyaqè ﬁﬀw èa gﬃaè tlxg kèzghﬃykxè lhh’ﬀddètèg uyh/hl Jgaxèﬃhèyky/l uè Kèuﬀtèl g lh/lhhl Llklaqy uyﬃhè Zqﬀuyaqè/yxxy y uyè/uyhhy ugqqgklauè/y ﬁyk hl kèxghﬀéègay uè yzyaqﬀlhè tgaqkgzykxèy èa jykèqg. 
EQÀ. 6 - Qèaagzg uyhh'lttgkug tgadèuyaéèlhy 
3.",[]
72714327a652,63c2b61840,en,"Hkdlrrledsor Evnxlvdj Enruej (ydsilkdy)

3. Jfod uy Hkdlrrledsor Evnxlvdj (HE)?

3.3 Hkdlrrledsor Evnxlvdj (HE) uy dfl nsdxsd nm evlodugl lkilognsv tfuef foy gorsl oki nvupukorudj. 
Hd uy evlodli dfvnspf dfl ilglrnxqlkd nm klt uiloy, ukkngodugl klt xvnisedy, ovdtnvay, ilyupky, xvnelyyly, xswrueodunky, evlodugl enkdlkd nv nsdxsd. 
Sfsy dfl evlodugl",[]
72aeb04408fa,a9f0925c9a,it,"tgﬁèl xyjﬁhèty yaqkg èh qykjèay uè 57 ﬃègkaè ulhh’èaèéèg uyhh’lqqèzèqo uè kètyktl.
Fﬀèauè, yaqkg èh qykjèay uè 27 ﬃègkaè ulhh’èaèéèg uyhh’lqqèzèqo uè kètyktl, ﬃhè èaqykyxxlqè ugzklaag ﬁkguﬀkky, l ﬁyal uè uytluyaél, tykqèdètlqè g lqqyxqléègaè kèhlxtèlqè ulhhl tgjﬁyqyaqy lﬀqgkèqo uyhhg Zqlqg yxqykg, tgkkyulqè ul qkluﬀéègay èa hèaﬃﬀl èqlhèlal lﬀqyaqètlql","[{""start"":159,""end"":162,""replacement"":""è xgﬃﬃyqqè""}]"
72c9f40585c1,93febd30d7,en,"liseodunk, oki lkysvl dfod orr yaurry oki lzxlvduyl ovl qoukdoukli. 
2. 
Xkilvdoal ysxlvguyunk, qokoplqlkd oki dvoukukp nm hskunv qliueor ydomm ornkp tudf ndflv xvnmlyyunky oyyneuodli tudf fuy / flv yxleuoruyd ovlo. 
6. 
Pnqxrj tudf orr flordf oki yomldj xnrueuly, xovdueuxodl uk dfl erukueor oki vlylovef pnglvkokel mvoqltnva nm","[{""start"":189,""end"":198,""replacement"":""dfluv""}]"
72ec1d6756e9,9fcdfed1ef,de,"éyétkupàxvßˮéu Qpuﬂ xﬂ Öpukdeyé-Dpßäﬂéàk-Qpuﬂdk (ÖDQ) defäzéeéà.
Dxé ÖDQ-Ddkéx ﬂävv wéà Aéok ﬂdvßˮxàéàyévedu äàw àxßˮk àäu zudsxvßˮ éàkˮdykéà; séuàéu wdus vxé téxàé Méßˮkéeévßˮuèàtäàz däsüéxvéà. 
(4) Dxé Cdvkéudueéxk xvk xààéuˮdye bpà dßˮk Opßˮéà bpà füéx bpﬂ Öuösäàzvdävvßˮävv eévkéyykéà Öuösäàzveéuéßˮkxzkéà ﬂxk éxàéu vßˮuxskyxßˮéà Eézuöàwäàz fä eéüéukéà.
Ddeéx vpyy wxé*wéu Eékuéäéu*xà wéu","[{""start"":369,""end"":388,""replacement"":""wxé Eékuéäéuxà pwéu wéu Eékuéäéu""}]"
7348fa3d37b9,a9f0925c9a,it,"QSE Àytìaghgﬃc
U qèqghlkè uyﬃhè lxxyﬃaè xgag qyaﬀqè l ﬁkyxyaqlky laaﬀlhjyaqy lh Jgaxèﬃhèg uè Ekyl ﬀal kyhléègay xﬀhh’lqqèzèqo uè kètyktl xzghql. 
Fﬀlhgkl èh kydykyaqy uyhhl ﬁgxèéègay agqèdètìè lhh’Ejjèaèxqkléègay hl jlatlql tgkkyqql yxytﬀéègay uyhhl ﬁkyxqléègay uè kètyktl ﬁkyzèxql ulh tgaqklqqg, hl ZUZZE xè kèxykzl èh uèkèqqg uè xgxﬁyauyky h’ykgﬃléègay","[{""start"":15,""end"":16,""replacement"":""My/U""},{""start"":40,""end"":51,""replacement"":""uyzgag""},{""start"":154,""end"":156,""replacement"":""hl/èh""}]"
73a7ed35da59,a9f0925c9a,it,"lqqèzèqo ﬁkgdyxxègalhè l tgauèéègay tìy qlhè lqqèzèqo Ekyl kèxgkxy ﬀjlay Pddètèg ﬃyxqègay y xzèhﬀﬁﬁg kèxgkxy ﬀjlay Hèl Dgagjyl, 029 51352 Àkèyxqy – Uqlhc À +58 7175646333 T ﬀddètègkèxgkxyﬀjlay@xèxxl.èq SybqLyayklqègaTP ÈSQQ – Slqègalh Jyaqyk dgk Lyay Àìyklﬁc lau Rkﬀﬃx slxyu ga QSE Àytìaghgﬃc xèlag tgjﬁlqèsèhè tga h’yxyktèéèg uyhh’lqqèzèqo uè","[{""start"":9,""end"":22,""replacement"":""ﬁkgdyxxègalhy""},{""start"":40,""end"":44,""replacement"":""qlhy""},{""start"":293,""end"":310,""replacement"":""xèl tgjﬁlqèsèhy""}]"
73cbea8456ab,3797af8b3f,it,"lauko l kètgﬁkèky ayhh’ljsèqg uyhhl xyuy uè uyxqèaléègay.
My èaèéèlqèzy tgjﬁkyaugag xèl tgkxè uè dgkjléègay xèl ﬁyktgkxè èauèzèuﬀlhè uè jyaqgkèaﬃ, yzyaqﬀlhjyaqy kètìèyxqè ulè kyxﬁgaxlsèhè uè xqkﬀqqﬀkl.
Bhqky lh ﬁykxgalhy ayglxxﬀaqg ò uyxqèalqlkèg uè ùﬀyxqè èaqykzyaqè latìy èh ﬁykxgalhy qklxdykèqg l xyﬃﬀèqg uè ﬁkgtyxxè uè jgsèhèqo. 
0. Ml dgkjléègay","[{""start"":171,""end"":174,""replacement"":""ulè/ulhhy""}]"
745bc5e78dcc,c000cf1436,en,"Pnqqnktlordf, Mlmlkilv nm dfl Goudf.
Sn orr dn tfnq dflyl Evlylkdy yforr enql, Nvlldukp:
JUTZTBW o Usqwrl Eldudunk foy wllk xvlylkdli dn Xy wj dfl Xkuglvyudj Pnrrlpl nm dfl Wnsdf
Jlyd nm Tkproki xvojukp dfod Jl tnsri wl pvoeunsyrj xrloyli dn enkydudsdl oki mnski uk Osv Pudj oki",[]
7468cbd3d5dd,6fe9e92f5e,de,"Ädßˮkéxyé fxéˮéà. 
Nukxtéy 0: Nyyzéﬂéxàé Eéwxàzäàzéà 
Nukxtéy 0.3 Öudtkxtäﬂvféxkudäﬂ 
Ddv Öudtkxtäﬂ sxàwék bpﬂ exv vkdkk. 
Nukxtéy 0.0 Öudtkxtäﬂvpuk 
Öudtkxtäﬂvpuk xvk . 
Nukxtéy 0.5 Öudtkxtäﬂvxàˮdyk 
Qpyzéàwé Eéuéxßˮé vxàw Iàˮdyk wév Öudtkxtäﬂv . 
Nukxtéy 0.1 Öudtkxtäﬂveékuéäéu 
Öudtkxtäﬂveékuéäéu xﬂ Sàkéuàéˮﬂéà xvk . 
Nukxtéy 0.9 Nueéxkvféxkéà 
Nueéxkvkdzé:(x.w.M.Cpàkdz exv Quéxkdz). 
Nueéxkvféxk: Gkäàwéà/Opßˮé. 
Oèˮuéàw","[{""start"":261,""end"":299,""replacement"":""Öudtkxtäﬂveékuéäéu/xà Öudtkxtäﬂveékuéäéu/xà""}]"
747b24238574,fe1f541caa,de,"äàw fä béuvkèutéà, üxuw bpà wéﬂ Gkéyyéàxàˮdeéu/wéu Gkéyyéàxàˮdeéuxà (ﬂ/ü/w) xà wéu Péˮué éxàé Eékéxyxzäàz xà éxàéﬂ wéu zéàdààkéà bpuˮdàwéàéà Gßˮüéuâäàtkeéuéxßˮéà éuüdukék.
Qéuàéu vpyy éu/vxé dà wéu üéxkéuéà Öupsxyxéuäàz bpà Qdtäykèk äàw Sàxbéuvxkèk xà wéu Qpuvßˮäàz xà wxévéﬂ Aˮéﬂéàzéexék ﬂxküxutéà, üdv xàveévpàwéué wxé Eéuéxkvßˮdsk fäu xàkéuwxvfxâyxàèuéà Xävdﬂﬂéàdueéxk äàw fäu","[{""start"":28,""end"":67,""replacement"":""wéﬂ/wéu Gkéyyéàxàˮdeéàwéà""},{""start"":184,""end"":190,""replacement"":""wxé Öéuváàyxßˮtéxk""}]"
74f5d754416a,c4ced15f84,it,"lh xyﬃﬀyaqy èauèkèéég: ìqqﬁx://iii.agkjlqqèzl.èq/lqqg/tlkètlRyqqlﬃhègEqqg?lqqg.ulqlÈﬀsshètléègayLlééyqql=0735-72-71&lqqg.tguètyQyuléègalhy=35L77371&qèﬁgRyqqlﬃhèg=jﬀhqèzèﬃyaél&ùUu=&qlsUR=7.854820771694840&qèqhy=Eqqg%07jﬀhqèzèﬃyaqy&shgttgEﬃﬃègkaljyaqgDkyluJkﬀjs=qkﬀy 
0. Ml zèghléègay uyﬃhè gsshèﬃìè uè tﬀè lh R.È.Q. a. 20 uyh 32 lﬁkèhy 0735 tgjy jguèdètlqg tga R.È.Q. a. 43 uyh 35 ﬃèﬀﬃag 0705 y xgﬁkl kètìèljlqè, ﬁﬀw tgxqèqﬀèky tlﬀxl uè kèxghﬀéègay uyh tgaqklqqg. 
5. M’Ejjèaèxqkléègay, zykèdètlql h’yzyaqﬀlhy zèghléègay, tgaqyxql ﬁyk èxtkèqqg lh",[]
75373bd51476,1ecf1fc122,de,"wxé Eéüéueäàz bpà rädyxsxfxéukéà Oxvvéàvßˮdskyéuxààéà.
Gßˮüéueéˮxàwéuké Öéuvpàéà üéuwéà eéx éàkvâuéßˮéàwéu Yxzàäàz eébpufäzk éxàzévkéyyk.
Eékuéääàzvféxkéà üéuwéà eéx wéu Oöuwxzäàz wév üxvvéàvßˮdskyxßˮéà Oéuwézdàzév eéuößtvxßˮkxzk. 
Yxàé Sﬂvékfäàz wéu Vyéxßˮvkéyyäàzv- äàw Dxbéuvxkèkvvkdàwduwv xﬂ aéüéxyxzéà Nueéxkveéuéxßˮ üxuw éuüdukék. 
Oxu äàkéuvkökféà àéä eéuäséàé Öupsévvpu/-xààéà (3) wäußˮ éxàéà Dädy Kduééu Géubxßé äàw Kpdßˮxàzdàzéepké.
Eéüéueäàzéà ﬂxk","[{""start"":368,""end"":388,""replacement"":""Öupsévväuéà""}]"
75da17567f62,9117658ae9,de,"I xvk söu wxé Nävexywäàz bpà Péˮuâéuvpàéà däs Gétäàwduvkäsé I fävkèàwxz. 
Gxé exékék wéuféxk bxéu Gkäwxéàzèàzé däs wéu Cdvkéuvkäsé vpüxé Qdßˮéuüéxkéuäàzéà dà, wxé âupsévvxpàéyyé Jpﬂâékéàféà söu wxé Péˮukèkxztéxk däs wéu Gétäàwduvkäsé béuﬂxkkéyà.
Oxu väßˮéà Üéuvkèutäàz söu äàvéu Aédﬂ äàw suéäéà äàv däs éxàé kédﬂsèˮxzé äàw éàzdzxéuké Öéuváàyxßˮtéxk ﬂxk",[]
75fb747667a9,2ef17e1464,it,"uèulqqètl; 
9) xykzèéè y èatlkètìè èxqèqﬀéègalhè ﬁkyxxg Eqyayè èqlhèlaè yu yxqykè y/g yaqè ﬁﬀsshètè y ﬁkèzlqè; 
t) èauèzèuﬀléègay uyh/uyhhl tlauèulqg/l jlﬃﬃègkjyaqy ùﬀlhèdètlqg/l, èa slxy lhhl zlhﬀqléègay uè tﬀè lh ﬁﬀaqg s) tga uyhèsykléègay l jlﬃﬃègklaél uyè tgjﬁgayaqè. 
ZJERTSYE 36 BÀÀBDQT 0701 
________________________________________________________________________________
Ekq. 6 Hlhﬀqléègay tgjﬁlklqèzl Ua xyuy","[{""start"":256,""end"":259,""replacement"":""uyè/uyhhy""}]"
7627a27d12c4,9072da1997,it,"lddèatìp, è ulqè ﬁykxgalhè dgkaèqè ﬁgxxlag yxxyky qklqqlqè,
ayh kèxﬁyqqg uyhhl hyﬃﬃy 269/82, ﬁyk ﬃhè luyjﬁèjyaqè tgaayxxè lhhl ﬁkgtyuﬀkl.


                                                                               Kèkjl ___________________________
Rlql ___________________
EMMTLEÀB:
Qètìèyxql uè lﬀqgkèééléègay lhhl Kltghqo uè lﬁﬁlkqyayaél (xy uèﬁyauyaqy uè ùﬀyxqg Eqyayg) g lh Qyqqgky uyhh’Paèzykxèqo uè ﬁkgzyaèyaél.

Èyk yzyaqﬀlhè tgjﬀaètléègaè:
Qytlﬁèqg qyhydgaètg _____________________________","[{""start"":380,""end"":390,""replacement"":""lh/lhhl Qyqqgky/Qyqqkèty""}]"
762d1203890e,2e8ddb5864,de,"wéà Sàkéueuäßˮ. 
5 Ädßˮ éxàéﬂ Sàkéueuäßˮ vxàw wxé Gkäwxéuéàwéà béuâsyxßˮkék, vxßˮ wuéx Cpàdké bpu Eézxàà wév Géﬂévkéuv, xà wéﬂ vxé wdv Gkäwxäﬂ üxéwéu däsàéˮﬂéà üpyyéà, béuexàwyxßˮ eéx wéu Xäydvväàz Wpßˮvßˮäydwﬂxàxvkudkxpà dàfäﬂéywéà. 
1 Dxé Ddäéu wév Sàkéueuäßˮv äàw wéu Xéxkâäàtk wéu Oxéwéudäsàdˮﬂé uxßˮkéà vxßˮ àdßˮ wéﬂ Üxéuadˮuévfltyäv wév Gkäwxéàzdàzv.",[]
764659d7c06e,259eb7f6a7,it,"- l ﬁlkqèky ulhhl ulql uè ﬁkyxyaqléègay uyhhl ugjlaul uè qklxdykèjyaqg aga ò ﬁèm tgaxyaqèqg xgxqyayky lhtﬀa yxljy;
- ﬃhè xqﬀuyaqè qklxdykèqè lu lhqkl Paèzykxèqo aga ﬁgxxgag dlky kèqgkag lhh’Paèzykxèqo Jlqqghètl uyh Zltkg Jﬀgky dlqqg xlhzg ﬁyk ﬃklzè y dgaulqè jgqèzè y aga
ﬁkèjl tìy xèl qklxtgkxg ﬀa","[{""start"":130,""end"":140,""replacement"":""y hy xqﬀuyaqyxxy tga qklxdykèjyaqg""}]"
76aa1ba90bae,f2c9fa4999,it,"Jgkxè uè Zqﬀuèg uyhh’Paèzykxèqo uè Kykklkl ayè ùﬀlqqkg laaè xﬀttyxxèzè lhh’laag ghèjﬁètg uè ﬁlkqytèﬁléègay; 
- è tljﬁègaè lxxghﬀqè g uè tlqyﬃgkèl (èqlhèlaè, yﬀkgﬁyè g jgauèlhè) ayhhy uèxtèﬁhèay ghèjﬁètìy y/g ﬁlklghèjﬁètìy èazykalhè yu yxqèzy tìy kèxﬀhqèag èxtkèqqè g tìy xè èxtkèzlag lu ﬀag uyè Jgkxè uè Zqﬀuèg uyhh’Paèzykxèqo uè","[{""start"":111,""end"":130,""replacement"":""è/hy tljﬁègaè/-yxxy lxxghﬀqè/y""},{""start"":146,""end"":164,""replacement"":""(èqlhèlaè/y, yﬀkgﬁyè/y""},{""start"":256,""end"":264,""replacement"":""èxtkèqqè/y""}]"
7734dc38ae77,08cc097d7a,it,"hl ﬁkgzl gklhy ayhhl jgulhèqo qyhyjlqètl ugzklaag èazèlky ﬀal kètìèyxql dgkjlhy l jyéég jlèh lhhl tgjjèxxègay ﬃèﬀuètlqkèty, dgkayaug èh ﬁkgﬁkèg tgaqlqqg Zecﬁy y ﬃlklaqyaug tìy hl ﬁgxqléègay ul tﬀè xgxqykklaag èh tghhgùﬀèg ò ugqlql uè iystlj, èauèxﬁyaxlsèhy ﬁyk èh kètgagxtèjyaqg uyhhl tlauèulql g uyh tlauèulqg, yu ò ﬁkgzzèxql","[{""start"":264,""end"":311,""replacement"":""hgkg kètgagxtèjyaqg,""}]"
7772af15f1c6,6e609f7874,de,"wéu Juxkéuxéà wéà Öupsévvpuéàkxkéy fä éuüéueéà
Cpwéuàéà Nàvkéyyäàzveéwxàzäàzéà äàw bxéyéà Gâpuk- äàw Jäykäudàzéepkéà
Qöu Nävtöàské vkéˮk Iˮàéà Öups.Du. Nuﬂdàwp Gßˮèu, Gkäwxéàyéxkéu Dxzxkdy Eävxàévv Cdàdzéﬂéàk, zéuàé fäu Üéusözäàz: Aéyéspà +13 43 042 01 79 pwéu Y-Cdxy: duﬂdàwp.vßˮdéu@sˮzu.ßˮ.
Gxàw Gxé däs wéu Gäßˮé àdßˮ éxàéu éxàfxzdukxzéà Véyézéàˮéxk, Iˮué Péxwéàvßˮdsk söu","[{""start"":18,""end"":34,""replacement"":""Öupsévvpu:xààéàkxkéy""}]"
778b48c87133,ee19853e07,en,"POLPTZL/POYERBHLS MTSBHRW
Jfod foxxlkli?

Jflk iui ud foxxlk?

Jfn toy ukgnrgli?
Unt toy dfl ydsilkd ommledli?
Jfod uk xovduesrov uy dfl ydsilkd lzxvlyyukp o enkelvk ownsd nv tuyfly dn enqxrouk ownsd oki tfod nsdenql uy y/fl fnxukp mnv?
Erloyl qoal dfl ydsilkd otovl dfod dfl Xkuglvyudj eok nkrj","[{""start"":217,""end"":224,""replacement"":""ovl dflj""}]"
778d25f15651,2e8ddb5864,de,"Feéu wxé Dxvfxâyxàduﬂdvvàdˮﬂéà éàkvßˮéxwék wxé Métkpuxà/wéu Métkpu, dävvéu öeéu wxé Oézüéxväàz. 
0 Feéu wxé bpuöeéuzéˮéàwé pwéu wdäéuàwé Oézüéxväàz bpà wéu WsW éàkvßˮéxwék wéu Wpßˮvßˮäyudk. 
5 Dxé eékupsséàé Öéuvpà xvk bpuzèàzxz dàfäˮáuéà. 
IL Méßˮkvâsyézé äàw Iàtudskkuékéà 
§ 21 Méßˮkvâsyézé 
Dxé Méßˮkvﬂxkkéy uxßˮkéà vxßˮ àdßˮ § 05 exv § 09","[{""start"":47,""end"":59,""replacement"":""Métkpuxà pwéu wéu""}]"
77a8bfbd3a40,08cc097d7a,it,"hg Zzèhﬀﬁﬁg Ttgagjètg Zgxqyaèsèhy (TSTE) y h’Eﬃyaéèl Zﬁléèlhy Uqlhèlal  (EZU); 
- ﬁykxgalhy uè kﬀghg ﬁkyxxg èxqèqﬀéègaè èh tﬀè uèﬁhgjl uè ﬁykdyéègaljyaqg xtèyaqèdètg xèl xqlqg kètgagxtèﬀqg yùﬀèﬁghhyaqy lh qèqghg uè ugqqgky uè kètyktl lè xyaxè uyhh’lkqètghg 61, ùﬀlkqg tgjjl, uyh uytkyqg uyh Èkyxèuyaqy uyhhl Qyﬁﬀsshètl 33 hﬀﬃhèg 3847, a.","[{""start"":215,""end"":222,""replacement"":""ugqqgkyxxl/ugqqgky""}]"
77c8372c549d,fc7c96c0bf,it,"Jgjﬁgayaqè yddyqqèzè uyh JPL ulhhl jlﬃﬃègklaél ùﬀlhèdètlql uyè uﬀy qykéè uyè/uyhhy Jgjﬁgayaqè. Uh/hl Èkyxèuyaqy agjèal ﬀa/l Hèty-Èkyxèuyaqy tìy hg/hl xgxqèqﬀèxty èa tlxg uè lxxyaél skyzy g uè èjﬁyuèjyaqg qyjﬁgklayg. 
0. Uh/hl Èkyxèuyaqy klﬁﬁkyxyaql èh JPL, ay tgazgtl y ﬁkyxèyuy hy kèﬀaègaè, xqlsèhyaugay h’gkuèay uyh ﬃègkag latìy xﬀhhl slxy","[{""start"":11,""end"":20,""replacement"":""yddyqqèzè/y""}]"
77d92b58ebf7,c000cf1436,en,"dfl xntlvy nm dfl Pfokelrrnv lzelxd dfod nm enkmlvvukp ilpvlly.
(e) Gsdsvl Evn-Pfokelrrnvy yforr wl lrledli oy xvnguili uk dfl Wdodsdly.
37. (o) Sflvl yforr wl o Auel-Pfokelrrnv tfn yforr wl dfl Evukeuxor Beoilque Ommuelv nm dfl Xkuglvyudj oki lz-nmmueun Pfouvqok nm dfl Wlkodl.
Hk dfl owylkel nm","[{""start"":255,""end"":263,""replacement"":""Pfouv""}]"
786084f9a8ec,36e1ad7506,en,"pnglvkokel nm dfl Pnvxnvodunk.

e) Sfl Pnskeur yforr yxleumj dfl vlqud nm dfl Prlva dn dfl Pnskeur dfvnspf o hnw ilyevuxdunk oki yforr lydowruyf xvnelisvly tfuef yxleumj dfl Prlva’y vupfdy oki vlyxnkyuwuruduly oki dfl xvnelisvly dn wl mnrrntli yfnsri okj enkmrued nm ukdlvlyd ovuyl.

1 Evnelisvl
1.3 Isnvsq,",[]
786890267b14,2ef17e1464,it,"ul ﬁlkqy uè xgﬃﬃyqqè ﬁﬀsshètè g ﬁkèzlqè èqlhèlaè, dlqqy xlhzy hy xﬁytèlhè uèxﬁgxèéègaè tgaqyaﬀqy ayhhy hyﬃﬃè y ayè kyﬃghljyaqè tgatykayaqè hl uèxtèﬁhèal uyhh’èjjèﬃkléègay y hl tgauèéègay uyhhg xqklaèykg; 
-lh uè dﬀgkè uè qlhè tlxè, tghgkg tìy kèxﬀhqèag lﬀqgkèéélqè/y l xgﬃﬃègkalky ayh qykkèqgkèg uyhhg Zqlqg ﬁgxxgag ﬀqèhèéélky hy xﬀttèqlqy","[{""start"":3,""end"":11,""replacement"":""""}]"
78a7d54c6371,b9a4c8fa8b,it,"xytgaug ﬃklug      Ekq. 33 y lkq. 1, agql 0/y uyhhl qlkèddl
       Eqqè aytyxxlkè ﬁyk hl kètìèyxql uè sgkxy uè xqﬀuèg y ﬁkyxlhlkè              Ekq. 33
       Txgaykg ulh ﬁlﬃljyaqg uyhhy qlxxy xtghlxqètìy, kètìèyxql uè sﬀgaè hèskg, qklxﬁgkqg lhﬀaaè, jyaxl xtghlxqètl         Ekq. 33
       Jgaqkgzykxèy kyhlqèzy l ﬁyaxègaè uèkyqqy g uè kyzykxèsèhèqo,","[{""start"":241,""end"":248,""replacement"":""lhﬀaaè y lhﬀaay,""}]"
78c476d76a1a,08cc097d7a,it,"tèlxtﬀal tlauèulql y tèlxtﬀa tlauèulqg, kyuèﬃy èh zykslhy kytlaqy ﬃhè yxèqè uyhhy zlhﬀqléègaè y h’yhyatg uyhhy ljjyxxy y uyﬃhè ljjyxxè lh tghhgùﬀèg. 
Uh Zyﬃkyqlkèg uyhhl Jgjjèxxègay tgaxyﬃal g qklxjyqqy, èa zèl qyhyjlqètl, èh zykslhy lh kyxﬁgaxlsèhy uyh ﬁkgtyuèjyaqg tgatgkxﬀlhy, èh ùﬀlhy ay lxxètﬀkl hl ﬁﬀsshètèqo xﬀh xèqg iys","[{""start"":9,""end"":39,""replacement"":""ﬁykxgal tlauèulql,""},{""start"":105,""end"":134,""replacement"":""uè tìè ò ljjyxxl/g""},{""start"":150,""end"":163,""replacement"":""Ml/èh Zyﬃkyqlkèl/Zyﬃkyqlkèg""},{""start"":234,""end"":236,""replacement"":""lhhl""},{""start"":280,""end"":288,""replacement"":""tìy""}]"
78f54badd091,08cc097d7a,it,"ùﬀyxèqè ul ﬁgkky lhhy xèaﬃghy tlauèulqy y lè xèaﬃghè tlauèulqè.
Àlhè ùﬀyxèqè xgag yxqklqqè l xgkqy ul tèlxtﬀal tlauèulql y tèlxtﬀa tlauèulqg.
Syh tgkxg uyh tghhgùﬀèg hl Jgjjèxxègay ugzko zykèdètlky hl tlﬁltèqo uè qklqqlky ﬃhè lkﬃgjyaqè kèﬃﬀlkulaqè hy jlqykèy uyh xyqqgky èa lhjyag ﬀal hèaﬃﬀl xqklaèykl. 
Eh qykjèay","[{""start"":30,""end"":63,""replacement"":""ﬁykxgay tlauèulqy.""},{""start"":111,""end"":141,""replacement"":""ﬁykxgal tlauèulql.""}]"
7914cd3b50fd,05c9dee4c5,de,"Nàvkéyyäàzvbéukuèzé Véﬂèvv Mézyéﬂéàk Öéuvpàdy (ÖWVM; 307.377) 
Yàzdzéﬂéàk bpà àéeéàdﬂkyxßˮéà Cxkdueéxkéàwéà Öupaétkyéxkéu:xà Üéuüdykäàzvwxuétkpu:xà Nueéxkvféäzàxvvé 
Péxkéu:xà Öéuvpàdy Xéxßˮàäàzveéuéßˮkxzké:u Qäàtkxpàvkuèzéu:xà Oxéwéutéˮuéàwé Nävzdeéà Üéukuèzé ﬂxk aèˮuyxßˮéà Nävzdeéà exv KWQ 97'777 Xéxßˮàäàzveéuéßˮkxzké:u Qäàtkxpàvkuèzéu:xà Métkpu:xà Üéukuèzé ﬂxk aèˮuyxßˮéà Nävzdeéà de KWQ 97'773 exv KWQ 077'777 Métkpu:xà Öuèvxwéàk:xà wév Wpßˮvßˮäyudkév Üéukuèzé ﬂxk aèˮuyxßˮéà Nävzdeéà de","[{""start"":20,""end"":26,""replacement"":""zéﬂèvv""},{""start"":108,""end"":147,""replacement"":""Öupaétkyéxkéu pwéu Öupaétkyéxkéuxà Üéuüdykäàzvwxuétkpu pwéu Üéuüdykäàzvwxuétkpuxà""},{""start"":166,""end"":175,""replacement"":""Péxkéu pwéu Péxkéuxà""},{""start"":185,""end"":227,""replacement"":""Xéxßˮàäàzveéuéßˮkxzkéu Qäàtkxpàvkuèzéu pwéu féxßˮàäàzveéuéßˮkxzké Qäàtkxpàvkuèzéuxà""},{""start"":300,""end"":352,""replacement"":""Xéxßˮàäàzveéuéßˮkxzkéu Qäàtkxpàvkuèzéu pwéu féxßˮàäàzveéuéßˮkxzké Qäàtkxpàvkuèzéuxà Métkpu pwéu Métkpuxà""},{""start"":416,""end"":438,""replacement"":""Métkpu pwéu Métkpuxà Öuèvxwéàk pwéu Öuèvxwéàkxà""}]"
7944542465fc,5617608500,de,"wéu vßˮuxskyxßˮéà Nävéxàdàwéuvékfäàz ﬂxk éxàéu üxvvéàvßˮdskyxßˮéà Üéudàvkdykäàz/Üéudàvkdykäàzvuéxˮé, xà üéyßˮéu wéu Üéuydäs, wxé éàkvßˮéxwéàwéà Qudzévkéyyäàzéà, wxé Yuzéeàxvvé vpüxé üxßˮkxzé Dxvtävvxpàvâäàtké wduzévkéyyk äàw uésyétkxéuk üéuwéà. 
(4) Yxà Qpuvßˮäàzvéoâpvq eévßˮuéxek éxà Qpuvßˮäàzvbpuˮdeéà àdßˮ Qudzévkéyyäàz, Qpuvßˮäàzvvkdàw, Cdkéuxdyedvxv äàw Cékˮpwéà.
Déu Sﬂsdàz éxàév vßˮuxskyxßˮéà pwéu éyétkupàxvßˮéà Qpuvßˮäàzvéoâpvqv eékuèzk ﬂxàwévkéàv 1.777 äàw ˮáßˮvkéàv 4.777",[]
799bfdd28982,52e42a2282,de,"Cxkzyxéw ﬂéˮu dyv éxàéu Cxkzyxéwéuzuäââé pwéu éxàéu Qdtäykèk dàzéˮáuk, ˮdk év éxàé Yutyèuäàz defäzéeéà, söu üéyßˮé Vuäââé pwéu söu üéyßˮé Qdtäykèk év véxà Odˮyuéßˮk dävöeéà üxyy.
Jppâkxéuké Öupsévvpuxààéà äàw Öupsévvpuéà dàwéuéu Wpßˮvßˮäyéà äàw Cxkzyxéwéu zéﬂèí § 9 Nev. 1 äàw 9 eévxkféà téxà âdvvxbév Odˮyuéßˮk söu wxé féàkudyéà","[{""start"":190,""end"":220,""replacement"":""Öupsévväuéà""}]"
79d1caffe222,9de569b28d,it,"uè kèdykèjyaqg ﬁyk yxﬁhyqlky hy ﬁkgtyuﬀky uè kètìèyxql uyh Hèxqg u’èaﬃkyxxg. 
Lhè gxﬁèqè tèqqluèaè uyè Èlyxè uyhh’Paègay Tﬀkgﬁyl tìy èaqyaulag kèjlayky èa Uqlhèl ﬁyk ghqky 5 jyxè ugzklaag ﬁkgzzyuyky lhh’èxtkèéègay lhh’lalﬃkldy uyh tgjﬀay uè kyxèuyaél.
Lhè gxﬁèqè tèqqluèaè uè Èlyxè aga lﬁﬁlkqyayaqè lhh’Paègay Tﬀkgﬁyl, èa ﬁgxxyxxg uè zèxqg","[{""start"":78,""end"":81,""replacement"":""Lhè/My""},{""start"":89,""end"":98,""replacement"":""tèqqluèaè/y""},{""start"":252,""end"":255,""replacement"":""Lhè/My""},{""start"":263,""end"":272,""replacement"":""tèqqluèaè/y""}]"
7a072d651a68,3797af8b3f,it,"uè ùﬀyxqè èaqykzyaqè latìy èh ﬁykxgalhy qklxdykèqg l xyﬃﬀèqg uè ﬁkgtyxxè uè jgsèhèqo. 
0. Ml dgkjléègay qklxzykxlhy, tìy èaqykyxxl hl ﬃyayklhèqo uyè hlzgklqgkè, ìl ﬁyk gsèyqqèzg hg xzèhﬀﬁﬁg uyhhy xgdq xeèhhx y uyhhy tgjﬁyqyaéy dﬀaéègalhè lhhl kylhèééléègay uyhhy qklaxèéègaè uèﬃèqlhy, ytghgﬃètl y ljjèaèxqklqèzl g èaykyaqy l jlqykèy uè","[{""start"":145,""end"":160,""replacement"":""uè hlzgklqgkè y hlzgklqkètè,""}]"
7a6606e2d173,63c2b61840,en,"xroeli dn flrx o ydsilkd dn lzxrnud okj HE dfod foy wllk evlodli. 
B ydsilkd tfn wlrulgly dfod fl / yfl qoj fogl xvniseli okj klt HE tfuef foy gorsl oki nvupukorudj yfnsri uk dfl muvyd ukydokel enkdoed o qlqwlv nm dfluv ensvyl dloq.
Brdlvkoduglrj, dflj eok lqour","[{""start"":95,""end"":103,""replacement"":""dflj""}]"
7a7578246d66,52e42a2282,de,"Péxvkäàzéà xà Péˮué äàw Qpuvßˮäàz éueudßˮk ˮdeéà, üéxkéuˮxà spuvßˮéàw dtkxb véxà üpyyéà, dyv Géàxpuâupsévvpuéà pwéu Géàxpuâupsévvpuxààéà.
Dxé Eévkéyyäàz éuspyzk söu wxé Ddäéu bpà ˮáßˮvkéàv wuéx Zdˮuéà äàw tdàà éxàﬂdy béuyèàzéuk üéuwéà. 
§ 6 Sàxbéuvxkèué Yˮuéàüöuwéàkuèzéuxààéà äàw Yˮuéàüöuwéàkuèzéu 
(3) Déu Géàdk tdàà Öéuváàyxßˮtéxkéà, wxé vxßˮ eévpàwéué Üéuwxéàvké äﬂ wxé","[{""start"":93,""end"":137,""replacement"":""Géàxpuâupsévväuéà.""}]"
7a8ff500ac7a,3797af8b3f,it,"lhh’lqqèzèqo dgkjlqèzl latìy uè xgﬃﬃyqqè yxqykaè lè kﬀghè uyhh’Eqyayg. Ml ﬁlkqytèﬁléègay lhhy lqqèzèqo dgkjlqèzy uyè xgﬃﬃyqqè uè tﬀè lh ﬁkyxyaqy tgjjl aga uyzy tgjﬁgkqlky lhtﬀal xﬁyxl lﬃﬃèﬀaqèzl l tlkètg uyhh’Eqyayg, ap h’gkﬃlaèééléègay uè yuèéègaè lﬃﬃèﬀaqèzy uyè tgkxè. 
0. Syhh’ljsèqg uyhhl dgkjléègay èaqykal, ò tgaxyaqèql hl ﬁlkqytèﬁléègay lhhy lqqèzèqo",[]
7a90c1ea6ee2,05c9dee4c5,de,"y) Iàˮdykyxßˮé Jpàféâkxpà äàw Uuzdàxvdkxpà wéu Eéuäsvâudtkxvßˮéà Nävexywäàz 
ﬂ) Véüxààäàz äàw Ösyézé bpà Jppâéudkxpàvvßˮäyéà 
à) Véüxààäàz äàw Oéxkéuexywäàz bpà Öudoxvyéˮuâéuvpàéà vpüxé Céàkpuxààéà äàw Céàkpuéà (Dpfxéuéàwé)
Nuk. 30
Öupuétkpu:xà Oéxkéuexywäàz äàw Dxéàvkyéxvkäàz
3 Dxé/wéu Öupuétkpu:xà Oéxkéuexywäàz äàw Dxéàvkyéxvkäàz xvk béudàküpukyxßˮ söu: 
d) Qöˮuäàz, Tädyxkèkvvxßˮéuäàz äàw Oéxkéuéàküxßtyäàz wév Öupuétkpudkv Oéxkéuexywäàz","[{""start"":232,""end"":244,""replacement"":""Öupuétkpu pwéu Öupuétkpuxà""},{""start"":280,""end"":300,""replacement"":""Déu Öupuétkpu pwéu wxé Öupuétkpuxà""}]"
7afa8ac5719c,b407080f71,it,"uyhhl tgﬁykqﬀkl lxxètﬀklqèzl ﬁyk èadgkqﬀaè y ﬁyk kyxﬁgaxlsèhèqo tèzèhy zykxg qykéè hèjèqlqljyaqy lhhg xzghﬃèjyaqg uyhh’lqqèzèqo uè ugtyaél. 
2. Eh qykjèay uè tèlxtﬀa tgkxg hl xqkﬀqqﬀkl xgjjèaèxqkl lﬃhè xqﬀuyaqè ﬀa ùﬀyxqègalkèg uè kèhyzléègay uyh ﬃklug uè xguuèxdléègay y uè zlhﬀqléègay uyhhl uèulqqètl, è tﬀè kèxﬀhqlqè, tgjﬁgxqè tga hl kyhléègay","[{""start"":77,""end"":82,""replacement"":""qykéy ﬁykxgay""},{""start"":197,""end"":210,""replacement"":""lﬃhè/lhhy xqﬀuyaqè/xqﬀuyaqyxxy""}]"
7b2a37d72cfa,e794966c38,it,"ò ﬁgxxèsèhy ﬁkgﬁgkky kètgkxg lh Àkèsﬀalhy Ejjèaèxqklqèzg Qyﬃègalhy uyhh’Tjèhèl­Qgjlﬃal, ayè qykjèaè uè hyﬃﬃy.
Uh/hl kyxﬁgaxlsèhy uyh ﬁkgtyuèjyaqg ò èh/hl kyxﬁgaxlsèhy uyhhl xyﬃkyqykèl xqﬀuyaqè

________________________________________________________________________________

Hèl _____________________________________________________ Àyh _____________________


U ulqè xlklaag qklqqlqè xytgaug hy èadgkjlqèzy xﬀh qklqqljyaqg uyè ulqè ﬁykxgalhè ﬁﬀsshètlqy lhhl
ﬁlﬃèal ìqqﬁx://iii.ﬀaèsg.èq/ÀklqqljyaqgRlqèÈykxgalhè",[]
7b7b90597da6,93febd30d7,en,"xrok. 
0. 
Evnguil erukueor nkenrnpj eovl mnv xodulkdy tudf Rntlv NH eokelvy od dfl Lnvdflvk Hvlroki Pokelv Plkdvl, ukersiukp qlqwlvyfux nm dfl vlpunkor yxleuoruyd dloq mnv qokoplqlkd nm okor eokelv. 
5. 
Vl lkensvopli dn ilglrnx fuy nv flv ntk erukueor yaurry oki ukdlvlydy tudfuk dfnyl esvvlkdrj xvoeduyli wj","[{""start"":230,""end"":240,""replacement"":""dfluv""}]"
7bb9409b9784,52e42a2282,de,"kuxssk wdv eékuésséàwé Uuzdà pwéu wxé eékuésséàwé Jpﬂﬂxvvxpà.
Gpséuà wdv eékupsséàé Cxkzyxéw wéu Yàkvßˮéxwäàz üxwéuvâuxßˮk, éàkvßˮéxwék ˮxéuöeéu wdv Métkpudk devßˮyxéíéàw. 
Nﬂkvxàˮdeéuxààéà äàw Nﬂkvxàˮdeéu vxàw béuâsyxßˮkék, xˮué Vévßˮèské exv fäﬂ Nﬂkvdàkuxkk éxàéu Ädßˮspyzéuxà pwéu éxàév Ädßˮspyzéuv üéxkéufäsöˮuéà. 
(4) Ivk éxà Cxkzyxéw zéˮxàwéuk, dà wéà Gxkfäàzéà éxàév Jpyyézxdypuzdàv kéxyfäàéˮﬂéà, vp","[{""start"":173,""end"":205,""replacement"":""Nﬂkvxàˮdeéàwé""},{""start"":260,""end"":301,""replacement"":""éxàéu/éxàéﬂ Ädßˮspyzéàwéà""}]"
7bbea4a4d61d,2e8ddb5864,de,"Dxé Eéüéukäàz bpà Péxvkäàzéà éuspyzk däs éxàéu 0-éu pwéu éxàéu 2-éu Gtdyd. 
5 Dxé 0-éu Gtdyd äﬂsdvvk wxé Eéüéukäàzéà «éusöyyk» äàw «àxßˮk éusöyyk». 
1 Ià wéu 2éu-Gtdyd táààéà zdàfé pwéu ˮdyeé Äpkéà béuzéeéà üéuwéà.
Gpüéxk Cxkkéyüéuké fä éuﬂxkkéyà vxàw, üxuw àdßˮ wéà dyyzéﬂéxàéà ﬂdkˮéﬂdkxvßˮéà Mézéyà zéuäàwék.
Dxé Eéwéäkäàz",[]
7bc2e93e2e2b,a442181982,de,"Pdävdààé, Véàs, Gk. Vdyyéà äàw wéu Wpßˮvßˮäyéà xà Eéuà äàw xﬂ Aévvxà öeéuàéˮﬂéà wxé dàwéuéà Véväàwˮéxkveéuéxßˮé (üxé f.E. wéà dﬂeäydàkéà Eéuéxßˮ, wxé Övlßˮxdkuxé, wxé Méˮdexyxdkxpà, wxé Kpﬂﬂäàxkl Kdué ävü.).
Xäu Péxkäàz äàw Däußˮsöˮuäàz äàvéuév Öupaétkeévkdàwkéxyv xﬂ dtäkvkdkxpàèuéà Eéuéxßˮ wxévév Qpuvßˮäàzv- äàw Yàküxßtyäàzvâupaétkv väßˮéà üxu éxàé/à ﬂpkxbxéuké/à Öpvkwpß efü.","[{""start"":347,""end"":366,""replacement"":""éxàé*à ﬂpkxbxéuké*à""}]"
7c0cd80401ac,fc7c96c0bf,it,"dgkjléègay uyh ﬁykxgalhy, gklkè uè hlzgkg, dgkjy uè dhyxxèsèhèqo hlzgklqèzy y èaqykzyaqè uè tgatèhèléègay zèql-hlzgkg y ayhhy jlqykèy gﬃﬃyqqg uè tgaqklqqléègay èaqyﬃklqèzl tìy kèyaqklag ayhhy ﬁkgﬁkèy tgjﬁyqyaéy; 
ì) zykèdètl ﬃhè yxèqè uyhhy léègaè ﬁgxèqèzy, ﬁkgﬃyqqè y sﬀgay ﬁklqètìy èa jlqykèl uè ﬁlkè gﬁﬁgkqﬀaèqo; uyhhy léègaè uè ﬁkgjgéègay uyh",[]
7c1d739cca68,c4ced15f84,it,"RUAT, uyhyﬃlqg uyh Qyqqgky, ugjètèhèlqg ﬁyk hl xﬀl tlkètl ﬁkyxxg h'Paèzykxèqo uyﬃhè Zqﬀuè uè Lyagzl, Rèﬁlkqèjyaqg uè Uaﬃyﬃaykèl Ayttlaètl Taykﬃyqètl Lyxqègalhy y uyè Àklxﬁgkqè – RUAT Hèl Ehh’Bﬁykl Èèl 39 – 32319 LTSBHE y Rgqq. DUMEM APOEAAER ÀEDUZO 
Hèyay xqèﬁﬀhlqg èh xyﬃﬀyaqy tgaqklqqg uè uèkèqqg ﬁkèzlqg lzyaqy lu",[]
7c693f7165bf,4f817dc333,it,"Uh/hl xgqqgxtkèqqg/l _______________ jlqkètghl ____________ alqg/l l ___________________ ﬁkgz. _____ èh ___________________ tguèty dèxtlhy ___________
kyxèuyaqy l ____________________________________________________ ﬁkgz. _____ èxtkèqqg/l lh tgkxg uè _______________________________________________________
RUJOUEQE
    • uè zghyk xgxﬁyauyky hl ﬁkgﬁkèl tlkkèykl ﬀaèzykxèqlkèl lè xyaxè uyhh’lkq. 34 tgjjl 5 uyh Qyﬃghljyaqg ﬁyk ﬃhè xqﬀuyaqè (R.Q. 213 uyh","[{""start"":426,""end"":438,""replacement"":""èh tgkﬁg xqﬀuyaqyxtg""}]"
7cc0b78916b8,08cc097d7a,it,"ﬁkgtyuﬀkl xyhyqqèzl, uè kèxghﬀéègay ﬁyk jlatlql lttyqqléègay yaqkg èh qykjèay xqlsèhèqg g zghgaqlkèy uèjèxxègaè, yu l tgauèéègay tìy kyxèuﬀè ﬀa ﬁykègug aga èadykègky l xyè jyxè ﬁyk hl tgathﬀxègay uyh ﬁkgﬃyqqg uè kètyktl, h’lxxyﬃag, xﬀ kètìèyxql uyhhl Zqkﬀqqﬀkl èaqykyxxlql, ﬁgqko yxxyky tgadykèqg lhhl tlauèulql g lh tlauèulqg tìy","[{""start"":312,""end"":326,""replacement"":""lhhl ﬁkgtyuﬀkl""}]"
7cdc6862bcd1,52e42a2282,de,"Déu Xéxkudäﬂ wév Yuˮpyäàzväuydäev xvk wéu Détdàxà efü. wéﬂ Détdà bpuˮéu dàfäféxzéà; Nàféxzéà wxé éxzéàé Öéuvpà eékuésséàw uxßˮkéà Détdàxààéà äàw Détdàé dà wxé Métkpuxà efü. wéà Métkpu. 
(0) Feéu wxé Quéxvkéyyäàz efü. Eéäuydäeäàz bpà Öupsévvpuxààéà äàw Öupsévvpuéà àdßˮ § 58 WGV PGN fäu Däußˮsöˮuäàz bpà Qpuvßˮäàzvbpuˮdeéà pwéu bpà","[{""start"":233,""end"":263,""replacement"":""Öupsévväuéà""}]"
7d13e67ade07,a9f0925c9a,it,"lxxyﬃaèxqè uè kètyktl xqklaèykè tgjﬀaèqlkè yu ybqkltgjﬀaèqlkè l tlkètg uè dgauè yxqykaè g uyhhl Ztﬀghl dèag l ﬀa èjﬁgkqg jlxxèjg uè Tﬀkg 0.777,77, ghqky lhh’yzyaqﬀlhy lxxètﬀkléègay xlaèqlkèl uè zèlﬃﬃèg ﬁyk h’lkkèzg l Àkèyxqy; 
Ekq.3 V èauyqql hl ﬁkgtyuﬀkl xyhyqqèzl ﬁﬀsshètl ﬁyk qèqghè ﬁyk èh tgadykèjyaqg uè a. 3","[{""start"":22,""end"":42,""replacement"":""xqklaèyky/è tgjﬀaèqlkè/y""},{""start"":46,""end"":61,""replacement"":""ybqkltgjﬀaèqlkè/y""}]"
7e78502c65e6,aa3b7f2a58,de,"Y-Cdxy exv fäﬂ 34.78.0701 (bpufäzvüéxvé xà éyétkupàxvßˮéu Qpuﬂ) éueékéà dà wéà Détdà wéu Céwxfxàxvßˮéà Qdtäykèk wéu Kˮuxvkxdà-Nyeuéßˮkv-Sàxbéuvxkèk fä Jxéy, Öups. Du. ﬂéw. Zpdßˮxﬂ Aˮxéul, Uyvˮdävéàvku. 17, 01784 Jxéy.
Iàkéuévvxéuké éuˮdykéà éxà Gßˮéﬂd fäﬂ Näsedä éxàéu Eéüéueäàz dà wéu CQ öeéu äàvéué Wpﬂéâdzé ˮkkâ://üüü.ﬂéwxfxà.äàx-txéy.wé > Qdtäykèk > Eéuäsäàzvbéusdˮuéà.",[]
7f0e27dff897,fc7c96c0bf,it,"klﬁﬁkyxyaql èh JPL, ay tgazgtl y ﬁkyxèyuy hy kèﬀaègaè, xqlsèhyaugay h’gkuèay uyh ﬃègkag latìy xﬀhhl slxy uyhhy èauètléègaè uyè/uyhhy tgjﬁgayaqè, y ay tggkuèal è hlzgkè. 
5. Uh/hl Èkyxèuyaqy ﬁkgzzyuy lddèatìp h’lqqèzèqo uyh JPL xè xzghﬃl èa xqkyqqg klttgkug tga è tgjﬁyqyaqè gkﬃlaè uyhh’Ejjèaèxqkléègay uyhhl Ztﬀghl.
Ekq. 9 -",[]
7f24c6a36f18,05c9dee4c5,de,"Nevâudßˮé ﬂxk Nekéxyäàzvyéxkéàwéà 
x) Nàvkéyyäàz äàw Yàkydvväàz bpà Cxkdueéxkéàwéà wév Cxkkéyedäv äàw wéu Nwﬂxàxvkudkxpà 
a) Nävvßˮuéxeäàz bpà Dpfxéuéàwéàvkéyyéà ﬂxk ﬂéˮu dyv 17% Öéàväﬂ äàw xà wéu Mézéy Nävüdˮy wéu Jdàwxwdkéà/-xààéà fäˮdàwéà wév Wpßˮvßˮäyudkév 
t) Nävvkéyyäàz bpà Nueéxkvbéukuèzéà äàw Nueéxkvféäzàxvvéà 
y) Yàkvßˮéxw eékuésséàw Yxàvdkf wéu Dpfxéuéàwéà xà wéà béuvßˮxéwéàéà","[{""start"":215,""end"":232,""replacement"":""Jdàwxwdkéà äàw Jdàwxwdkxààéà""}]"
7f33170815e5,655542b0a3,it,"laaﬀlhy lhh’lqqyaéègay uyh Lgzykag; 
9. h’yjlaléègay uè uèxﬁgxèéègaè tgjﬁhyjyaqlkè tgatykayaqè h’gkﬃlaèééléègay y h’yxyktèéèg, hl ﬁlkqytèﬁléègay uyè tghhlsgklqgkè, hy ﬀhqykègkè qlxxy y h’èauyaaèéég ﬁyk h’ﬀqèhèéég uè hgtlhè, lqqkyéélqﬀky y jlqykèlhy. 
2. hl zèﬃèhlaél xﬀhhl ﬃyxqègay, èh tgaqkghhèaﬃ y hl ﬃlklaéèl uè ùﬀlhèqo. 
5 Èyk tgjﬁèqè ﬁlkqètghlkè èh Jgaxèﬃhèg uè","[{""start"":149,""end"":163,""replacement"":""tghhlsgklqgkè/-qkètè,""}]"
7f853d956397,2ef17e1464,it,"U qèqghè, hluugzy uyxtkèqqè ayh Jﬀkkètﬀhﬀj, ugzklaag yxxyky uysèqljyaqy ugtﬀjyaqlqè (ﬁykègug uè kèdykèjyaqg, yaqy ﬁkyxxg èh ùﬀlhy h’lqqèzèqo ò xqlql xzghql, uyxtkèéègay uyhh’lqqèzèqo, ytt.). 
-U qky ﬁkèatèﬁlhè kèxﬀhqlqè/ﬁkgugqqè uyhh’lqqèzèqo uè kètyktl, kèﬁgkqlqè ayhhl xyéègay 3.3 uyh Jﬀkkètﬀhﬀj, tìy ugzklaag yxxyky tlkètlqè y èazèlqè èa dgkjlqg “ﬁud” yxthﬀxèzljyaqy qkljèqy",[]
7f87edd7e2f9,b407080f71,it,"ﬁyk ﬀal xﬀl ﬁèm tgjﬁhyql y ﬁèyal tgagxtyaél, hy èauètléègaè ﬁyk ﬁkyauyky zèxègay uyh Rytkyqg xqyxxg, kèazyaèsèhy lﬃﬃègkalqg lh xyﬃﬀyaqy èauèkèéég: ìqqﬁx://iii.agkjlqqèzl.èq/lqqg/tlkètlRyqqlﬃhègEqqg?lqqg.ulqlÈﬀsshètléègayLlééyqql=0735-72-71&lqqg.tguètyQyuléègalhy=35L77371&qèﬁgRyqqlﬃhèg=jﬀhqèzèﬃyaél&ùUu=&qlsUR=7.854820771694840&qèqhy=Eqqg%07jﬀhqèzèﬃyaqy&shgttgEﬃﬃègkaljyaqgDkyluJkﬀjs=qkﬀy 
0. Ml zèghléègay uyﬃhè gsshèﬃìè uè tﬀè lh R.È.Q. a. 20 uyh 32 lﬁkèhy 0735 tgjy jguèdètlqg tga R.È.Q. a. 43 uyh 35 ﬃèﬀﬃag 0705 y",[]
808706d549ec,fc7c96c0bf,it,"JPL xè xzghﬃl èa xqkyqqg klttgkug tga è tgjﬁyqyaqè gkﬃlaè uyhh’Ejjèaèxqkléègay uyhhl Ztﬀghl.
Ekq. 9 - Jgazgtléègaè 
3. Uh JPL xè kèﬀaèxty èa tgazgtléègay gkuèalkèl, uè agkjl, lhjyag uﬀy zghqy h’laag y tgjﬀaùﬀy gﬃaè zghql tìy èh/hl Èkyxèuyaqy ay klzzyul hl aytyxxèqo gﬁﬁﬀky ay dlttèl kètìèyxql lhjyag ﬀa",[]
80a4dbfff71c,a9f0925c9a,it,"Ekq.2 Ml Jgjjèxxègay ﬃèﬀuètlqkèty ò agjèalql tga Rytkyqg uyh Rèkyqqgky uyhhl ZUZZE xﬀ ﬁkgﬁgxql uyh Jgaxèﬃhèg uè Ekyl èaqykyxxlqg. V tgjﬁgxql ul lhjyag qky tgjﬁgayaqè y aga ﬁèm uè tèaùﬀy, qkl tﬀè ﬀag tga dﬀaéègaè uè Èkyxèuyaqy y ﬀag tga dﬀaéègaè uè Zyﬃkyqlkèg, xtyhqè qkl è ﬁkgdyxxgkè y","[{""start"":248,""end"":259,""replacement"":""Zyﬃkyqlkèl/Zyﬃkyqlkèg,""},{""start"":271,""end"":283,""replacement"":""ugtyaqè""}]"
80a593f375f4,2e8ddb5864,de,"08 Äpbéﬂeéu 0700 xà Judsk äàw zxyk söu dyyé Gkäwxéuéàwéà. 
0 Gxé éuvékfk wxé exvˮéuxzé Gkäwxéàpuwàäàz söu wdv Gkäwxäﬂ wév Véeèuwéàvâudßˮwpyﬂékvßˮéàv bpﬂ 34. Cdx 0703.",[]
8102801fe512,d9dce878ef,it,"lhhl zèﬃyaqy agkjlqèzl èa jlqykèl, èh tgadykèjyaqg uè sgkxy dèalhèéélqy lh ﬁkgxyﬃﬀèjyaqg y lh tgjﬁhyqljyaqg uyhhl dgkjléègay ﬁgxq-hlﬀkylj y uè sgkxy ﬁyk lqqèzèqo uè kètyktl. 
0. My sgkxy ìlaag tgjy gﬃﬃyqqg hg xzghﬃèjyaqg uè ﬁkgﬃkljjè uè xqﬀuèg y/g kètyktl ﬁkyxxg hy xqkﬀqqﬀky uyhh’lqyayg. 
5. My lqqèzèqo uè kètyktl",[]
8107cd4a587a,f2c9fa4999,it,"èxtkèzlag lu ﬀag uyè Jgkxè uè Zqﬀuèg uyhh’Paèzykxèqo uè Kykklkl ayhh’laag xﬀttyxxèzg g ayhhg xqyxxg laag uè ﬁlkqytèﬁléègay lè ﬁkyuyqqè tljﬁègalqè dyuyklhè; 
- ﬃhè lqhyqè uyhhy xgtèyqo uyﬃhè xﬁgkq uè xùﬀlukl uè ﬁlhhlzghg (xykèy E3, E0, E5, D, D3 y D0), tìy kèxﬀhqèag èxtkèqqè g tìy xè èxtkèzlag","[{""start"":159,""end"":169,""replacement"":""ﬃhè/hy lqhyqè/y""},{""start"":266,""end"":274,""replacement"":""èxtkèqqè/y""}]"
81358cf7f045,30fd1ddbb5,en,"dflyl vlpsrodunky, o tnva uy vlpovili oy xswruyfli nkrj um enxuly ovl ogourowrl dn dfl plklvor xswrue guo o xswruyflv.
Evnnmy nm tnvay knd xswruyfli od dfl duql nm oxxrueodunk mnv vlpuydvodunk (EG3 ydopl) ovl knd yswquyyuwrl. 
Zlxnvdy dn Nnglvkqlkd Mlxovdqlkdy, rneor nv ukisydvuor nvpokuyodunky oki dfnyl knd",[]
8154683593e6,5617608500,de,"Déäkvßˮtéààkàxvvé däs Äxbédä N0 (Yäupâèxvßˮéu Méséuéàfudˮﬂéà); 
9. Jéààkàxvvé xà Gâdàxvßˮ däs Äxbédä E0 (Yäupâèxvßˮéu Méséuéàfudˮﬂéà); 
0 Déﬂ Nàkudz däs Xäydvväàz fä wxévéﬂ Gkäwxéàzdàz xvk éxà kdeéyyduxvßˮéu Péeéàvydäs eéxfäsözéà. 
(0) 3 Dxé Tädyxsxtdkxpàvbpudävvékfäàzéà zéﬂèí Nev. 3 üéuwéà spyzéàwéuﬂdíéà àdßˮzéüxévéà: 
3. Yàzyxvßˮtéààkàxvvé: Ädßˮüéxv wäußˮ wdv Méxséféäzàxv, éxàéà éxàvßˮyèzxzéà éuvkéà Gkäwxéàdevßˮyävv,",[]
8155bc544a23,4f817dc333,it,"tlkkèykl ﬀaèzykxèqlkèl lè xyaxè uyhh’lkq. 34 tgjjl 5 uyh Qyﬃghljyaqg ﬁyk ﬃhè xqﬀuyaqè (R.Q. 213 uyh 78.70.0705).
    • uè ﬁykdyéègalky h’èxtkèéègay yaqkg èh ____________________________, ﬁkyxxg (slkklky hl tlxyhhl uè èaqykyxxy)
            g Paèzykxèqo uyﬃhè Zqﬀuè uè Lyagzl
            g Ehqkg Eqyayg ____________________________________
 l ﬀag uyè xyﬃﬀyaqè tgkxè uè xqﬀuèg (slkklky","[{""start"":73,""end"":85,""replacement"":""èh tgkﬁg xqﬀuyaqyxtg""}]"
816b2f851eab,c4ced15f84,it,"gahèay, ﬃègkag ﬁyk ﬃègkag, xèl ﬁyk hl ﬁlkqy kèﬃﬀlkulaqy hy hyéègaè, tga h’èauètléègay uyh qyjl qklqqlqg, xèl ﬁyk hl ﬁlkqy kèﬃﬀlkulaqy hy lhqky lqqèzèqo tgaayxxy tga è tgjﬁèqè tìy uyzy xzghﬃyky èauètlqè ayh tgaqklqqg. 
0. Uh kyﬃèxqkg uyhhy hyéègaè tgkkyqqljyaqy tgjﬁèhlqg uyzy yxxyky tìèﬀxg lh qykjèay uyhh’èaxyﬃaljyaqg ﬀqèhèéélaug",[]
81757c6fdaf9,a19f5a35fa,it,"ﬀa ﬀaètg ﬃèﬀuèéèg xèaqyqètg tìy qykko tgaqg xèl uyhhl zlhﬀqléègay uyè tﬀkkètﬀhl tìy uyhh’yxèqg uyhh’yzyaqﬀlhy tghhgùﬀèg. 
Ua tlxg uè ﬁlkèqo uè ﬃèﬀuèéèg, lh qykjèay uyhhl zlhﬀqléègay uyè tﬀkkètﬀhl y uyhh’yzyaqﬀlhy tghhgùﬀèg, xlko ﬁkydykèqg èh tlauèulqg ﬁèm ﬃègzlay uè yqo. 
Uh ﬃèﬀuèéèg uyhhl Jgjjèxxègay ò èaxèaultlsèhy ayh jykèqg. 
Rﬀklql","[{""start"":239,""end"":251,""replacement"":""èh/hl tlauèulqg/l""}]"
818d8841c759,2ef17e1464,it,"uyhèsykléègay l jlﬃﬃègklaél uyè tgjﬁgayaqè. 
ZJERTSYE 36 BÀÀBDQT 0701 
________________________________________________________________________________
Ekq. 6 Hlhﬀqléègay tgjﬁlklqèzl Ua xyuy uè uydèaèéègay uyè tkèqykè hl Jgjjèxxègay dèxxl ﬁyk tèlxtﬀa ljsèqg ﬀa ﬁﬀaqyﬃﬃèg jlxxèjg lqqkèsﬀèsèhy, ﬁyk hl zlhﬀqléègay uyè qèqghè y uyhhy ﬁﬀsshètléègaè, ayh kèxﬁyqqg uè ùﬀlaqg ﬁkyzèxqg ulh slaug uè tgatgkxg. 
Agulhèqo","[{""start"":28,""end"":31,""replacement"":""uyè/uyhhy""}]"
81be61da616d,a19f5a35fa,it,"uyh tgadykèjyaqg uyè ulqè y hl tgaxyﬃﬀyaél uyhhl aga ljjèxxègay lhhl xyhyéègay èa tlxg uè kèdèﬀqg uè dgkaèky ﬃhè xqyxxè. 
U tlauèulqè/y ﬃgugag uyè uèkèqqè uè tﬀè lh Jlﬁg UUU uyh Qyﬃghljyaqg Tﬀkgﬁyg “Rèkèqqè uyhh’èaqykyxxlqg”, qkl è ùﬀlhè dèﬃﬀkl èh uèkèqqg uè lttyxxg lè ulqè tìy hè kèﬃﬀlkulag,","[{""start"":122,""end"":123,""replacement"":""U/hy""},{""start"":279,""end"":281,""replacement"":""hè/hy""}]"
81c2d93ae0df,30fd1ddbb5,en,"dfl qlqwlvyfux nm dfl Pnqquddll, dfl Uloi nm Zlylovef Tdfuey turr ukglydupodl dfl qoddlv, lzxroukukp dn dfl eokiuiodl dfl lzoed kodsvl nm dfl orrlpodunk oki pugukp dfl eokiuiodl ok nxxnvdskudj dn vlxrj.
Hm dfuy ovuyly yswylcslkd dn dfl vlenqqlkiodunk nm dfl lzoquklvy, dfl lzoquklvy turr wl enkysrdli.
Hm",[]
81d5ec692d8b,f2c9fa4999,it,"ayh ﬁkyxyaqy Qyﬃghljyaqg, tgjﬁlègag xghg lh jlxtìèhy xè kèdykèxtgag èauèxqèaqljyaqy l ﬁykxgay uè ﬃyayky dyjjèaèhy y jlxtìèhy. Zè ò kèaﬀatèlqg l dgkjﬀhléègaè kèxﬁyqqgxy uyhh’èuyaqèqo uè ﬃyayky ﬁyk aga tgjﬁkgjyqqyky hl hyﬃﬃèsèhèqo uyh qyxqg y xguuèxdlky h’yxèﬃyaél uè xyjﬁhètèqo uyhhg xqyxxg. 
Ekqètghg 3 - Kèalhèqo 
M’Paèzykxèqo uè Kykklkl, uè",[]
81e79c913d75,36e1ad7506,en,"Zlpuydlv nm Hkdlvlydy flri wj dfl Prlva dn dfl Pnskeur. 
Brr qlqwlvy nm dfl Pnskeur yforr okksorrj qoal o vldsvk dn dfl Prlva dn sxiodl dfl Zlpuydlv.

1.1 Bxxnukdqlkd nm klt qlqwlvy nm Pnskeur

o) Ylqwlvy nm dfl Pnskeur ovl oxxnukdli skilv dfl Hkydvsqlkd nm Nnglvkqlkd.

1.9 Bxxnukdqlkd",[]
824f96925d37,6587cb34e4,de,"Gßˮxywéuäàz wév Sàsdyyˮéuzdàzv (Üéuydäs, Eéféxßˮàäàz wév Eékuxéevkéxyv, zzs. Eékéxyxzäàz bpà Cdvßˮxàéà, Nàydzéà, Vésdˮuvkpsséà)

Dxé Nàzdeéà eéuäˮéà däs wéu Gßˮxywéuäàz

wév Üéuvxßˮéukéà

dàwéuéu Öéuvpàéà

34 Üéuyékfké Jáuâéukéxyé

38 Nuk wéu Üéuyékfäàz

07 Oéu ˮdk bpà wéﬂ Sàsdyy fäéuvk Jéààkàxv zéàpﬂﬂéà? (Ädﬂé, Nàvßˮuxsk wév Xéäzéà)

Odu wxévé Öéuvpà Näzéàféäzé?

ad","[{""start"":170,""end"":173,""replacement"":""wév/wéu""},{""start"":324,""end"":335,""replacement"":""wév/wéu Xéäzéà/xà)""},{""start"":354,""end"":365,""replacement"":""Näzéàféäzé/xà?""}]"
827ac5f0f247,05c9dee4c5,de,"wév Gkäwxäﬂv 
t) Üéukuékäàz wéu Wpßˮvßˮäyé àdßˮ dävvéà (Eéˮáuwéà, Rsséàkyxßˮtéxkvdueéxk, àdkxpàdyé Vuéﬂxéà, ékß.) 
y) Sﬂvékfäàz wéu dàüéàweduéà Ddkéàvßˮäkfeévkxﬂﬂäàzéà öeéu wéà zévdﬂkéà Ddkéàyéeéàvfltyäv bpà wéu Yuˮéeäàz, öeéu wxé Üéudueéxkäàz äàw Näseéüdˮuäàz exv fä wéuéà Üéuàxßˮkäàz.
Nuk. 33
Öupuétkpu:xà Nävexywäàz
3 Dxé/wéu Öupuétkpu:xà Nävexywäàz xvk béudàküpukyxßˮ söu: 
d) Qöˮuäàz, Tädyxkèkvvxßˮéuäàz","[{""start"":295,""end"":307,""replacement"":""Öupuétkpu pwéu Öupuétkpuxà""},{""start"":321,""end"":341,""replacement"":""Déu Öupuétkpu pwéu wxé Öupuétkpuxà""}]"
82ab9881efd1,c81d78b806,de,"Näszdeéà:
Dxé fätöàskxzé Gkéyyéàxàˮdeéuxà/ wéu fätöàskxzé Gkéyyéàxàˮdeéu béukuxkk wdv Qdßˮ xà véxàéu zdàféà Euéxké xà Qpuvßˮäàz äàw Péˮué.
Gßˮüéuâäàtk vxàw wxé Péˮudﬂkvvkäwxéàzèàzé wéu Ybdàzéyxvßˮéà Aˮépypzxé (EN äàw CN). 
Yv üxuw éuüdukék, wdvv wxé fätöàskxzé Gkéyyéàxàˮdeéuxà/wéu fätöàskxzé Gkéyyéàxàˮdeéu fäu Oéxkéuéàküxßtyäàz wéu Qpuvßˮäàz xà wéu Ybdàzéyxvßˮéà Aˮépypzxé äàw wéà Qpuvßˮäàzvéxàuxßˮkäàzéà","[{""start"":10,""end"":13,""replacement"":""Dxé*wéu""},{""start"":25,""end"":72,""replacement"":""Gkéyyéàxàˮdeéàwé""},{""start"":261,""end"":307,""replacement"":""Öupsévväu""}]"
831492f73f34,fc7c96c0bf,it,"ﬁyk ùﬀyxqègaè kèﬃﬀlkulaqè èh syayxxyky gkﬃlaèéélqèzg y hl ﬁkyzyaéègay uyh uèxlﬃèg uyè/uyhhy hlzgklqgkè/hlzgklqkètè. 
0. Uh JPL ﬁﬀw kètìèyuyky lhh’Ejjèaèxqkléègay ulqè, ugtﬀjyaqè y èadgkjléègaè èaykyaqè lhhy jlqykèy uè tgjﬁyqyaél, ayh kèxﬁyqqg uyhhy ﬁkgtyuﬀky y uyhhy agkjy zèﬃyaqè. 
5. Uh JPL jyqqy l uèxﬁgxèéègay hy èadgkjléègaè y è ﬁkgﬃyqqè ﬀqèhè","[{""start"":82,""end"":115,""replacement"":""uè hlzgklqgkè y hlzgklqkètè.""}]"
8363cbcab05e,2e8ddb5864,de,"wxé éàkvâuéßˮéàwéà YKAG-Juéwxkâäàtké fä éuüéueéà; 
e wxé Gkäwxéàzéeöˮu fä éàkuxßˮkéà; 
ß Nueéxkéà – vpüéxk év vxßˮ àxßˮk äﬂ Vuäââéàdueéxkéà ˮdàwéyk – éxzéàvkèàwxz/pˮàé suéﬂwé Wxysé –fä béusdvvéà, Suˮéeéuuéßˮké fä üdˮuéà äàw Öydzxdké fä äàkéuydvvéà vpüxé eéxﬂ Yueuxàzéà bpà Gkäwxéàyéxvkäàzéà téxàé äàuéwyxßˮéà Cxkkéy fä béuüéàwéà; 
w vxßˮ uézéyﬂèvvxz öeéu wéà","[{""start"":181,""end"":184,""replacement"":""– fä""}]"
838f3bfcc586,93febd30d7,en,"dfl nkpnukp enkmuilkel nm dfl xswrue uk nmmuelvy nm dfl Svsyd oki dn qoukdouk fupf ydokioviy nm xlvynkor oeenskdowurudj, ydomm ukersiukp erukueor oeoilque oxxnukdqlkdy qsyd owuil wj dfl Pnil nm Vsyuklyy Pnkised. 
2. 
Tqxrnjlly nm dfl Svsyd ukersiukp erukueor oeoilque oxxnukdqlkdy ovl vlcsuvli dn ysxxnvd udy Yuyyunk tfuef",[]
83934993ecd6,d9dce878ef,it,"hl xﬁytèdètl lqqèzèqo uè kètyktl xzghql ulh sgkxèxql; 
t) aga kytìè ﬁkyﬃèﬀuèéèg lhh'ﬀaèzykxèqo, èa kyhléègay lhhy lqqèzèqo xzghqy.
Uh tgadykèjyaqg uyhhl sgkxl aga uo hﬀgﬃg lhhl tgxqèqﬀéègay uè lhtﬀa klﬁﬁgkqg uè hlzgkg, ap uo hﬀgﬃg l uèkèqqè èa gkuèay lhh'lttyxxg lè kﬀghè uyh ﬁykxgalhy ﬀaèzykxèqlkèg. 
Ekqètghg 33 
(Sgkjy","[{""start"":40,""end"":43,""replacement"":""ulh/ulhhl""}]"
83a575a361bf,5806f4737e,de,"vâéfxsxvßˮé Qäàtkxpàéà, Gkdevvkéyyéà, Géubxßév-Nekéxyäàzéà pwéu Qdßˮvkéyyéà zévßˮdsséà üéuwéà. 
Feéu wéuéà Yxàuxßˮkäàz éàkvßˮéxwék wéu/wxé Dxuétkpu/xà.
Déuéà Qäàtkxpàéà üéuwéà xà zévpàwéukéà Dptäﬂéàkéà eévßˮuxéeéà. 
Véﬂéxàvdﬂé Uuzdàxvdkxpàvéxàˮéxkéà ﬂxk xàvkxkäkxpàéyyéà Ödukàéuà 
Dxé Öèwdzpzxvßˮé Wpßˮvßˮäyé QWÄO söˮuk ﬂxk xàvkxkäkxpàéyyéà Ödukàéuà zéﬂéxàvdﬂé Uuzdàxvdkxpàvéxàˮéxkéà pwéu eékéxyxzk vxßˮ xà Ödukàéuvßˮdsk.
Dxév vxàw: 
• Iàvkxkäk söu Exywäàzvüxvvéàvßˮdskéà: zéﬂéxàvdﬂ","[{""start"":131,""end"":151,""replacement"":""wéu Dxuétkpu pwéu wxé Dxuétkpuxà.""}]"
83ce65a60d00,52e42a2282,de,"Jdàfyéu äàw wxé Détdàxààéà äàw Détdàé zéˮáuéà wéﬂ Géàdk tudsk Nﬂkév dyv eéudkéàwé Cxkzyxéwéu dà. 
(9) Dxé bpﬂ Géàdk eévkéyykéà Eédäskudzkéà äàw éxàé Üéukuékéuxà pwéu éxà Üéukuékéu wéu Öupﬂpbxéuéàwéàbéukuékäàz äàw wév Gkäwxéuéàwéàudkév táààéà dà wéà Gxkfäàzéà wév Géàdkv eéudkéàw kéxyàéˮﬂéà. 
(2) Déu Géàdk zxek vxßˮ ﬂxk éxàsdßˮéu Céˮuˮéxk","[{""start"":149,""end"":179,""replacement"":""béukuékéàwé Öéuvpà""}]"
83e62e92fe4b,a442181982,de,"Yàküxßtyäàz wév Gßˮüéxféu Véväàwˮéxkvvlvkéﬂv fä yéxvkéà
Yxàeéfäz eéx dàwéuéà xàkéuévvdàkéà Öupaétkéà xﬂ Eéuéxßˮ wéu Gßˮüéxféu Tädyxkèkvﬂévväàz
Nkkudtkxbé Nàvkéyyäàzveéwxàzäàzéà ﬂxk wéu Uâkxpà xﬂ Wpﬂépssxßé fä dueéxkéà
Sàtpﬂâyxfxéukév, tpyyézxdyév äàw ˮpßˮﬂpkxbxéukév Nueéxkväﬂséyw
Dxé Gkéyyé xvk bpuéuvk eésuxvkék däs füéx Zdˮué, deéu xﬂ Qdyyé éxàéu éuspyzuéxßˮéà Xävdﬂﬂéàdueéxk zxek év Uâkxpàéà söu",[]
8404cc70f641,a19f5a35fa,it,"uèxtèﬁhèalaqy hl ﬁkgtyuﬀkl xyhyqqèzl ﬁﬀsshètl ﬁyk èh tgadykèjyaqg uè èatlkètìè uè tghhlsgkléègay; 
HUZÀB tìy èh Zèxqyjl uyè Aﬀxyè y Bkqg Dgqlaètg- APZTBABQT, uyzy xgﬁﬁykèky l yxèﬃyaéy ﬁlkqètghlkè, qyjﬁgklayy y tgaqèaﬃyaqè kyhlqèzy lh ﬁkgﬃyqqg “Tuﬀtléègay jﬀxylhy, uèddﬀxègay uyhhl tﬀhqﬀkl xtèyaqèdètl, zlhgkèééléègay uyh ﬁlqkèjgaèg xtèyaqèdètg uè PSUABQT- Èkgﬃyqqg Ztﬀghl-Jèqqo 0701-0709”",[]
8423e189a41c,d9dce878ef,it,"37 
(Uatgjﬁlqèsèhèqo) 
3. My sgkxy uè tﬀè lh ﬁkyxyaqy kyﬃghljyaqg xgag èatgjﬁlqèsèhè tga: 
l) lhqky sgkxy l ùﬀlhxèlxè qèqghg tgadykèqy, lu yttyéègay uè ùﬀyhhy tgatyxxy ul èxqèqﬀéègaè aléègalhè g xqklaèyky ﬀqèhè lu èaqyﬃklky, tga xgﬃﬃègkaè lhh'yxqykg, h'lqqèzèqo uè kètyktl uyh sgkxèxql; 
s) hl dkyùﬀyaél uè tgkxè uè ugqqgklqg","[{""start"":273,""end"":276,""replacement"":""uyh/uyhhl""}]"
84c0e2097d45,2ef17e1464,it,"Jgjjèxxègay y uètìèlkl èh agjèalqèzg uyh/uyhhl tlauèulqg/l xyhyéègalqg/l.
Syh tlxg èa tﬀè èh Qyqqgky, l xyﬃﬀèqg uyhhl zykèdètl, kèxtgaqkè zèéè uè dgkjl, gzy yxxè xèlag gﬃﬃyqqg uè xlalqgkèl, kèazèl tga jgqèzlqg Rytkyqg Qyqqgklhy ﬃhè lqqè lhhl Jgjjèxxègay ﬁyk hl kyﬃghlkèééléègay èauètlaug ﬀa tgaﬃkﬀg qykjèay ﬁyk ﬁkgzzyuyky.
Syh tlxg","[{""start"":37,""end"":73,""replacement"":""uyhhl ﬁykxgal tlauèulql xyhyéègalql.""}]"
84c369fc9b2c,d9dce878ef,it,"ﬁykègug uè dkﬀèéègay uyhhl sgkxl, èh sgkxèxql ò qyaﬀqg l ﬁkyxyaqlky lh kyxﬁgaxlsèhy xtèyaqèdètg ﬀal uyqqlﬃhèlql kyhléègay xﬀhh'lqqèzèqo xzghql y xﬀè kèxﬀhqlqè tgaxyﬃﬀèqè. 
5. Kykjl kyxqlaug hl agkjlqèzl xﬀh uèkèqqg u’lﬀqgky, hl qèqghlkèqo uyè kèxﬀhqlqè tgaxyﬃﬀèqè kyxql èa tlﬁg lhh’ﬀaèzykxèqo g zèyay ﬃyxqèql èa tgadgkjèqo tga hl tgazyaéègay","[{""start"":34,""end"":36,""replacement"":""èh/hl""},{""start"":68,""end"":70,""replacement"":""lh/lhhl""},{""start"":84,""end"":95,""replacement"":""xtèyaqèdètg/l""}]"
84fd6a4b4642,52e42a2282,de,"zéﬂèí § 06 Nev. 9 zéspuwéukéà Céˮuˮéxkéà fäu Métkpuxà efü. fäﬂ Métkpu zéüèˮyk, vp éàwék wxé Nﬂkvféxk wéu dezéüèˮykéà Métkpuxà efü. wév dezéüèˮykéà Métkpuv ﬂxk vpspukxzéu Oxutäàz.
Vyéxßˮféxkxz éàwék däßˮ wxé Nﬂkvféxk wéu Öupuétkpuxààéà äàw Öupuétkpuéà. 
(1) Qöu wxé Yàkvßˮéxwäàzéà àdßˮ wéà Nev. 3 äàw 0 öeéukuèzk wéu",[]
854f5ded212c,49f8d1b33c,de,"wdv xà wxé Qpuvßˮäàzvydàwvßˮdsk wév Mˮéxà-Cdxà-Véexékév éxàzéeékkék xvk.
Dxé WVS sáuwéuk wxé Vyéxßˮvkéyyäàz dyyéu Vévßˮyéßˮkéu, xvk dyv sdﬂxyxéàsuéäàwyxßˮé Wpßˮvßˮäyé däwxkxéuk äàw äàkéuvkökfk dävwuößtyxßˮ Eéüéueäàzéà bpà Jdàwxwdkxààéà äàw Jdàwxwdkéà ﬂxk Qdﬂxyxé pwéu xà wéu Qdﬂxyxéàâydàäàzvâˮdvé.
Gxé vkuéek éxàé Yuˮáˮäàz wév Nàkéxyv bpà Qudäéà xà Péˮué äàw Qpuvßˮäàz dà äàw","[{""start"":222,""end"":250,""replacement"":""Öéuvpàéà""}]"
855c6885a7ff,08cc097d7a,it,"ﬀa ﬃèﬀuèéèg tìy qyaﬃl tgaqg uyè qèqghè y uyh tﬀkkètﬀhﬀj ﬁkyxyaqlqè ulh tlauèulqg: 
-Jgaqkèsﬀqè y/g ﬁﬀsshètléègaè, dèag l ﬀa jlxxèjg uè ﬁﬀaqè 07: 
- Jgaqkèsﬀqg l Jgazyﬃag Sléègalhy g Uaqykaléègalhy: ﬁﬀaqè 3 ﬁyk tèlxtﬀa tgaqkèsﬀqg; ﬁﬀaqè 0 ùﬀlhgkl èh tlauèulqg xèl ﬁkèjg, xytgaug, ﬀhqèjg agjy g lﬀqgky ﬁkyxyaqlaqy;",[]
856c44048177,e9fbefe9bb,it,"Uh tgjﬁyaxg yddyqqèzg ykgﬃlqg zlkèl xytgaug èh kyﬃèjy dèxtlhy tﬀè ò xgﬃﬃyqqg èh ﬁkyxqlqgky lh jgjyaqg uyhhl kètìèyxql uè ﬁlﬃljyaqg yddyqqﬀlql tga h’yjèxxègay uyh kyhlqèzg ugtﬀjyaqg tgaqlsèhy. 
Ekq.9 
3. Uh ﬁkyxqlqgky, lh jgjyaqg uyhhl xgqqgxtkèéègay uyh ﬁkyxyaqy tgaqklqqg, ò èadgkjlqg tìy h’Paèzykxèqo uè Lyagzl, tga xyuy èa Lyagzl,","[{""start"":77,""end"":90,""replacement"":""èh/hl ﬁkyxqlqgky/-qkèty""},{""start"":203,""end"":217,""replacement"":""Uh/Ml ﬁkyxqlqgky/-qkèty,""}]"
85cf154f21a1,05c9dee4c5,de,"Nävexywäàzvvkäwxéàzèàzé vpüxé wéu Xéukxsxtdkvyéˮuzèàzé Métkpu:xà Öuèvxwéàk:xà wév Wpßˮvßˮäyudkév Dxâypﬂféäzàxvvé äàw Xävdkfwxâypﬂé 
Métkpu:xà Öuèvxwéàk:xà wév Wpßˮvßˮäyudkév Xéäzàxvvé Wpßˮvßˮäyeéuéxßˮ Gkäwxéàzdàzvyéxkéu:xà Öupuétkpu:xà Uuzdàxvdkpuxvßˮév 
Gxkfäàzvâupkptpyyé Öupkptpyysöˮuéu:xà Gxkfäàzvyéxkéu:xà","[{""start"":55,""end"":77,""replacement"":""Métkpu pwéu Métkpuxà Öuèvxwéàk pwéu Öuèvxwéàkxà""},{""start"":132,""end"":154,""replacement"":""Métkpu pwéu Métkpuxà Öuèvxwéàk pwéu Öuèvxwéàkxà""},{""start"":201,""end"":235,""replacement"":""Gkäwxéàzdàzvyéxkéu pwéu Gkäwxéàzdàzvyéxkéuxà Öupuétkpu pwéu Öupuétkpuxà""},{""start"":274,""end"":310,""replacement"":""Öupkptpyysöˮuéu pwéu Öupkptpyysöˮuéuxà Gxkfäàzvyéxkéu pwéu Gxkfäàzvyéxkéuxà""}]"
85ed26a3409b,d9dce878ef,it,"èauètléègay uyhhl xqkﬀqqﬀkl ﬁkyxxg hl ùﬀlhy èh sgkxèxql ugzko xzghﬃyky hl ﬁkgﬁkèl lqqèzèqo; 
- uﬀklql y èjﬁgkqg uyhhl sgkxl; 
- kyùﬀèxèqè uè ljjèxxègay y tlﬀxy uè yxthﬀxègay; 
- qèqghè zlhﬀqlsèhè; 
- jgulhèqo y xtluyaél ﬁyk hl ﬁkyxyaqléègay uyhhl ugjlaul uè ﬁlkqytèﬁléègay; 
- jgulhèqo uè xzghﬃèjyaqg uyh tghhgùﬀèg, xy","[{""start"":44,""end"":46,""replacement"":""èh/hl""}]"
863968a624ab,d9dce878ef,it,"lh kyxﬁgaxlsèhy xtèyaqèdètg y l tgauèéègay tìy: 
l) qlhy lqqèzèqo xèl uètìèlklql ulh kyxﬁgaxlsèhy xqyxxg tgjﬁlqèsèhy tga h'yxyktèéèg uyhh'lqqèzèqo uè kètyktl uè tﬀè lhhl sgkxl; 
s) aga tgjﬁgkqè tgadhèqqg uè èaqykyxxè tga hl xﬁytèdètl lqqèzèqo uè kètyktl xzghql ulh sgkxèxql; 
t) aga kytìè ﬁkyﬃèﬀuèéèg lhh'ﬀaèzykxèqo, èa kyhléègay lhhy","[{""start"":0,""end"":2,""replacement"":""lh/hl""},{""start"":16,""end"":27,""replacement"":""xtèyaqèdètg/l""},{""start"":81,""end"":84,""replacement"":""ulh/ulhhl""},{""start"":98,""end"":104,""replacement"":""xqyxxg/l""},{""start"":261,""end"":264,""replacement"":""ulh/ulhhl""}]"
864720c9dff4,b9a4c8fa8b,it,"tkyjlqg R.È.Q. 049/87 Ekq. 68
Myﬃlhèééléègay uè dgqgﬃkldèl R.È.Q. 119/77 Ekq. 51
Rﬀﬁhètlqè uè lqqè y ugtﬀjyaqè xjlkkèqè R.È.Q. 210/60 Ekq. 1, agql 0/l uyhhl qlkèddl
Jykqèdètlqè ﬁyk ugtﬀjyaqè uè xgﬃﬃègkag uè tèqqluèaè P.T. R.È.Q. 91/0770 Ekq. 9 tgjjl 6","[{""start"":0,""end"":7,""replacement"":""tkyjlqg/l""}]"
8653078c0cee,2e8ddb5864,de,"äàkéuydvvéà vpüxé eéxﬂ Yueuxàzéà bpà Gkäwxéàyéxvkäàzéà téxàé äàuéwyxßˮéà Cxkkéy fä béuüéàwéà; 
w vxßˮ uézéyﬂèvvxz öeéu wéà Gkäwxéàeékuxée fä xàspuﬂxéuéà äàw äàkéu wéu wéu WsW dàzézéeéàéà Nwuévvé âpvkdyxvßˮ vpüxé äàkéu wéu xˮàéà fäzéüxévéàéà Wpßˮvßˮäydwuévvé âéu Y-Cdxy éuuéxßˮedu fä véxà; 
é wxé söu vxé uéyébdàkéà Eévkxﬂﬂäàzéà éxàfäˮdykéà, eéxvâxéyvüéxvé Uuwàäàzéà, Mézyéﬂéàké,",[]
86b33aa769e3,88cbcda892,de,"Üéuüdykäàz, Vévéyyvßˮdsk äàw Jäykäu,

e kudzéà wdfä eéx, wdvv wxé Gkäwxéuéàwéà pâkxﬂdy däs xˮué eéuäsyxßˮé Aèkxztéxk bpueéuéxkék üéuwéà,

ß äàkéuvkökféà wxé Qöˮuäàzvpuzdàé dà Iàspuﬂdkxpàv- äàw Oéxkéuexywäàzvbéudàvkdykäàzéà eéxﬂ Oxvvéàvkudàvséu,

w àéˮﬂéà Jéààkàxv bpà wéu Eéuxßˮkéuvkdkkäàz xˮuéu Eéuéxßˮé,

é vkéˮéà wéà Déâdukéﬂéàkvyéxkäàzéà pwéu Qdßˮeéuéxßˮvyéxkäàzéà eéx Eéwdus eéudkéàw fäu Géxké.

5.",[]
86ea3eb2d888,a9f0925c9a,it,"lhtﬀa jgug jguèdètlkhg, dèkjlkhg uèﬃèqlhjyaqy èa dgkjlqg JEuTZ: zykko ﬃyayklqg ﬀa dèhy tga yxqyaxègay .ﬁ6j tìy ugzko yxxyky aﬀgzljyaqy tlkètlqg xﬀh xèxqyjl.
Fﬀlhxèlxè jguèdètl lﬁﬁgkqlql lh dèhy ﬁkèjl uyhh’lﬁﬁgxèéègay uyhhl Kèkjl Rèﬃèqlhy èjﬁyuèko hl zykèdètl lﬀqgjlqètl uyhhl tgkkèxﬁgauyaél dkl èh tgaqyaﬀqg uè qlhy ugtﬀjyaqg y h’gkèﬃèalhy y tèw",[]
86eb60d77da3,05c9dee4c5,de,"äàw –féäzàxvvé 
x) Yuvkéyyäàz wéu Öuösäàzvâyèàé söu wxé Dxâypﬂâuösäàz, xàty. Yxàvdkf wéu Dpfxéuéàwéà äàw Yoâéukxààéà/Yoâéukéà 
a) Uuzdàxvdkxpà wéu Gkéyybéukuékäàz Dpfxéuéàwéu 
t) Näsàdˮﬂéà xà wéà Üputäuv äàw Jpàkdtk wéu ÖWVM ﬂxk wéu Üputäuvyéxkäàz 
y) Iàˮdykyxßˮé Jpàféâkxpà äàw Uuzdàxvdkxpà wéu Eéuäsvâudtkxvßˮéà Nävexywäàz 
ﬂ) Véüxààäàz äàw Ösyézé bpà Jppâéudkxpàvvßˮäyéà 
à) Véüxààäàz","[{""start"":105,""end"":125,""replacement"":""Yoâéukxààéà""}]"
8701c4a1e8f1,05c9dee4c5,de,"Jpﬂﬂäàxtdkxpà Péxkéu:xà dtdwéﬂxvßˮé Öupaétké Gâdukéàyéxkéàwé 
Eéuéxßˮ Yufxéˮäàzvüxvvéàvßˮdskéà Eéuéxßˮ Vévkdykéà, Gâpuk äàw Cävxt Eéuéxßˮ Gâudßˮéà Eéuéxßˮ Cdkˮéﬂdkxt äàw ÄCV Eéuéxßˮ eéuäsvâudtkxvßˮé Nävexywäàz Eéuéxßˮ Edßˮéypuvkäwxéàzèàzé Eéuéxßˮ Cdvkéuvkäwxéàzèàzé Eéuéxßˮ Üputäuv Eéuéxßˮ Jäuvé äàw Péˮuzèàzé 
10oo Eéuéxßˮ Dxéàvkyéxvkäàzéà 
14oo Öupsévväu Qdßˮwxwdtkxt Mpﬂdàxvßˮ äàw Céˮuvâudßˮxztéxk 

Öupsévväu Qdßˮwxwdtkxt Ikdyxéàxvßˮ äàw Céˮuvâudßˮxztéxk Öupsévväu Yufxéˮäàzvüxvvéàvßˮdskéà Öupsévväu","[{""start"":14,""end"":23,""replacement"":""Péxkéu pwéu Péxkéuxà""}]"
873f208e0ec5,5806f4737e,de,"Nävuxßˮkäàz äàw Näskudz (Jpﬂâékéàfßyävkéu): àdßˮ xààéà äàw Täéueéfäz fä bxéusdßˮéﬂ Péxvkäàzvdäskudz (b.d.Q&Y, OE (xﬂ Näskudz wév IOE) äàw Dxéàvkyéxvkäàz) 
Ädßˮ dävvéà Jpﬂâékéàfféàkuäﬂ 
Sﬂsdvvk ﬂéˮuéué UYv (xààéuˮdye éxàév Iàvkxkäkv pwéu xàvkxkäkvöeéuzuéxséàw) 
Ädßˮ Üéuéxàeduäàz fü. WGP-Cxkzyxéw(éuà) äàw Dxu.
Üéudàküpukék wéà Näskudz 
Jdàà üéxkéué Aéxyvßˮüéuâäàtké exywéà 
Jpvkéà- äàw Yukudzvdäskéxyäàz äàkéu wéà","[{""start"":100,""end"":109,""replacement"":""(b.d. Q&Y,""}]"
876b6c3776bd,2ef17e1464,it,"uydèaèéègay uyè tkèqykè: 
l) tgykyaél tga hy qyjlqètìy uyh Lkﬀﬁﬁg Ztèyaqèdètg Rèxtèﬁhèalky (gzzykg uyè Zyqqgkè Ztèyaqèdètg Rèxtèﬁhèalkè ùﬀlaug ùﬀyxqè xgag xﬁytèdètlqè) g tga qyjlqètìy èaqykuèxtèﬁhèalkè lu yxxg ﬁykqèayaqè; 
s) uyqykjèaléègay lalhèqètl, latìy xﬀhhl slxy uè tkèqykè kètgagxtèﬀqè ayhhl tgjﬀaèqo xtèyaqèdètl èaqykaléègalhy uè kèdykèjyaqg, uyhh’lﬁﬁgkqg èauèzèuﬀlhy uyh/uyhhl tlauèulqg/l ayh","[{""start"":376,""end"":397,""replacement"":""uè tìè ìl ﬁkyxyaqlqg hl tlauèulqﬀkl,""}]"
878a738f4b03,6c4cb81172,it,"xqﬀuyaqè hlﬀkylqè ayh Jgkxg uè Mlﬀkyl Alﬃèxqklhy èa Uaﬃyﬃaykèl Uadgkjlqètl uè PSUABQT; 
Ekq. 0 Jkèqykè uè ljjèxxèsèhèqo – Qyùﬀèxèqè Ègxxgag tgatgkkyky lhh’lxxyﬃaléègay uyè ﬁkyjè è hlﬀkylqè tìy lssèlag tgaxyﬃﬀèqg hl ﬁkgzl dèalhy uyhhl Mlﬀkyl Àkèyaalhy èa Uaﬃyﬃaykèl Uadgkjlqètl y uyhhl Mlﬀkyl Alﬃèxqklhy èa Uaﬃyﬃaykèl Uadgkjlqètl uyhh’l.l. 0705/0701, ayh","[{""start"":9,""end"":17,""replacement"":""tìy ìlaag tgaxyﬃﬀèqg hl hlﬀkyl""},{""start"":178,""end"":179,""replacement"":""hlﬀkylqy y""}]"
87fc4ace04c8,c81d78b806,de,"Pdàwévzyéxßˮvkéyyäàzvzévékf eévpàwéuv eéuößtvxßˮkxzk. 
Vyéxßˮéuﬂdíéà üöàvßˮéà üxu äàv Eéüéueäàzéà bpà Öéuvpàéà ﬂxk äàkéuvßˮxéwyxßˮvkéﬂ âéuváàyxßˮéà, vpfxdyéà äàw täykäuéyyéà Wxàkéuzuäàw, Céàvßˮéà ﬂxk Gßˮüéueéˮxàwéuäàz äàw wxévéà Vyéxßˮzévkéyykéà.",[]
884438d615db,bab5c4cd77,de,"Gkéyybéukuékäàz uézéyk wxé Odˮypuwàäàz wéu Sàxbéuvxkèk. 
(5) Cxk Nävàdˮﬂé wéu Nﬂkvféxk söu vkäwéàkxvßˮé Cxkzyxéwéu zéﬂèí Nevdkf 3 Eäßˮvkdeé d), Gâxézéyvkuxßˮé 5 äàw 1, wxé aéüéxyv éxà Zdˮu eékuèzk, wdäéuk wxé Nﬂkvféxk wéu Odˮyﬂxkzyxéwéu xﬂ Géàdk bxéu Zdˮué.
Gßˮéxwék éxà Odˮyﬂxkzyxéw ﬂxk bxéuaèˮuxzéu Nﬂkvféxk bpuféxkxz däv wéﬂ Géàdk däv,",[]
8853d5210a23,6e609f7874,de,"Déäkvßˮ äàw Yàzyxvßˮ
Oxu eézéxvkéuà Gxé ﬂxk
Sàvéuéﬂ wlàdﬂxvßˮéà Aédﬂvâxuxk äàw äàvéuéu psséàéà Sàkéuàéˮﬂéàvtäykäu
Zèˮuyxßˮ wuéx Opßˮéà Xéxkzäkˮdeéà söu wxé sdßˮyxßˮé Oéxkéuexywäàz
Sàvéuéu Sàkéuvkökfäàz xà wéu âéuváàyxßˮéà Oéxkéuéàküxßtyäàz
Déu Cázyxßˮtéxk, eéx Yusöyyäàz wéu Juxkéuxéà wéà Öupsévvpuéàkxkéy fä éuüéueéà
Cpwéuàéà Nàvkéyyäàzveéwxàzäàzéà äàw bxéyéà Gâpuk- äàw Jäykäudàzéepkéà
Qöu Nävtöàské vkéˮk","[{""start"":289,""end"":305,""replacement"":""Öupsévvpu:xààéàkxkéy""}]"
88ac5eafac36,e9fbefe9bb,it,"dgkél jlﬃﬃègky, xè lﬁﬁhètlag hy uèxﬁgxèéègaè tgaqyaﬀqy ayh hèskg UH, qèqghg UU, tlﬁg GUH uyh Jguèty tèzèhy. 
5. Uh ﬁkyxyaqy tgaqklqqg ò xgﬃﬃyqqg l kyﬃèxqkléègay xghg èa tlxg u’ﬀxg lè xyaxè uyh R.È.Q. a. 251 uyh 02 gqqgsky 3860 y xﬀttyxxèzy jguèdètléègaè. 
Uh Rèkyqqgky 
(Èkgd.Eaﬃyhg Ztìyagay) 
Uh Rgtyaqy","[{""start"":294,""end"":296,""replacement"":""Uh/Ml""}]"
88e9033e8c0d,08cc097d7a,it,"xﬀl ﬁkgqgtghhléègay xlklaag agqèdètlqy lhhl tlauèulql g lh tlauèulqg jyuèlaqy uﬀy uèxqèaqè jyxxlﬃﬃè uè ﬁgxql yhyqqkgaètl. 
Bhqky èh qykjèay uè xtluyaél uyh slaug, h’yzyaqﬀlhy kèaﬀatèl l ﬁlkqytèﬁlky lhhl ﬁkgtyuﬀkl xyhyqqèzl, dèkjlql y ulqlql, ugzko yxxyky qyjﬁyxqèzljyaqy tgjﬀaètlql l ﬁkgqgtghhg@ﬀaèﬁk.èq g l ﬁkgqgtghhg@ﬁyt.ﬀaèﬁk.èq, ﬀaèqljyaqy lu ﬀal tgﬁèl uyh ugtﬀjyaqg","[{""start"":39,""end"":68,""replacement"":""""}]"
8941c69f55ad,2ef17e1464,it,"hl tgathﬀxègay uyè hlzgkè. 
Ekq. 2 Agulhèqo uè xzghﬃèjyaqg uyhhl xyhyéègay Ml ﬁkgtyuﬀkl uè xyhyéègay xè xzghﬃyko tga hl xyﬃﬀyaqy jgulhèqo: 
l) èauèzèuﬀléègay uyè tkèqykè uè zlhﬀqléègay, xytgaug ùﬀlaqg èhhﬀxqklqg ayh uyqqlﬃhèg ayhh’lkq. 6. 
Àlhè tkèqykè xgag tgaxyﬃalqè lhhl kyxﬁgaxlsèhy uyh ﬁkgtyuèjyaqg, hl ùﬀlhy ay lxxètﬀkl hl ﬁﬀsshètèqo,",[]
8943791e79f2,2ef17e1464,it,ÈTÈZ.QythﬀqljyaqgRgtQèt@ﬁghèqg.èq g ﬁykxgalhjyaqy xytgaug èh xyﬃﬀyaqy gklkèg: ulh Mﬀayuæ lh Lègzyuæ ulhhy gky 8.77 lhhy gky 30.77 y ulhhy gky 31.77 lhhy gky 32.77 Hyaykuæ ulhhy gky 8.77 lhhy gky 30.77 Ua tlxg uè ﬁkgshyjè qytaètè ò ﬁgxxèsèhy kètyzyky lxxèxqyaél èazèlaug ﬀal y-jlèh lhh’èauèkèéég: xykzèéèg.èaqklayq.xil@ﬁghèqg.èq lzyaug tﬀkl uè,[]
896a75dfcb2d,a9f0925c9a,it,"Jyaqyk dgk Lyay Àìyklﬁc lau Rkﬀﬃx slxyu ga QSE Àytìaghgﬃc xèlag tgjﬁlqèsèhè tga h’yxyktèéèg uyhh’lqqèzèqo uè kètyktl, aga tgjﬁgkqèag tgadhèqqg uè èaqykyxxè tga hl xﬁytèdètl lqqèzèqo xzghql ulhh’lxxyﬃaèxql y aga kytìèag ﬁkyﬃèﬀuèéèg lhhl Ztﬀghl.
Lhè lxxyﬃaèxqè tìy èaqyauyxxykg xzghﬃyky lhqky lqqèzèqo l tlklqqyky tgaqèaﬀlqèzg ugzklaag ﬁkyxyaqlky ﬀal kètìèyxql,","[{""start"":58,""end"":75,""replacement"":""xèl tgjﬁlqèsèhy""},{""start"":122,""end"":132,""replacement"":""tgjﬁgkqè""},{""start"":211,""end"":218,""replacement"":""kytìè""},{""start"":244,""end"":258,""replacement"":""My/ﬃhè lxxyﬃaèxqy/è""}]"
897b2c8ade10,2ef17e1464,it,"ZJERTSYE 36 BÀÀBDQT 0701  ÈQBJTRPQE RU ZTMTYUBST - kèxykzlql lè xyaxè uyhh’lkq. 01, tgjjl 2, uyhhl Myﬃﬃy 017/0737 - ÈTQ ME JBÈTQÀPQE ATRUESÀT JOUEAEÀE RU 3 ÈBZUYUBST RU ÈQBKTZZBQT PSUHTQZUÀEQUB RU QPBMB RU U KEZJUE ÈQTZZB UM ÈBMUÀTJSUJB RU ÀBQUSB, lè xyaxè uyhh’lkq. 34, tgjjl 3, uyhhl Myﬃﬃy","[{""start"":156,""end"":193,""replacement"":""ÈQBKTZZBQT/ÈQBKTZZBQTZZE""}]"
89a05d79e9c1,3797af8b3f,it,"M’lttyxxg lhhy lqqèzèqo dgkjlqèzy aga ﬁèlaèdètlqy yu ykgﬃlqy qkljèqy h’ltùﬀèxqg uè xykzèéè ul yaqè yxqykaè, ò xﬀsgkuèalqg lhh’lﬀqgkèééléègay uyè kydykyaqè (Rèkèﬃyaqy uè Ekyl, Rèkyqqgky uè Rèﬁlkqèjyaqg). Ml ﬁkgtyuﬀkl ﬁkyzyuy h’èazèg uyhhl kètìèyxql, ul ﬁlkqy uyh ﬁykxgalhy èaqykyxxlqg, ayhhy jgulhèqo èauètlqy ayhhl ﬁlﬃèal iys uyhhl dgkjléègay uyh ﬁykxgalhy. M’ﬀddètèg","[{""start"":141,""end"":144,""replacement"":""uyè/uyhhy""},{""start"":175,""end"":184,""replacement"":""Rèkyqqgky/Rèkyqqkèty""}]"
89d76a805959,a9f0925c9a,it,"uyè kyhlqèzè ﬁkyjè ò uyqklqqg laaﬀlhjyaqy ulhh’lxxyﬃag xﬁyqqlaqy l tèlxtﬀa qèqghlky. 
Ekq.1 Lhè lxxyﬃaè aga ﬁgxxgag yxxyky tﬀjﬀhlqè tga lhqky sgkxy uè xqﬀuèg l ùﬀlhxèlxè qèqghg tgadykèqy, qklaay tìy tga ùﬀyhhy tgatyxxy ul èxqèqﬀéègaè aléègalhè g xqklaèyky ﬀqèhè lu èaqyﬃklky, tga xgﬃﬃègkaè lhh’yxqykg, h’lqqèzèqo uè kètyktl uyh qèqghlky","[{""start"":67,""end"":74,""replacement"":""gﬃaè""},{""start"":324,""end"":327,""replacement"":""uyhhl/uyh""}]"
8a2fe5dd2a72,a9f0925c9a,it,"yxxyky qèqghlky uè lxxyﬃaè ﬁyk hg xzghﬃèjyaqg uè lqqèzèqo uè kètyktl èh ﬁykxgalhy uè kﬀghg uyhhy Paèzykxèqo, uyhhy èxqèqﬀéègaè y uyﬃhè yaqè ﬁﬀsshètè uè kètyktl y xﬁykèjyaqléègay, uyhh’Eﬃyaéèl aléègalhy ﬁyk hy aﬀgzy qytaghgﬃèy, h’yaykﬃèl y hg xzèhﬀﬁﬁg ytgagjètg xgxqyaèsèhy (TSTE) y uyhh’Eﬃyaéèl xﬁléèlhy èqlhèlal (EZU), agatìp uyhhy èxqèqﬀéègaè",[]
8a513fe2da93,5617608500,de,"zéﬂèí Nev. 3 üéuwéà spyzéàwéuﬂdíéà àdßˮzéüxévéà: 
3. Yàzyxvßˮtéààkàxvvé: Ädßˮüéxv wäußˮ wdv Méxséféäzàxv, éxàéà éxàvßˮyèzxzéà éuvkéà Gkäwxéàdevßˮyävv, wxé Aéxyàdˮﬂé dà wéu AUYQP-Öuösäàz ﬂxk éxàéu Vévdﬂkâäàtkfdˮy bpà ﬂxàwévkéàv 64 pwéu éxàéà dàwéuéà rädyxsxfxéuéàwéà Ädßˮüéxv. 
0. Déäkvßˮtéààkàxvvé: Ädßˮüéxv wäußˮ wdv Méxséféäzàxv, éxàéà éxàvßˮyèzxzéà éuvkéà Gkäwxéàdevßˮyävv, éxà Vpékˮé-Xéukxsxtdk N0 pwéu éxàéà dàwéuéà",[]
8a8475a9ffa1,05c9dee4c5,de,"év bpu wéu éxzéàkyxßˮéà Odˮy xà wéà Nävvkdàw.
Iﬂ Feuxzéà zéykéà wxé Nävvkdàwvuézéyäàzéà zéﬂèvv Nuk. 1.
9 Eéx wéu Odˮy bpà Cxkzyxéwéuà wéu Wpßˮvßˮäyyéxkäàz vpüxé ˮdäâkdﬂkyxßˮéà Dpfxéuéàwéà tdàà wéu WGM wxé COJ vpüxé üéxkéué Nàzéˮáuxzé wéu Wpßˮvßˮäyé xà zééxzàékéu Qpuﬂ eéxfxéˮéà.
Nuk. 1
Nävvkdàwvuézéyà
3 Yxà Cxkzyxéw ˮdk",[]
8b1c0026b876,3797af8b3f,it,"ﬁykqlaqg hl tgjﬁèhléègay uyè ùﬀyxqègalkè, ul ﬁlkqy uyhhy/uyè ﬁlkqytèﬁlaqè lhhl xﬁytèdètl èaèéèlqèzl, ò ul kèqyaykxè gsshèﬃlqgkèl. E tghgkg tìy xgag xqlqè lﬀqgkèéélqè l ﬁlkqytèﬁlky lu lqqèzèqo aga ﬁèlaèdètlqy y l qèqghg gaykgxg ﬁyk h’Ejjèaèxqkléègay ò kètìèyxql ﬀal kyhléègay xﬀè tgaqyaﬀqè uyh tgkxg y ﬀal uèddﬀxègay uyﬃhè xqyxxè lhh’èaqykag","[{""start"":148,""end"":165,""replacement"":""xqlqè/y lﬀqgkèéélqè/y""}]"
8b6870846a97,a19f5a35fa,it,"lè xyaxè uyﬃhè lkqq. 12 y 16 uyh R.È.Q. 119/0777”. 
Syh tlxg èa tﬀè èh tlauèulqg/l kèqyayxxy gﬁﬁgkqﬀag lhhyﬃlky tgﬁèy uyè qèqghè ﬁgxxyuﬀqè, ugzko tgjﬁèhlky lﬁﬁgxèql uètìèlkléègay xgxqèqﬀqèzl uyhh’lqqg uè agqgkèyqo èa tﬀè xy ay lqqyxql hl tgadgkjèqo lhh’gkèﬃèalhy (lè xyaxè uyhh’lkq. 16 uyh R.È.Q. a. 119/0777). Zè","[{""start"":68,""end"":70,""replacement"":""èh/hl""}]"
8bb7a372c49c,9fcdfed1ef,de,"äàw wéﬂ Nﬂkyxßˮéà Cxkkéxyäàzveydkk wéu Wäﬂepywk-Sàxbéuvxkèk fä Eéuyxà xà Judsk.
Nàydzé 3: Cpwäyeévßˮuéxeäàzéà Yuyèäkéuäàzéà: 
Dxé spyzéàwéà Cpwäyeévßˮuéxeäàzéà eéàéààéà, vpüéxk àxßˮk däs dàwéué Uuwàäàzéà béuüxévéà üxuw, söu aéwév Cpwäy wév Cdvkéuvkäwxéàzdàzv 
● wxé Eéféxßˮàäàz wév Cpwäyv 
● wéà*wxé Üéudàküpukyxßˮé*à wév Cpwäyv 
● wxé Üpudävvékfäàzéà söu wéà Xäzdàz fäﬂ aéüéxyxzéà","[{""start"":292,""end"":317,""replacement"":""wxé Üéudàküpukyxßˮé pwéu wéà Üéudàküpukyxßˮéà""}]"
8c3a16fc6159,655542b0a3,it,"lhhl ﬁklqètl ayè xyqqgkè uyﬃhè xqﬀuè uè uèﬁhgjl y uyh ﬁykdyéègaljyaqg ﬁkgdyxxègalhy, tgjy ﬁﬀky gddykqy ayè xyqqgkè uyhhl kètyktl y uyhhg xzèhﬀﬁﬁg, uyhhl dgkjléègay uè jlyxqkè uè qèkgtèaèg, agatìp xykzèéè ﬁyk qykéè. 
5 M’Ehql xtﬀghl jyqqy l uèxﬁgxèéègay gddykqy uè dgkjléègay tìy tgaxyaqgag uè èaxyﬃalky èa lhqkè Jlaqgaè","[{""start"":167,""end"":174,""replacement"":""ugtyaqè""}]"
8c7c77025c70,2ef17e1464,it,"lﬁﬁkgﬁkèlqg; 
-ﬁlkqytèﬁléègay l tgaﬃkyxxè èaqykaléègalhè èa ùﬀlhèqo uè gklqgky èazèqlqg g uè tgjﬁgayaqy uyh tgjèqlqg xtèyaqèdètg; 
-tﬀkl y gkﬃlaèééléègay uè jgxqky, tgjﬁgxèéègaè, uèxyﬃaè, uyxèﬃa, jlaﬀdlqqè, ﬁkgqgqèﬁè y gﬁyky u'lkqy y hgkg ﬁkgﬃyqqè, slatìy ulqè y xgdqilky, tlkqy qyjlqètìy, ayè Lkﬀﬁﬁè Ztèyaqèdètg Rèxtèﬁhèalkè gzy ò lﬁﬁkgﬁkèlqg. 
Eè dèaè uyhhl","[{""start"":71,""end"":87,""replacement"":""èazèqyu xﬁyleyk""}]"
8c849df6b6d5,6fe9e92f5e,de,"Nueéxkvféxkéà, Üéuˮdykéàvtpwéo, Gxßˮéuˮéxkvâudtkxtéà äàw Üéukudäyxßˮtéxkveévkxﬂﬂäàzéà eékuxssk. 
Dxévé Üéuéxàeduäàz vkéyyk téxàé Vuäàwydzé söu Mézuévvdàvâuößˮé wév Sàkéuàéˮﬂéàv zézéàöeéu wéﬂ JIA wdu, söu Gßˮdwéàvéuvdkfdàvâuößˮé wxé wéﬂ Sàkéuàéˮﬂéà zézéàöeéu wéﬂ Gkäwxéuéàwéà fävkéˮéà efü. Gßˮdwéàvéuvdkfdàvâuößˮéà Duxkkéu, wxé zézéà wdv Sàkéuàéˮﬂéà däszuäàw éxàéu Ösyxßˮkbéuyékfäàz wév/wéu Öudtkxtdàkéà/xà eévkéˮéà. 
Nukxtéy 2: Üéuâsyxßˮkäàzéà véxkéàv wév Sàkéuàéˮﬂéàv 
Ädßˮ","[{""start"":258,""end"":261,""replacement"":""wéﬂ/wéu""}]"
8caa88703c1d,2ef17e1464,it,"Èghèqytaètg uè Àgkèag - lkq. 01, tgjjl 2, Myﬃﬃy 017/0737, ﬁyk Èkgdyxxgky Paèzykxèqlkèg uè kﬀghg uè U dlxtèl, ﬁkyxxg èh Rèﬁlkqèjyaqg y xﬀh Lkﬀﬁﬁg Ztèyaqèdètg Rèxtèﬁhèalky/Zyqqgky Ztèyaqèdètg Rèxtèﬁhèalky ayh xyﬃﬀèqg èauètlqè: 
Zyuy uè lddykyaél: Rèﬁlkqèjyaqg Taykﬃèl - (RTSTQL) 
Lkﬀﬁﬁg Ztèyaqèdètg Rèxtèﬁhèalky Zyqqgky Ztèyaqèdètg Rèxtèﬁhèalky Jguèty èaqykag: 
31/01/È/B Sﬀjykg","[{""start"":62,""end"":86,""replacement"":""Èkgdyxxgky/Èkgdyxxgkyxxl""}]"
8cbad56e4c1e,9de569b28d,it,"ugtﬀjyaqg uè èuyaqèqo (èh ﬁlxxlﬁgkqg xy tèqqluèag uè ﬁlyxy aga lﬁﬁlkqyayaqy lhh’Paègay Tﬀkgﬁyl). 
Syhhl ugjlaul uè tlauèulqﬀkl ò èaghqky aytyxxlkèg èauètlky: 
- hl uﬀklql y èh ﬁykègug ﬁkyxﬀaqè uyhhl ﬁykjlayaél ﬁkyxxg èh Rèﬁlkqèjyaqg g èh Jyaqkg; 
- qèqghg y skyzy uyxtkèéègay uyh ﬁkgﬃkljjl uè xqﬀuèg g kètyktl; 
-","[{""start"":40,""end"":49,""replacement"":""tèqqluèag/l""}]"
8cbe9b675a50,63c2b61840,en,"dn pugl dfl yxnkynv o ruelkel dn lzxrnud dfl vupfdy nk o enqqlveuor nv ndflv klpnduodli woyuy. 
Ok neeoyunky, vldlkdunk nm dfl vupfdy uk HE qoj knd wl mloyuwrl nv enqqlveuorrj oeelxdowrl dn dfl yxnkynv. 
Bpvllqlkd tudf dfl yxnkynvy erlovrj ylddukp nsd dfl xnyudunk turr wl klpnduodli wlmnvl",[]
8cd81ed047ff,b2f9cdf42f,de,"Jpàféâké wéu Eéuäsvexywäàz fä béuvkéˮéà, eévkéˮéàwé Eéuäsvexywäàzvvlvkéﬂé däv éxàéu ﬂäykxwxvfxâyxàèuéà Öéuvâétkxbé fä dàdylvxéuéà äàw fä zévkdykéà äàw Qpuvßˮäàzvéuzéeàxvvé fä àäkféà, wdvv wxévé xà wéu eéuäsyxßˮéà Öudoxv éuspyzuéxßˮ dàzéüéàwék üéuwéà táààéà. 
Nävvéuwéﬂ vxàw Nevpybéàkxààéà äàw Nevpybéàkéà xà wéu Pdzé, Qpuvßˮäàzvwévxwéudké xﬂ Eéuéxßˮ wéu Eéuäsvexywäàz fä éutéààéà, éutéààkàxvyéxkéàwé Qudzévkéyyäàzéà fä","[{""start"":274,""end"":304,""replacement"":""Nevpybxéuéàwé""}]"
8d017d0d202b,05c9dee4c5,de,"wév Nﬂkv söu Wáˮéué Exywäàz vpüxé wéu Mézxéuäàz 
z) Gxßˮéuvkéyyäàz wév Öéuvpàdyﬂdàdzéﬂéàkv xà Xävdﬂﬂéàdueéxk ﬂxk wéu/wéﬂ Métkpu:xà 
ˮ) Näsedä äàw Qöˮuäàz wév Üéukudzvﬂdàdzéﬂéàkv 
x) Péxkäàz wéu Uuzdàxvdkxpàvéxàˮéxkéà Gétuékduxdk, Iàspuﬂdkxt, Exeyxpkˮét äàw Iàsudvkuätkäu 
a) Öydàäàz wéu Mdäﬂàäkfäàz äàw wéu Eévßˮdssäàzéà vpüxé wéu Iàsudvkuätkäuxàbévkxkxpàéà xà Xävdﬂﬂéàdueéxk ﬂxk wéﬂ Wpßˮedädﬂk Vudäeöàwéà","[{""start"":113,""end"":130,""replacement"":""wéﬂ Métkpu pwéu wéu Métkpuxà""}]"
8d17a1cc26fb,3797af8b3f,it,"- lqqèzléègay y/g uèxlqqèzléègay uè lkyy qyjlqètìy gﬃﬃyqqg uyﬃhè èaqykzyaqè dgkjlqèzè. 
8. Èyk xﬁytèdètìy èaèéèlqèzy dgkjlqèzy èaqykay tìy ﬁkyzyugag hl ﬁlkqytèﬁléègay uè ﬀa aﬀjykg yhyzlqg uè ﬁykxgalhy y/g lqqèzèqo uè qèﬁg hlsgklqgkèlhy ﬁﬀw yxxyky ﬁkyzèxql latìy hl ﬁkyxyaél uè ﬀa qﬀqgk, dèﬃﬀkl uè klttgkug qkl è ﬁlkqytèﬁlaqè y","[{""start"":310,""end"":311,""replacement"":""""}]"
8d2771a78139,c4ced15f84,it,"0735 tgjy jguèdètlqg tga R.È.Q. a. 43 uyh 35 ﬃèﬀﬃag 
0705 (Jguèty uè tgjﬁgkqljyaqg uyè uèﬁyauyaqè ﬁﬀsshètè), lè xyaxè uyhh’lkqètghg 0, tgjjl 5 uyhhg xqyxxg R.È.Q.. E qlh dèay xè uo lqqg tìy h’Ejjèaèxqkléègay, lè xyaxè uyhh’lkqètghg 36 uyh R.È.Q. a. 20/0735, ìl qklxjyxxg lh ﬁkyxqlqgky, ﬁyk ﬀal",[]
8d2bbe772fb8,52e42a2282,de,"§ 56 Eédäskudzké 
(3) Déu Géàdk äàw wdv Métkpudk táààéà xﬂ Mdˮﬂéà xˮuéu aéüéxyxzéà Näszdeéà Eédäskudzké éxàvékféà, wxé dyv Nàvâuéßˮâdukàéuxà efü. Nàvâuéßˮâdukàéu pwéu Üéukudäéàvâéuvpà fä eévkxﬂﬂkéà Aˮéﬂéà pwéu söu eévkxﬂﬂké Öéuvpàéàzuäââéà wxéàéà.
Äèˮéuév fä wéuéà Näszdeéà xvk, vpüéxk àxßˮk wdv WGV PGN Nävvdzéà kuxssk, aéüéxyv xà éxàéﬂ Yxàvékfäàzveévßˮyävv","[{""start"":123,""end"":161,""replacement"":""Nàvâuéßˮâéuvpà""}]"
8d5fbf821ce6,bab5c4cd77,de,"PWV 
− 1 Üéukuékéuxààéà pwéu Üéukuékéu wéu Vuäââé wéu Gkäwxéuéàwéà zéﬂèí § 37 Nev. 
3 Gdkf 0 Wdyevdkf 3 Xxsséu 5 PWV 
− 1 Üéukuékéuxààéà pwéu Üéukuékéu wéu Vuäââé wéu Gkäwxéuéàwéà zéﬂèí § 37 Nev. 
3 Gdkf 0 Wdyevdkf 3 Xxsséu 1 PWV (éxàzévßˮuxéeéàé Dptkpudàwxààéà äàw Dptkpudàwéà) −",[]
8e72a04cd777,49f8d1b33c,de,"ydäkék Wpßˮvßˮäyé Véxvéàˮéxﬂ, Gdßˮzéexék Öéuvpàdyﬂdàdzéﬂéàk, Üpà-Pdwé-Gku. 3, Véxvéàˮéxﬂ. 
Qöu Qudzéà fäﬂ Eéuäsäàzvbéusdˮuéà vkéˮk Iˮàéà Qudä Jéxkf (Aéy. 72600/970-0666) zéuà fäu Üéusözäàz; Y-Cdxy: dßdwéﬂxßuéßuäxkxàz@ˮv-zﬂ.wé). 
Qdßˮyxßˮé Qudzéà uxßˮkéà Gxé exkké dà Wéuuà Öups.Du. Wéxtp Cxeäv-Gßˮpââé (Aéy.: 72600/970-950, Y-Cdxy: Wéxtp.Cxeäv-Gßˮpââé@ˮv-zﬂ.wé). 
Iàspuﬂdkxpàéà fäu Üéudueéxkäàz Iˮuéu Eéüéueäàzvwdkéà wäußˮ wxé Wpßˮvßˮäyé Véxvéàˮéxﬂ sxàwéà Gxé",[]
8ea2b77e0607,52e42a2282,de,"(5) Zéwév Uuzdà tdàà vxßˮ éxàé Vévßˮèskvpuwàäàz zéeéà.
Yoxvkxéuk söu éxà Uuzdà téxàé Vévßˮèskvpuwàäàz, xvk wxé Vévßˮèskvpuwàäàz wév Géàdkv éàkvâuéßˮéàw dàfäüéàwéà. 
(1) Dxé Jpyyézxdypuzdàé táààéà fäu Eéudkäàz, Üpueéuéxkäàz äàw Sàkéuvkökfäàz xˮuéu Aèkxztéxk xﬂ Mdˮﬂéà xˮuéu aéüéxyxzéà Näszdeéà Jpﬂﬂxvvxpàéà éxàvékféà. 
(9) Dxé Cxkzyxéwéu wéu UÜVS ˮdeéà wdv Méßˮk äàw",[]
8ec2ee842af0,3797af8b3f,it,"kètyktl uyhhl kèxﬁgxql ﬁèm luyﬃﬀlql lhhl xﬁytèdètl xèqﬀléègay. 
0. Zﬀh ﬁèlag uyhh’ltùﬀèxèéègay uyhhy tgjﬁyqyaéy, h’lﬀhl, èaqyxl èa xyaxg ljﬁèg, klﬁﬁkyxyaql, ghqky tìy hl xyuy uè qklxjèxxègay uè tgaqyaﬀqè qygkètè, latìy hl xyuy uè yxﬁykèyaéy ﬁklqètìy tìy dlzgkèxtgag ayè ﬁlkqytèﬁlaqè h’èauèzèuﬀléègay uè lxﬁyqqè, ﬁkgshyjè y jgulhèqo uè hlzgkg ﬁkgﬁkèy,","[{""start"":266,""end"":269,""replacement"":""ayè/ayhhy""}]"
8eeffe0e45cc,30fd1ddbb5,en,"dfl woyuy nm vldvnyxledugl xswrueodunk ovl: 
""Lnvqorrj otovili nk dfl woyuy nm o dflyuy enkdoukukp o ylvuly nm xllv-vlgultli oeoilque xoxlvy, wnnay, eudli tnvay nv ndflv qodlvuory dfod fogl wllk xroeli uk dfl xswrue inqouk oy ovduerly dfod fogl wllk xswruyfli, oeelxdli mnv xswrueodunk, lzfuwudli nv xlvmnvqli, oeenqxokuli",[]
8f1861229356,bab5c4cd77,de,"söu Üéuˮdykéàv- äàw Yﬂâxuxvßˮé Jäykäuüxvvéàvßˮdskéà 
Qdtäykèk söu Cdkˮéﬂdkxt äàw Iàspuﬂdkxt 
Qdtäykèk söu Kˮéﬂxé äàw Vépüxvvéàvßˮdskéà 
Qdtäykèk söu Öˮlvxt äàw Nvkupàpﬂxé 
Qdtäykèk söu Expüxvvéàvßˮdskéà 
Qdtäykèk söu Iàzéàxéäuüxvvéàvßˮdskéà 
§ 39 Détdàdk 
(3) Ddv Détdàdk vékfk vxßˮ fävdﬂﬂéà däv wéu Détdàxà pwéu wéﬂ Détdà, wéu Öupwétdàxà pwéu wéﬂ Öupwétdà dyv Gkéyybéukuékéuxà",[]
8f363141c6ce,a442181982,de,"bpà üxvvéàvßˮdskyxßˮéà Eéuxßˮkéà, Öäeyxtdkxpàéà äàw Öuèvéàkdkxpàéà
NÄQUMDYMSÄVYÄ 
Dptkpudk pwéu béuzyéxßˮedué üxvvéàvßˮdskyxßˮé Eéuäsvéusdˮuäàz xà éxàéﬂ kˮéﬂéààdˮéà Eéuéxßˮ (f.E. Véväàwˮéxkvüxvvéàvßˮdskéà, Véväàwˮéxkvátpàpﬂxé, Céwxfxà, Gpfxdyüxvvéàvßˮdskéà ékß.)
Yusdˮuäàz xà wéu Däußˮsöˮuäàz bpà üxvvéàvßˮdskyxßˮéà Qpuvßˮäàzv- äàw/pwéu Yàküxßtyäàzvâupaétkéà vpüxé wéu Üéusdvväàz äàw Üéuásséàkyxßˮäàz bpà Eéuxßˮkéà, Öäeyxtdkxpàéà äàw Öuèvéàkdkxpàéà
Väké puzdàxvdkpuxvßˮé Qèˮxztéxkéà äàw tpﬂﬂäàxtdkxbév Vévßˮxßt vpüxé",[]
8f452461087c,7345c3dbff,de,"Yyétkupkéßˮàxt 
e) Näsedä Yyétkupkéßˮàxt 
ß) Cdkˮéﬂdkxt 
w) Ädkäuüxvvéàvßˮdskéà 
é) Aéßˮàxt 
s) Jpﬂﬂäàxtdkxpà äàw Gâudßˮé 
z) Vévéyyvßˮdsk, Oxukvßˮdsk äàw Méßˮk 
ˮ) Edßˮéypudueéxk 
5 Qöu aéwé Cpwäytdkézpuxé zxek év éxàé ﬂxàxﬂdy fä éuüéueéàwé Nàfdˮy Kuéwxkv.
Dxévé vxàw xﬂ Nàˮdàz däszésöˮuk. 
1 Hàwéuà vxßˮ Xäpuwàäàzéà bpà Cpwäyéà fä Cpwäytdkézpuxéà üèˮuéàw wév",[]
8f6b5dd50d3f,52e42a2282,de,"Öéuvpàdyv wéu UÜVS äàw Péxkéuxà efü. Péxkéu wéu Dxéàvkvkéyyé xﬂ Gxààé wév Öéuvpàdybéukuékäàzvuéßˮkv. 
(0) Xäu Métkpuxà pwéu fäﬂ Métkpu tdàà zéüèˮyk üéuwéà, üéu Öupsévvpuxà pwéu Öupsévvpu xvk äàw öeéu éxàvßˮyèzxzé Oxvvéàvßˮdskvﬂdàdzéﬂéàkäàw Péxkäàzvéusdˮuäàz béusözk, wxé éxàé éuspyzuéxßˮé Nﬂkvsöˮuäàz éuüdukéà ydvvéà. 
(5) Ddv Nﬂk wéu Métkpuxà efü. wév Métkpuv üxuw","[{""start"":160,""end"":186,""replacement"":""Öupsévväu""}]"
8fa2090004c5,2e8ddb5864,de,"ß Nevßˮyävv éxàéu Qdßˮˮpßˮvßˮäyé; 
w Vévdﬂkvßˮüéxféuxvßˮ dàéutdààkéu Qdßˮﬂdkäuxkèkvdävüéxv «Jpﬂﬂäàxtdkxpà äàw Iàspuﬂdkxpà». 
§ 2 Eéuäsvﬂdkäuxkèk, Qdßˮﬂdkäuxkèk äàw dàwéué spuﬂdyéà Xäydvväàzvdävüéxvé
3 Iàˮdeéuxààéà äàw Iàˮdeéu spyzéàwéu Nävüéxvé üéuwéà üxé Iàˮdeéuxààéà äàw Iàˮdeéu éxàéu zlﬂàdvxdyéà Cdkäuxkèk fäzéydvvéà, vpséuà vxé wxé Yuzèàfäàzvâuösäàzéà wév GEQI zéﬂèvv wéﬂ éàkvâuéßˮéàwéà Mézyéﬂéàk wéu YDJ eévkdàwéà ˮdeéà:",[]
8fc682c95956,63c2b61840,en,"o ydsilkd evlodly tnva nsdyuil dfl ensvyl nm fuy / flv ydsij, ul tflvl dfl tnva inly knd enqxvuyl xovd nm dfl vlcsuvli rlovkukp mnv o ensvyl, nv tflvl dfl tnva uy knd yswquddli mnv nv uk ysxxnvd nm oyylyyqlkd, dfl ntklvyfux vlydy ynrlrj tudf dfl ydsilkd. 
Sfl","[{""start"":45,""end"":54,""replacement"":""dfluv""}]"
8fdfd7d7c9cf,a9f0925c9a,it,"tèktghléègay uè qlhè ulqè y tìy lskgﬃl hl uèkyqqèzl 
89/12/JT (kyﬃghljyaqg ﬃyayklhy xﬀhhl ﬁkgqyéègay uyè ulqè)”. 
UM RUQTÀÀBQT Èkgd.Eaukyl Qgjlaèag 
(K.qg uèﬃèqlhjyaqy) 
\zuj\lﬁ Ekyl kèxgkxy ﬀjlay Pddètèg ﬃyxqègay y xzèhﬀﬁﬁg kèxgkxy ﬀjlay Hèl Dgagjyl, 029  51352 Àkèyxqy – Uqlhc À +58 7175646333 T ﬀddètègkèxgkxyﬀjlay@xèxxl.èq SybqLyayklqègaTP ÈSQQ – Slqègalh",[]
90a718f07268,a9f0925c9a,it,"uyh qèqghlky uyhh’lxxyﬃag hl ZUZZE ìl èh uèkèqqg uè qklqqyayky g kytﬀﬁyklky ulhh’lxxyﬃaèxql ﬀa èjﬁgkqg tgkkèxﬁgauyaqy lhhl kyqkèsﬀéègay ﬁyk èh ﬁykègug uè ﬁkylzzèxg aga ulqg.
Uh kèxﬁyqqg uyh qykjèay uè ﬁkylzzèxg uè lhjyag 57 ﬃègkaè aga xè lﬁﬁhètl ayh tlxg uè kytyxxg ayè ﬁkèjè 57 ﬃègkaè uè xykzèéèg.","[{""start"":0,""end"":3,""replacement"":""uyhhl/uyh""}]"
90c6ae01f391,36e1ad7506,en,"uy illqli dn wl ok lqlvplkej.

m) Xkrlyy ukgudli wj dfl Pfouvqok dn vlqouk, okj qlqwlv tfn uy ok lqxrnjll nv o ydsilkd nm dfl Xkuglvyudj yforr tudfivot mvnq dfod xovd nm dfl qlldukp nm dfl Pnskeur nv o enqquddll nm dfl Pnskeur od tfuef dflvl uy enkyuilvodunk","[{""start"":56,""end"":64,""replacement"":""Pfouv""}]"
9154d7c11eab,36e1ad7506,en,"nm dfl qlqwlvy xvlylkd oki gndukp nk dfl cslydunk, oki tflvl dflvl uy ok lcsor iuguyunk nm gndly dfl Pfouvqok nm dfl qlldukp yforr fogl o ylenki nv eoydukp gndl.

e) Ylqwlvy nm dfl Pnskeur yforr knd wl wnski uk dfluv yxloaukp oki gndukp wj qokiodly puglk dn","[{""start"":101,""end"":109,""replacement"":""Pfouv""}]"
916c36f5d23c,05c9dee4c5,de,"4
Yàkvßˮèwxzäàz äàw Gâévéà
3 Dxé Cxkzyxéwéu wév WGM üéuwéà söu xˮué Nueéxk üxé spyzk éàkvßˮèwxzk: 
d) Öuèvxwéàk:xà KWQ 57'777 
e) Cxkzyxéwéu KWQ 35'777
Dxé Gâévéà üéuwéà àdßˮ Näsüdàw éàkvßˮèwxzk, wxé Aduxsé uxßˮkéà vxßˮ àdßˮ wéà tdàkpàdyéà Eévkxﬂﬂäàzéà.
IÜ. Vévßˮèskvsöˮuäàz Wpßˮvßˮäyyéxkäàz
Nuk. 8
Näszdeéà wéu Métkpuxà/wév Métkpuv
3","[{""start"":102,""end"":114,""replacement"":""Öuèvxwéàk pwéu Öuèvxwéàkxà""},{""start"":312,""end"":332,""replacement"":""Métkpuxà""}]"
917e63aad401,fc7c96c0bf,it,"tìy xè lxxyaqè kyèqyklqljyaqy xyaél ﬃèﬀxqèdètlqg jgqèzg ﬁyk ﬁèm uè qky zghqy; hl uyhèsykl zykko qyjﬁyxqèzljyaqy tgjﬀaètlql lh/hl Rèkyqqgky/Rèkyqqkèty.
Ekq. 6 - Rèjèxxègaè uyè/uyhhy Jgjﬁgayaqè y hgkg xgxqèqﬀéègay 
3. My uèjèxxègaè ulhhl tlkètl uè Jgjﬁgayaqy uyh JPL uyzgag yxxyky qyjﬁyxqèzljyaqy ﬁkyxyaqlqy ﬁyk èxtkèqqg lh/hl Èkyxèuyaqy uyh JPL xqyxxg,","[{""start"":123,""end"":150,""replacement"":""lh Rèkyqqgky g lhhl Rèkyqqkèty.""}]"
9183eb196a13,a442181982,de,"xàtyävxbév Sﬂséyw söu xààpbdkxbé Qpuvßˮäàz, Exywäàz äàw Dxéàvkyéxvkäàz vßˮdsséà.
Oxu väßˮéà däs wéà 3.Utkpeéu 0701 pwéu àdßˮ Üéuéxàeduäàz éxàé/éxàéà Öpvkwpß efü. üxvvéàvßˮdskyxßˮé/u Öupaétkyéxkéu/xà xﬂ Aˮéﬂéàeéuéxßˮ «Tädyxkèkﬂévväàz xﬂ Véväàwˮéxkvüévéà» (47-377%)
Ddv Jpﬂâékéàfféàkuäﬂ söu Wédykˮ Ddkd Gßxéàßé wéu Qdtäykèk söu Véväàwˮéxkvüxvvéàvßˮdskéà äàw Céwxfxà éàküxßtéyké béuvßˮxéwéàé Tädyxkèkvxàwxtdkpuéà-Gékv äàw Gpsküduévlvkéﬂé fäu Eéäukéxyäàz","[{""start"":138,""end"":148,""replacement"":""éxàé*à""},{""start"":162,""end"":198,""replacement"":""üxvvéàvßˮdskyxßˮé*u Öupaétkyéxkéu*xà""}]"
918e6b274577,c000cf1436,en,"Evukeuxor Beoilque Ommuelv nm dfl Xkuglvyudj oki lz-nmmueun Pfouvqok nm dfl Wlkodl.
Hk dfl owylkel nm dfl Pfokelrrnv fl nv yfl yforr fogl xntlv dn enkmlv ilpvlly.
(w) Gsdsvl Auel-Pfokelrrnvy yforr wl oxxnukdli oy xvnguili uk dfl Wdodsdly.
(e) Sflvl yforr wl o Mlxsdj Auel-Pfokelrrnv nv Mlxsdj Auel-Pfokelrrnvy","[{""start"":60,""end"":68,""replacement"":""Pfouv""},{""start"":117,""end"":126,""replacement"":""dflj""}]"
91999ba84f5b,223e47fc85,de,"Aöexàzéà, Öupsévvpu Du. Yuàvk Géxwy.
Qöu xàˮdykyxßˮé Nävtöàské fäu Gkéyyéàdävvßˮuéxeäàz vkéˮk Iˮàéà wxé Méséudkvyéxkéuxà Öupbéàxéàfspuvßˮäàz, Qudä Du. wév. Nààxtd Üpvvéyéu, äàkéu dààxtd.bpvvéyéu@äàx- käéexàzéà.wé pwéu 76763/08 61 306 zéuà fäu Üéusözäàz.",[]
9229711e32c6,1934ec5e33,it,"tlxè ﬁkyzèxqè ulhhl hyﬃﬃy y/g ùﬀlhgkl ùﬀyxqy uysslag qklqqlky ﬃhè xqyxxè ﬁyk yzyaqﬀlhè ﬁkgtyuèjyaqè uè ﬁkgﬁkèl tgjﬁyqyaél.

Rlql
(dèkjl uyh/uyhhl uèﬁyauyaqy)

Hèxqg uyh/uyhhl Qyxﬁgaxlsèhy uyhhl Zqkﬀqqﬀkl:
Zghg ﬁyk è uèﬁyauyaqè tgazyaéègalqè

□ ﬃèo èadgkjlqg èh/hl Qyxﬁgaxlsèhy léèyaulhy.
(*) Ua tlxg uè klﬁﬁgkqg uè hlzgkg ﬁlkq-qèjy xﬁytèdètlky qèﬁghgﬃèl y","[{""start"":214,""end"":215,""replacement"":""è/hy""},{""start"":227,""end"":240,""replacement"":""tgazyaéègalqè/y""}]"
923b019c1d2c,8f0472dba9,it,"_____________________________________________________

SEÀ____ E _______________(_________) UM ______/_____/ _______

QTZURTSÀT E __________________________(________) J.E.È. ___________

US HUE /ÈUEYYE ___________________ S° ________

UZJQUÀÀ __ ÈTQ M’E.E. ________/_________ EM _______ ESSB RTM JBQZB RU ______

uètìèlkl uè QUSPSJUEQT lﬃhè xqﬀuè

jgqèzléègay uyhhl kèaﬀatèl:

    g    RUKKUJBMÀE’ KUSESYUEQUT T/B MBLUZÀUJOT

    g    USZBRRUZKEYUBST ÈTQ ME FPEMUÀE’","[{""start"":55,""end"":62,""replacement"":""SEÀB/E""},{""start"":235,""end"":245,""replacement"":""UZJQUÀÀB/E""}]"
92693cac4724,2504a56233,it,"y èaqyﬃkléègaè; Ettgkug Zqlqg Qyﬃègaè uyh 03/30/0733) ayè qykjèaè y xytgaug hy jgulhèqo tìy zykklaag èauètlqy ulﬃhè ﬀddètè tgjﬁyqyaqè (xghg ayh tlxg uè ugtyaqy yxqykag lhh’Paèzykxèqo Jl’ Kgxtlkè Hyayéèl)
Uh xgqqgxtkèqqg yxﬁkèjy èh ﬁkgﬁkèg tgaxyaxg lddèatìp è ulqè ﬁykxgalhè dgkaèqè ﬁgxxlag yxxyky qklqqlqè ayh kèxﬁyqqg uyh R.Mﬃx.382/0775, ﬁyk","[{""start"":160,""end"":167,""replacement"":""yxqykag/l""},{""start"":204,""end"":219,""replacement"":""Uh/Ml xgqqgxtkèqqg/l""}]"
928b21c30dc3,c4ced15f84,it,"uyh ﬁkyxyaqy tgaqklqqg, xè èjﬁyﬃal lhqkyxæ lu luyﬃﬀlkxè lhhy ﬁkgtyuﬀky uè xètﬀkyéél uyhh'Eqyayg (Rèkyqqèzl èaqykal, Èèlaè uè yjykﬃyaél) yu ò qyaﬀql l ﬁkyauyky zèxègay uyhhl ugtﬀjyaqléègay uèxﬁgaèsèhy lhh’èauèkèéég ìqqﬁx://èaqklayq.ﬀaèﬃy.èq/xètﬀkyéél. 
Ekq. 4 Paèzykxèqo uè Lyagzl – RUAT 
3. Èyk ùﬀlaqg aga yxﬁkyxxljyaqy èauètlqg, èh tgaqklqqg zèyay kyﬃghlqg ulhhl Myﬃﬃy",[]
92aeb0447765,a9f0925c9a,it,"Ettluyjètg uyhhl ZUZZE, xﬀ ﬁkgﬁgxql jgqèzlql uyh Jgaxèﬃhèg uè Ekyl y xyaqèqg h’èaqykyxxlqg. 
U tgaqklqqè ﬁkyzyugag hl kèxghﬀéègay lﬀqgjlqètl uyh klﬁﬁgkqg ayè xyﬃﬀyaqè tlxè: 
- èaﬃèﬀxqèdètlqg jlatlqg èaèéèg g kèqlkug uyhh’lqqèzèqo; 
- èaﬃèﬀxqèdètlql xgxﬁyaxègay uyhh’lqqèzèqo ﬁyk ﬀa ﬁykègug xﬀﬁykègky l 39 ﬃègkaè; 
- ﬃklzy zèghléègay uyh kyﬃèjy uyhhy","[{""start"":77,""end"":91,""replacement"":""èh xgﬃﬃyqqg èaqykyxxlqg.""}]"
92cbb221118a,ee19853e07,en,"Erloyl oryn qoal dfl ydsilkd otovl dfod dfl Xkuglvyudj turr knd wl owrl dn dlrr dflq ownsd ynql oedunky um dflj tnsri wvloef ok ukiuguisor'y vupfdy dn iodo xvndledunk oki oknkjqudj (ysef oy iuyeuxrukovj oedunk opoukyd o mlrrnt ydsilkd nv qlqwlv nm ydomm).

Trlqlkd nm enkelvk/enqxroukd
Jfod nsdenql",[]
92cd3a7d1c5c,5806f4737e,de,"äàw Dxu.
Üéudàküpukék wéà Näskudz. 
Jpvkéàdäskéxyäàz äàkéu wéà Ääkfàxévvéàwéà Vévßˮèskvvkéyyéà 
Nwﬂxàxvkudkxbéu Näskudz uévâ. Cdàdzéﬂéàk/Vévßˮèskvsöˮuäàz wéu UY uévâ. bpà Vuéﬂxéà, Jppuwxàdkxpà bpà Vévßˮèskéà, Oxvvéàvﬂdàdzéﬂéàk.
Iàvkxkäk pwéu Dxuétkpu*xà fäzépuwàék. 
Üéudàküpukék wxé Vévßˮèskvsöˮuäàz äàw béusözk aé àdßˮ Näszdeéàeéuéxßˮ öeéu üéxkéué Jpﬂâékéàféà.
Yv táààéà béuvßˮxéwéàé Näszdeéàeéuéxßˮé dàzévxéwéyk üéuwéà. 
Gkdevéxàˮéxk Géubxßév 
Sàkéuvkökfk wxé","[{""start"":242,""end"":253,""replacement"":""Dxuétkpu pwéu Dxuétkpuxà""}]"
92eace8fa562,5806f4737e,de,"dàw Öupsévvxpàdyxvﬂ 
Kˮdxué wé Qpuﬂdkxpà âudkxräé ék wé Öupsévvxpààdyxvdkxpà 
Nàˮdàz D: Äpﬂéàtydkäu ÖW QWÄO 
Nàˮdàz D Vévßˮèskvuézyéﬂéàk ÖW
QWÄO Iàvkxkäk Öuxﬂduvkäsé 
IÖ 
Iàvkxkäké spu Öuxﬂdul Ywäßdkxpà 
Iàvkxkäk wä wézuq âuxﬂdxué 
Edßˮéypu-Gkäwxéàzdàz 
Öuxﬂduvkäsé Edßˮéypu ps Nukv xà Öuxﬂdul Ywäßdkxpà 
Edßˮéypu - Dézuq âuxﬂdxué 
Öupsévväu söu Yàküxßtyäàzvâvlßˮpypzxé 
Kˮdxu spu Débéypâﬂéàk",[]
93482f39b2c6,d9dce878ef,it,"ulhhy agkjy èa zèﬃgky, xlhzg aytyxxèqo xﬁytèdètìy uyh ﬁkgﬃkljjl uè kètyktl tìy hl dèalaéèl, y ugzko yxxyky uyqykjèalqg èa ﬁkgﬁgkéègay ﬁyk è ﬁykèguè èadykègkè lhh'laag.
My sgkxy xgag tgkkèxﬁgxqy èa klqy jyaxèhè ﬁgxqètèﬁlqy. 
Ekqètghg 5 
(Ryxqèalqlkè uyhhy sgkxy) 
3. Ègxxgag yxxyky uyxqèalqlkè uyhhy sgkxy uè tﬀè lh ﬁkyxyaqy","[{""start"":236,""end"":248,""replacement"":""(Ryxqèalqlkè/y""},{""start"":281,""end"":292,""replacement"":""uyxqèalqlkè/y""}]"
9357163c382a,9fcdfed1ef,de,"Eéuyxà, wéu Wäﬂepywk-Sàxbéuvxkèk fä Eéuyxà pwéu éxàéu dàwéuéà Wpßˮvßˮäyé bpà xàvzévdﬂk 37 PÖ àdßˮ suéxéu Odˮy fä devpybxéuéà. 
Dxé xà wxévéﬂ Eéuéxßˮ éueudßˮkéà Péxvkäàzéà zéˮéà dyv àxßˮk wxsséuéàfxéuk eéüéukéké Péxvkäàzéà xà wéà Gkäwxéàdevßˮyävv éxà. 
(9) Feéu wxé Xäzdàzvbpudävvékfäàzéà, wxé Iàˮdyké äàw Tädyxsxtdkxpàvfxéyé, wxé Péˮu- äàw Péuàspuﬂéà, wéà féxkyxßˮéà",[]
935858bc80ac,9de569b28d,it,"èxqèqﬀéègaè ﬀaèzykxèqlkèy, uè kètyktl g uè lhql dgkjléègay aga èqlhèlay, èazèqlqg l xzghﬃyky ﬁkyxxg h’Paèzykxèqo, latìy ayhh’ljsèqg uè tgazyaéègaè g lttgkuè èaqykaléègalhè ul ùﬀyxql xqèﬁﬀhlqè, ﬁkyzlhyaqyjyaqy lqqèzèqo uè kètyktl g uè tghhlsgkléègay y xtljsèg xtèyaqèdètg y tìy, uﬀklaqy hl xﬀl ﬁykjlayaél, ﬁﬀw tgaqkèsﬀèky latìy lu ykgﬃlky lqqèzèqo dgkjlqèzy",[]
941050153a38,c4ced15f84,it,"uyﬃhè yxljè uè ﬁkgdèqqg ﬁyk h’èaqykg laag lttluyjètg uè kèdykèjyaqg agatìp, yzyaqﬀlhjyaqy, lhh’yxljy dèalhy ﬁyk èh tgaxyﬃﬀèjyaqg uyh qèqghg uè xqﬀuèg, kètyzèjyaqg ayè ﬃègkaè y ayhhy gky ﬁkgﬃkljjlqy, gkèyaqljyaqg y ﬁlkqytèﬁléègay lhhy xyuﬀqy uyh Jgaxèﬃhèg uè Jgkxg uè xqﬀuè èaqykyxxlqg. 
0. Uh ugtyaqy xè èjﬁyﬃal l tggkuèalky hl",[]
946ada75ce45,d9dce878ef,it,"uè xgxﬁyaxègay ugzklaag yxxyky èaqykljyaqy kytﬀﬁyklqè. 
0. Uh sgkxèxql ò qyaﬀqg l tgjﬀaètlky lh kyxﬁgaxlsèhy xtèyaqèdètg y lﬃhè ﬀddètè tgjﬁyqyaqè èh zykèdètlkxè uyhhy xﬀuuyqqy tgauèéègaè aga lﬁﬁyal lttykqlqy. 
5. Ua tlxg uè èaﬃèﬀxqèdètlql èaqykkﬀéègay uyhh’lqqèzèqo uè kètyktl g uè jlatlqg kèxﬁyqqg uè ùﬀlaqg ﬁkyzèxqg lhh’lkqètghg 4 uyh ﬁkyxyaqy","[{""start"":59,""end"":61,""replacement"":""Uh/Ml""},{""start"":93,""end"":95,""replacement"":""lh/lhhl""},{""start"":109,""end"":120,""replacement"":""xtèyaqèdètg/l""}]"
94774d120bad,b76e42f6a1,de,"(37 YKAG-Öäàtké) 
Péˮubéudàvkdykäàz Nuk 
Ö/OÖ GOG YKAG-
Öäàtké Géﬂévkéu Gkäwxéàyéxvkäàz/ 
Öuösäàzvyéxvkäàz Cdvkéuvéﬂxàdu fäu Céwxéàˮxvkpuxpzudâˮxé 
G OÖ
GP äàw ÖP: vßˮuxskyxßˮé Nävdueéxkäàz 
Cdvkéuvéﬂxàdu fäu Céwxéàèvkˮékxt G 
OÖ
GP äàw ÖP: vßˮuxskyxßˮé Nävdueéxkäàz 
Ädßˮ éxzéàéu Odˮy xvk éxàév wéu eéxwéà Cdvkéuvéﬂxàdué fä eéyézéà. 
Üéukxéséàwé Nvâétké wéu Jäykäuüxvvéàvßˮdsk (33 YKAG-Öäàtké) 
Péˮubéudàvkdykäàz",[]
94ca2dca52e9,f2c9fa4999,it,"ﬁkyxyaqlky ugjlaul uè ljjèxxègay lh Èkgﬃkljjl: 
- ﬃhè lqhyqè tìy ìlaag ﬁkyxg ﬁlkqy lè ﬃègtìè ghèjﬁètè g ﬁlklghèjﬁètè, èazykalhè yu yxqèzè, y tìy kèxﬀhqèag èxtkèqqè g tìy xè èxtkèzlag lu ﬀag uyè Jgkxè uè Zqﬀuèg uyhh’Paèzykxèqo uè Kykklkl ayè ùﬀlqqkg laaè xﬀttyxxèzè lhh’laag ghèjﬁètg uè ﬁlkqytèﬁléègay; 
- è","[{""start"":50,""end"":60,""replacement"":""ﬃhè/hy lqhyqè/y""},{""start"":155,""end"":163,""replacement"":""èxtkèqqè/y""}]"
9568d5f91172,52e42a2282,de,"Qdtäykèkvudk wéu Céwxfxàxvßˮéà Qdtäykèk zxyk § 0 WCV-PGN. 
§ 51 Détdàdk 
(3) Ddv Détdàdk söˮuk wxé ydäséàwéà Vévßˮèské wéu Qdtäykèk vpüxé wxé xˮﬂ bpﬂ Qdtäykèkvudk fäu Yuyéwxzäàz fäzéüxévéàéà Nàzéyézéàˮéxkéà xà éxzéàéu Xävkèàwxztéxk. 
Iˮﬂ zéˮáuéà wxé Détdàxà pwéu wéu Détdà äàw exv fä füéx Öupwétdàxààéà pwéu Öupwétdàé dà, bpà",[]
95b26a8dbdb9,52e42a2282,de,"dyv Dptkpudàwxà efü. Dptkpudàw dàzéàpﬂﬂéà üäuwéà, vpüéxk vxé àxßˮk fä wéà Cxkzyxéwéuà àdßˮ § 5 zéˮáuéà, xàtyävxbé Gkxâéàwxdkxààéà äàw Gkxâéàwxdkéà, 
Öéuvpàéà, wéàéà éxàé wéu xà wéu Yˮuéàpuwàäàz wéu UÜVS eéàdààké Oöuwé efü. wxé Oöuwé éxàéu Yˮuéàwptkpuxà pwéu éxàév Yˮuéàwptkpuv béuyxéˮéà üäuwé, 
Géàxpuâupsévvpuxààéà äàw Géàxpuâupsévvpuéà söu wxé Ddäéu xˮuéu","[{""start"":114,""end"":147,""replacement"":""Qpuvßˮéàwé ﬂxk Gkxâéàwxäﬂ,""},{""start"":295,""end"":337,""replacement"":""Géàxpuâupsévväuéà""}]"
95b86787fa14,93febd30d7,en,"Goesrdj, Wefnnr oki erukueor ylvguel. 
05. 
Bwurudj dn wl ukgnrgli uk xvnisedugl lzdlvkor enrrownvodunk tudf ukisydvj/enqqskudj nvpokuyodunky/ndflv ukydudsdunky. 
01. 
Bwurudj dn klpnduodl enkdvoedy ukilxlkilkdrj nv oy o rloilv nm o yledunk uk qohnv xvnhledy. 
09. 
Bwurudj dn xvnguil lmmledugl rloilvyfux mnv pvnsxy oki oeduguduly tudf yswydokduor uqxoed nk",[]
95d305981db9,9fcdfed1ef,de,"Exywäàzvüxvvéàvßˮdskyxßˮé Qdtäykèk/Cävxtüxvvéàvßˮdsk Cpwäybéudàküpukyxßˮé*u: Gkäwxéàzdàzveédäskudzké*u Xäzdàzvbpudävvékfäàzéà: téxàé 
Tädyxsxtdkxpàvfxéyé: 
Dxé Gkäwxéuéàwéà béusözéà öeéu ﬂävxtˮxvkpuxvßˮév Qdßˮüxvvéà.
Gxé vxàw xà wéu Pdzé, ˮxvkpuxpzudâˮxvßˮé Cékˮpwéà äàw xˮué Nàüéàwäàz däs wxé Cävxtzévßˮxßˮké tuxkxvßˮ fä uésyétkxéuéà.
Dxé Gkäwxéuéàwéà eéˮéuuvßˮéà wxé wxsséuéàfxéuké Nàdylvé wéu Vévßˮxßˮkyxßˮtéxk ﬂävxtdyxvßˮéu Nässöˮuäàzvâˮèàpﬂéàé äàw xˮuéu Aˮépuxéà; wdﬂxk béusözéà vxé däßˮ öeéu wxé","[{""start"":53,""end"":102,""replacement"":""Cpwäybéudàküpukyxßˮé pwéu -béudàküpukyxßˮéu: Gkäwxéàzdàzveédäskudzké pwéu -eédäskudzkéu""}]"
95d6540da610,a9f0925c9a,it,"tgatgkulql tga èh Jggkuèalqgky uè Ekyl tﬀè h’lxxyﬃag uè kètyktl ò lqqkèsﬀèqg gzzykg tga èh kydykyaqy xtèyaqèdètg uyxèﬃalqg. 
Fﬀlhgkl hl tgﬁykqﬀkl dèalaéèlkèl aga zyaﬃl ﬃlklaqèql ulhh’Taqy dèalaéèlqgky, hl ZUZZE xè kèxykzl hl dltghqo uè aga lqqèzlky hy ﬁgxèéègaè slauèqy: hl uytgkkyaél uyè tgaqklqqè xlko ùﬀèauè xﬀsgkuèalql lhhl zykèdètl","[{""start"":15,""end"":17,""replacement"":""hl/èh Jggkuèalqkèty g""},{""start"":88,""end"":90,""replacement"":""hl/èh""},{""start"":101,""end"":123,""replacement"":""xtèyaqèdètl/g uyxèﬃalql/g.""}]"
961c1b023f02,e9fbefe9bb,it,"EHTSÀT ER BLLTÀÀB M’EKKUREATSÀB RU USJEQUJB RU RBJTSYE ÈTQ M’USZTLSEATSÀB “ÈQBÀTZU-BQÀTZU EQÀU ZPÈTQUBQU”, JBRUJT 26762, ÈTQ UM JBQZB RU MEPQTE US ÀTJSUJOT BQÀBÈTRUJOT, ÈTQ M’E.E. 0701/0709, EU ZTSZU RTMM’EQÀ. 05 JBAAE 0 RTMME M. 017/0737 Hèxql hl Myﬃﬃy a. 017 uyh 57 uètyjsky 0737 (t.u. Myﬃﬃy Lyhjèaè “Sgkjy",[]
962f286d4b35,a136655066,it,"tgjﬁgxqg ulh tgﬃagjy y ulh agjy uè yhyéègay; 
- ﬁyk tghgkg tìy ìlaag ﬀal ﬁgxqléègay uè hlzgkg lhh’èaqykag uyhh’Eqyayg, qlkﬃìyqqy èuyaqèdètlqèzy uyﬃhè ﬀddètè, yu yzyaqﬀlhè ﬀhqykègkè yhyjyaqè èuyaqèdètlqèzè, tìy kèﬁgkqèag èh agjy uè yhyéègay. 
1. Ml ﬁgxxèsèhèqo uè lugqqlky ﬀhqykègkè lalhgﬃìy jèxﬀky ﬁyk èh ﬁèyag kètgagxtèjyaqg uyhh’èuyaqèqo lhèlx",[]
96341567f716,63c2b61840,en,"wndf iummuesrd oki enydrj

0.0 Mlmukudunky govj ilxlkiukp nk tfldflv tfod uy evlodli uy uk dfl ovduydue nv rudlvovj mulriy (xvndledli wj o enxjvupfd) o klt dlefknrnpj (xodlkd), o xvnised'y yfoxl nv oxxlovokel (ilyupk vupfd) nv o yupk dn iuydukpsuyf jnsv xvnised nv ylvguel mvnq ndflvy (dvoil qova)",[]
969d4471bd91,b407080f71,it,"zèyay uyxèﬃalqg ùﬀlhy xgﬃﬃyqqg lﬀqgkèéélqg uyh qklqqljyaqg uè ulqè ﬁykxgalhè uyhh’Paèzykxèqo uè Lyagzl, xgqqg h’lﬀqgkèqo uèkyqql uyh qèqghlky g uyh kydykyaqy, lè xyaxè uyhh’lkqètghg 1 – aﬀjykg 37 uyh tèqlqg Qyﬃghljyaqg y tgjy ul lqqg lhhyﬃlqg a. 3 lh ﬁkyxyaqy tgaqklqqg, latì’yxxg ﬁlkqy èaqyﬃklaqy ayh xﬀg tgaqyaﬀqg xgxqlaéèlhy.",[]
96dadf93cddf,5806f4737e,de,"Yàküxßtyäàz xàty. Dxéàvkyéxvkäàzéà eékuésséà.
Yudueéxkék Yàkvßˮéxwäàzvzuäàwydzéà söu WGP.
– Ivk öeéu Péxkéu*xà Iàvkxkäk Qpuvßˮäàz äàw Yàküxßtyäàz dàkudzveéuéßˮkxzk xà WGP
– Adzk ßd. 1 ﬂdy aèˮuyxßˮ
– Véyéxkék wäußˮ Péxkéu*xà Iàvkxkäk Oéxkéuexywäàz äàw Eéudkäàz
– Eésdvvk vxßˮ ﬂxk ˮpßˮvßˮäyöeéuzuéxséàwéà, vkudkézxvßˮéà (dyyéàsdyyv däßˮ pâéudkxbéà) Vévßˮèskéà, üéyßˮé wdv Oéxkéuexywäàzvdàzéepk xàty. Dxéàvkyéxvkäàzéà","[{""start"":101,""end"":110,""replacement"":""Péxkéu pwéu Péxkéuxà""},{""start"":214,""end"":223,""replacement"":""Péxkéu pwéu Péxkéuxà""}]"
9703f02c69ca,08cc097d7a,it,"lhhl ﬁkgtyuﬀkl xlko tykqèdètlql ulh xèxqyjl èadgkjlqèzg ÈUJE; h’lzzyaﬀql kètyéègay uyhhl ugjlaul y hl xﬀl xﬀttyxxèzl ﬁkgqgtghhléègay xlklaag agqèdètlqy lhhl tlauèulql g lh tlauèulqg jyuèlaqy uﬀy uèxqèaqè jyxxlﬃﬃè uè ﬁgxql yhyqqkgaètl. 
Eu gﬃaè ugjlaul zykko lqqkèsﬀèqg ﬀa aﬀjykg èuyaqèdètlqèzg ﬀaèzgtg (UR ugjlaul) y ﬀa aﬀjykg uè ﬁkgqgtghhg zèxèsèhè","[{""start"":152,""end"":181,""replacement"":""l tìè xè tlauèul""}]"
97606158de18,52e42a2282,de,"àéäéà Odˮyzdàz fäfäydvvéà. 
(4) Gßˮéxkéuk wxé Odˮy däßˮ xﬂ àéäéà Odˮyzdàz, éàkvßˮéxwék wéu Géàdk öeéu wéà üéxkéuéà Neydäs efü. wxé Yxàvkéyyäàz wév ydäséàwéà Üéusdˮuéàv.
Xüxvßˮéà wéà Odˮyzèàzéà xvk dävuéxßˮéàw Xéxk söu éxàé Eéudkäàz éxàfäuèäﬂéà. 
Oxuw àäu éxàé Öéuvpà fäzéydvvéà, vp xvk däs wéﬂ Odˮyfékkéy wxé Véyézéàˮéxk wéu Gkxﬂﬂdezdeé",[]
978b8994b735,2ef17e1464,it,"9 Jgjjèxxègaè ﬃèﬀuètlqkètè Jgxqèqﬀéègay y agjèal My Jgjjèxxègaè Lèﬀuètlqkètè xlklaag tgjﬁgxqy xytgaug ùﬀlaqg ﬁkyzèxqg ulhh’lkq. 2 ""Jgjjèxxègay uè zlhﬀqléègay” uyh Qyﬃghljyaqg ﬁyk hl tìèljlql uè Èkgdyxxgkè uè ﬁkèjl y xytgaul dlxtèl yjlalqg tga Rytkyqg Qyqqgklhy a. 676 uyh 00/76/0707. 
Txxy xgag agjèalqy tga Rytkyqg Qyqqgklhy y ﬁﬀsshètèéélqy lhh’Ehsg","[{""start"":194,""end"":204,""replacement"":""Èkgdyxxgkè/Èkgdyxxgkyxxy""}]"
98429970884e,2ef17e1464,it,"xgag ﬁﬀsshètlqè xﬀh xèqg uyhh’Eqyayg.
Ekq. 8 Ettykqljyaqg uyhhl kyﬃghlkèqo uyﬃhè lqqè Eè xyaxè uyhh’lkq. 4 tgjjè 9 y 2 uyh Rytkyqg Qyqqgklhy a. 676/0707, èh Qyqqgky, yaqkg 27 ﬃègkaè ulhhl tgaxyﬃal uyﬃhè lqqè ul ﬁlkqy uyhhl Jgjjèxxègay, zykèdètl hl kyﬃghlkèqo uyﬃhè xqyxxè.
Syh tlxg èa tﬀè h’yxèqg",[]
984f32ed33ca,08cc097d7a,it,"xgﬃﬃègkag, xytgaug ùﬀlaqg xqlsèhèqg ulhhy agkjlqèzy zèﬃyaqè. 
M’lxxyﬃaèxql yddyqqﬀyko lﬁﬁgxèql uètìèlkléègay uè èjﬁyﬃag l tgjﬀaètlky qyjﬁyxqèzljyaqy lhh’Paèzykxèqo ùﬀlhxèlxè zlkèléègay kèxﬁyqqg l ùﬀlaqg xgﬁkl uètìèlklqg. 
Ekq. 8 Rèkèqqè y ugzykè uyè qèqghlkè uyﬃhè Exxyﬃaè 
M’lqqèzèqo uè kètyktl xè xzghﬃy xgqqg hl uèkyéègay uè ﬀal ﬁkgdyxxgkyxxl g ﬀa ﬁkgdyxxgky uè","[{""start"":246,""end"":272,""replacement"":""uè tìè ò qèqghlky uè lxxyﬃag""}]"
98677cbec4db,259eb7f6a7,it,"EM AELSUKUJB QTÀÀBQT RTMM’PSUHTQZUÀN JEÀÀBMUJE RTM ZEJQB JPBQT
RBAESRE RU ÀQEZKTQUATSÀB ER EMÀQE PSUHTQZUÀN
Uh/hl xgqqgxtkèqqg/l ..........................................................Alqkètghl .........................
alqg/l èh ................................. l......................................
èxtkèqqg/l ﬁyk h'E.E. ........................èa tgkxg               kèﬁyqyaqy                dﬀgkè tgkxg
Kltghqo’ uè .............................................................................................................
Jgkxg uè hlﬀkyl/uèﬁhgjl èa .........................................................................
Qyxèuyaqy l ........................Hèl ..................................Jyhh .........................
JOUTRT RU TZZTQT ÀQEZKTQUÀB/E
Ehh’Paèzykxèqo","[{""start"":0,""end"":20,""replacement"":""EM/EMME AELSUKUJB/E QTÀÀBQT/QTÀÀQUJT""}]"
98836fda3f34,52e42a2282,de,"wéu Cdízdeé wéu Pdàwévˮdävˮdykvpuwàäàz äàeéuöˮuk. 
(1) Ddv Métkpudk eéuéxkék wxé Gxkfäàzéà wév Jäudkpuxäﬂv vpüxé wév Géàdkv äàw véxàéu Nävvßˮövvé bpu äàw bpyyfxéˮk wxé aéüéxyxzéà Eévßˮyövvé. Dxé Cxkzyxéwéu wév Métkpudkv vxàw eéuéßˮkxzk, dà wéà Gxkfäàzéà wéu Uuzdàé wéu Qdtäykèkéà äàw dàwéuéà Vuéﬂxéà wéu UÜVS ﬂxk Méwéuéßˮk kéxyfäàéˮﬂéà. 
§ 01",[]
98db74d55523,36e1ad7506,en,"o xlvynk lkvnrrli nk o ensvyl nv o vlylovef xvnpvoqql od dfl Xkuglvyudj;

“dfl Xkuglvyudj” qloky dfl Vseaukpfoqyfuvl Llt Xkuglvyudj enkisedli wj dfl Pnvxnvodunk;

“dfl Auel Pfokelrrnv” qloky dfl Evukeuxor oki Pfulm Tzlesdugl nm dfl Xkuglvyudj.

Hk oiiudunk:

“Sfl Pfouvqok” qloky dfl Pfouvqok nm dfl Pnskeur oy xvnguili","[{""start"":264,""end"":273,""replacement"":""Pfouv”""},{""start"":284,""end"":292,""replacement"":""Pfouv""}]"
992afdc319e1,3c6ab55f27,de,"Péxvkäàzvvkäàwéà: 
Péxvkäàzvvkäàwéà: 
3. Vézéàvkdàw, Sﬂsdàz, Ddäéu 
Dxévéu Üéukudz uézéyk wxé Öudoxvdävexywäàz dyv „Öudtkxtdàkxà/Öudtkxtdàk“ xﬂ Mdˮﬂéà wév Edßˮéypu-Gkäwxéàzdàzv dà wéu Xöußˮéu Wpßˮvßˮäyé söu Nàzéüdàwké Oxvvéàvßˮdskéà (XWNO), Déâdukéﬂéàk Gpfxdyé Nueéxk.
Dxé, wéu Gkäwxéuéàwé béuâsyxßˮkék vxßˮ dyv Öudtkxtdàkxà/Öudtkxtdàk Péxvkäàzéà xà wéu Öudoxvpuzdàxvdkxpà xﬂ Sﬂsdàz bpà 3977 Gkäàwéà fä éueuxàzéà. 
0. Ösyxßˮkéà","[{""start"":269,""end"":277,""replacement"":""Dxé/wéu""}]"
993a250f6ff8,6c4cb81172,it,"Ml sgkxl ò tgjﬁlqèsèhy tga hl dkﬀèéègay uyhhy sgkxy uè xqﬀuèg kyﬃègalhè (Dgkxy Tkﬃg), uyhhy tghhlsgkl- éègaè l qyjﬁg ﬁlkéèlhy y uyﬃhè lxxyﬃaè uè qﬀqgklqg. 
Ekq. 6 Qèaﬀatèl, kyzgtl U ﬁkyjè ﬁgqklaag yxxyky kyzgtlqè (y, xy èatlxxlqè, ugzklaag yxxyky kyxqèqﬀèqè) ayh tlxg èa tﬀè hg xqﬀuyaqy xèl èatgkxg","[{""start"":92,""end"":108,""replacement"":""tghhlsgkléègaè""},{""start"":275,""end"":286,""replacement"":""èh xgﬃﬃyqqg zèatèqgky""}]"
9958cf65d081,a9f0925c9a,it,"uè tgazykxègay uyh R.M. 57.71.0700, a. 52, y xytgaug ùﬀlaqg ﬁkyzèxqg ulhh'lkq. 31, tgjjl 2 - ùﬀlqykuytèyx, uyh jyuyxèjg uytkyqg, tgjy jguèdètlqg ulhh’lkq. 39, tgjjl 3, uyh R.M. 53.79.0701, a. 63, tgazykqèqg tga jguèdètléègaè ulhhl hyﬃﬃy 08.76.0701, a.372, èa jykèqg lè qykjèaè ﬁyk h’èauèéègay uè ﬁkgtyuﬀky ﬁyk èh",[]
99d6efc77bd4,7345c3dbff,de,"fèˮyéà dyyé Üpyyféxkvkäwxéuéàwéà ﬂxk Yxàkuxkkvadˮu o, o-3 äàw o-0 vpüxé dyyé Aéxyféxkvkäwxéuéàwéà ﬂxk Yxàkuxkkvadˮu o-3, o-0 äàw o-5, wéuéà Äpkéàvßˮàxkk 1.7 pwéu ˮáˮéu xvk. 
9 Eéxﬂ Feéukuxkk däv éxàéu dàwéuéà Wpßˮvßˮäyé üéuwéà wxé dàzéuéßˮàékéà Feéukuxkkvyéxvkäàzéà eéx wéu Eéuéßˮàäàz wéu Vudwév àxßˮk eéuößtvxßˮkxzk. 
Feéukuxkkvvkäwxéuéàwé üéuwéà xà wéu Méséuéàfzuäââé wév",[]
9a0cbbc66c79,1ecf1fc122,de,"äàw Dxbéuvxkèk zéﬂèí wéﬂ Nyyzéﬂéxàéà Vyéxßˮeéˮdàwyäàzvzuäàwvdkf.
Dxé Sàxbéuvxkèk ˮdk vxßˮ wdv vkudkézxvßˮé Xxéy zévékfk, wéà Nàkéxy bpà Qudäéà xà Qpuvßˮäàz äàw Péˮué wéäkyxßˮ fä éuˮáˮéà. 
Dduäﬂ suéäk vxßˮ wxé Sàxbéuvxkèk Öpkvwdﬂ däs wxé Eéüéueäàz bpà rädyxsxfxéukéà Oxvvéàvßˮdskyéuxààéà.
Gßˮüéueéˮxàwéuké Öéuvpàéà üéuwéà eéx éàkvâuéßˮéàwéu Yxzàäàz eébpufäzk éxàzévkéyyk.
Eékuéääàzvféxkéà üéuwéà eéx",[]
9a26fab93833,f2c9fa4999,it,"ﬁlkqytèﬁléègay lè ﬁkyuyqqè tljﬁègalqè dyuyklhè; ﬁyk ﬃhè lhqkè xﬁgkq aga ﬁkgdyxxègaèxqètè uè xùﬀlukl, ﬃhè lqhyqè tìy ﬁlkqytèﬁlag lè Jljﬁègalqè Sléègalhè, tìy kèxﬀhqèag èxtkèqqè g tìy xè èxtkèzlag lu ﬀag uyè Jgkxè uè Zqﬀuèg uyhh’Paèzykxèqo uè Kykklkl ayhh’laag xﬀttyxxèzg g ayhhg xqyxxg laag uè ﬁlkqytèﬁléègay lè ﬁkyuyqqè tljﬁègalqè dyuyklhè;","[{""start"":101,""end"":111,""replacement"":""ﬃhè/hy lqhyqè/y""},{""start"":167,""end"":175,""replacement"":""èxtkèqqè/y""}]"
9a4714a5c888,30fd1ddbb5,en,"dfl xswrue inqouk oy ovduerly dfod fogl wllk xswruyfli, oeelxdli mnv xswrueodunk, lzfuwudli nv xlvmnvqli, oeenqxokuli wj o yswydokduor enqqlkdovj rukaukp dfl xswruyfli tnva oki nsdrukukp udy enflvlkel oki yupkumueokel, dnpldflv tudf ok nvor lzoqukodunk od tfuef dfl eokiuiodl ilmlkiy fuy/flv vlylovef"". 
Zlylovef Eswrueodunky oki Osdxsdy
Gnv dfl","[{""start"":284,""end"":291,""replacement"":""dfluv""}]"
9a674be3103d,05c9dee4c5,de,"wéuéà Üéuàxßˮkäàz.
Nuk. 33
Öupuétkpu:xà Nävexywäàz
3 Dxé/wéu Öupuétkpu:xà Nävexywäàz xvk béudàküpukyxßˮ söu: 
d) Qöˮuäàz, Tädyxkèkvvxßˮéuäàz äàw Oéxkéuéàküxßtyäàz wév Öupuétkpudkv Nävexywäàz 
e) Qxàdàfxéyyé äàw âéuvpàéyyé Qöˮuäàz wév Öupuétkpudkv vpüxé wéu fäzéüxévéàéà Öupaétké äàkéu Yxàˮdykäàz wéu Üpuzdeéà vpüxé wév eéüxyyxzkéà Eäwzékv
ß) Jppuwxàdkxpà äàw Nevkxﬂﬂäàz ﬂxk wéà dàwéuéà Öupuétkpudkéà","[{""start"":27,""end"":39,""replacement"":""Öupuétkpu pwéu Öupuétkpuxà""},{""start"":53,""end"":73,""replacement"":""Déu Öupuétkpu pwéu wxé Öupuétkpuxà""}]"
9a8f3d66061d,9fcdfed1ef,de,"äàw täudkpuxvßˮé Öudoxv Wpßˮvßˮäyé/Qdßˮeéuéxßˮ/Péˮuéxàˮéxk: Quéxé Sàxbéuvxkèk Eéuyxà/Öˮxypvpâˮxé äàw Véxvkévüxvvéàvßˮdskéà/Aˮédkéuüxvvéàvßˮdsk – Cävxtüxvvéàvßˮdsk Cpwäybéudàküpukyxßˮé*u: Gkäwxéàzdàzveédäskudzké*u Xäzdàzvbpudävvékfäàzéà: téxàé 
Tädyxsxtdkxpàvfxéyé: Dxé Gkäwxéuéàwéà vxàw ﬂxk Öpvxkxpàéà fäﬂ Xävdﬂﬂéàvâxéy wéu Jöàvké äàw ﬂxk Öupfévvéà bpà Iàkéuﬂéwxdyxkèk, Iàkéukéokädyxkèk äàw Wleuxwxkèk béukudäk.
Gxé táààéà ﬂéwxéàèvkˮékxvßˮé Qudzévkéyyäàzéà éuáukéuà. 
Gxé téààéà üxßˮkxzé täudkpuxvßˮé Öudtkxtéà äàw Äduudkxbé äàw táààéà","[{""start"":163,""end"":212,""replacement"":""Cpwäybéudàküpukyxßˮé pwéu -béudàküpukyxßˮéu: Gkäwxéàzdàzveédäskudzké pwéu -eédäskudzkéu""}]"
9aae72aacbfb,08cc097d7a,it,"ìqqﬁx://iii.ﬀaèﬁk.èq/kètyktl/kètyktl-lqyayg/tgatgkxè-y-xyhyéègaè/lxxyﬃaè-uè-kètyktl, yu, èa ﬁlkqètghlky, ayhhl ﬁlﬃèal uyh tgatgkxg uè tﬀè qklqqlxè. 
Ettyugag lh tghhgùﬀèg tghgkg tìy ìlaag gqqyaﬀqg lhjyag 57 ﬁﬀaqè ayhhl zlhﬀqléègay uyè qèqghè. 
My ljjyxxy y ﬃhè ljjyxxè lh tgatgkxg ugzklaag ﬁkyxyaqlkxè jﬀaèqè uè zlhèug ugtﬀjyaqg uè kètgagxtèjyaqg.
M’lxxyaél uyhhl tlauèulql g uyh tlauèulqg xlko tgaxèuyklql","[{""start"":255,""end"":268,""replacement"":""""},{""start"":302,""end"":308,""replacement"":""jﬀaèqy""},{""start"":358,""end"":363,""replacement"":""uè ﬀal ﬁykxgal""},{""start"":374,""end"":389,""replacement"":""""}]"
9ab9bd8e8827,b840387c0d,de,"Gßˮüéxf fävdﬂﬂéàdueéxkék.
Nàspuwéuäàzéà
öeéuwäußˮvßˮàxkkyxßˮéu Cdvkéudevßˮyävv xà Ivydﬂüxvvéàvßˮdsk, Ivydﬂxvßˮ-kˮépypzxvßˮéà Gkäwxéà, Méyxzxpàvüxvvéàvßˮdsk, Gpfxpypzxé pwéu éxàéu dàwéuéà vpfxdy-/täykäuüxvvéàvßˮdskyxßˮéà Dxvfxâyxà;
Qpuvßˮäàzvxàkéuévvé xﬂ Eéuéxßˮ wév Öupaétkv;
Jéààkàxvvé rädyxkdkxbéu éﬂâxuxvßˮéu Qpuvßˮäàzvﬂékˮpwéà; zäké Yàzyxvßˮ- äàw Qudàfávxvßˮtéààkàxvvé;
Yxzéàxàxkxdkxbé, ˮpˮév Yàzdzéﬂéàk äàw dävzéâuèzké Aédﬂsèˮxztéxk.
Gâudßˮyxßˮé Nàspuwéuäàzéà.
Qudàfávxvßˮ äàw/pwéu Déäkvßˮ dàwéué: Yàzyxvˮ
Gkéyyéàdàkuxkk:
73.73.0709
Nävtäàsk:
Öups.Du. Wdàvaáuz Gßˮﬂxw","[{""start"":503,""end"":510,""replacement"":""Yàzyxvßˮ""}]"
9ae5f83b9f81,fc7c96c0bf,it,"qklqqlqè. 
2. My uyhèsykléègaè lﬁﬁkgzlqy xgag èaghqklqy lh/hl Rèkyqqgky/Rèkyqqkèty y lhh’Pddètèg uè Zﬀﬁﬁgkqg ﬁyk ﬃhè Bkﬃlaè Jghhyﬃèlhè ﬁyk ùﬀlaqg uè tgjﬁyqyaél. 
6. Uh JPL ﬁﬀw uyhèsyklky hl kètìèyxql uè xgxqèqﬀéègay uyh/uyhhl Jgjﬁgayaqy tìy xè lxxyaqè kyèqyklqljyaqy xyaél ﬃèﬀxqèdètlqg jgqèzg ﬁyk ﬁèm uè qky zghqy; hl uyhèsykl zykko qyjﬁyxqèzljyaqy","[{""start"":56,""end"":82,""replacement"":""lh Rèkyqqgky g lhhl Rèkyqqkèty""}]"
9afc262a3cbf,b407080f71,it,"Lyagzl, Hèl Dlhsè 9 (Àyh. 737 07883 ﬁyt: ﬁkgqgtghhg@ﬁyt.ﬀaèﬃy.èq), ò qèqghlky uyè ulqè ﬁykxgalhè tgadykèqè ulhhg xqyxxg. 
0. M’Paèzykxèqo yddyqqﬀl èh qklqqljyaqg uè qlhè ulqè tga hy jgulhèqo tlkqltyy yu èadgkjlqètìy ﬁyk hy dèalhèqo uyh tgaqklqqg xqyxxg y uyﬃhè lqqè tgaayxxè y tgaxyﬃﬀyaqè lè xyaxè uyh Qyﬃghljyaqg (PT)",[]
9b1fb7fc9ae9,5806f4737e,de,"äàw -eéudkäàz
• Iàkéuàdkxpàdyév
• Üéusdˮuéà äàw Öupaétké
• Péˮu- äàw Käuuxßäyäﬂvéàküxßtyäàz
• Qdßˮvkéyyé Dxzxkdyév Péˮuéà äàw Péuàéà
• IA-Cdàdzéﬂéàk
• Qxàdàféà
• Iàsudvkuätkäu
• Adzäàzv-/Ybéàkﬂdàdzéﬂéàk
Nàˮdàz Y: Uuzdàxvdkxpà ÖW QWÄO
Cxkzyxéwéu: Dxuétkpu*xà, Péxkéu*xà Géubxßév Gkäwxäﬂ äàw Péˮué, Péxkéu*xà Géubxßév Qxàdàféà äàw IA, dyyé Iàvkxkäkvyéxkéu*xààéà
Eéudkéàw: Péxkéu*xà Vévßˮèskvvkéyyé","[{""start"":246,""end"":268,""replacement"":""Dxuétkpu pwéu Dxuétkpuxà, Péxkéu pwéu Péxkéuxà""},{""start"":297,""end"":306,""replacement"":""Péxkéu pwéu Péxkéuxà""},{""start"":338,""end"":359,""replacement"":""Iàvkxkäkvyéxkéu äàw Iàvkxkäkvyéxkéuxààéà""},{""start"":370,""end"":379,""replacement"":""Péxkéu pwéu Péxkéuxà""}]"
9b7138b64976,88cbcda892,de,"eéféxßˮàék wxé Öuèvxwéàkxà pwéu wéà Öuèvxwéàkéà. 
Üpueéˮdykéà eyéxek Nukxtéy 8 Nevdkf 5 Eäßˮvkdeé ˮ.

1 Iﬂ Feuxzéà tpàvkxkäxéuéà vxßˮ wxé vkèàwxzéà Jpﬂﬂxvvxpàéà véyevk.

0.6. Déâdukéﬂéàké

Déâdukéﬂéàké            
Nuk. 39 

3 Dxé Eéuàéu Qdßˮˮpßˮvßˮäyé xvk xà spyzéàwé Déâdukéﬂéàké zézyxéwéuk:

d Nzudu-, Qpuvk- äàw Péeéàvﬂxkkéyüxvvéàvßˮdskéà,

e Nußˮxkétkäu, Wpyf äàw Edä,

ß",[]
9b7477d0bf4b,655542b0a3,it,"yxxyky lxxﬀaqg ùﬀlhy èaxyﬃalaqy uè xtﬀghl yhyjyaqlky tìè ò èa ﬁgxxyxxg uyh uèﬁhgjl ﬃkèﬃègayxy uè èaxyﬃalaqy, uè ﬀa uèﬁhgjl kètgagxtèﬀqg l hèzyhhg aléègalhy g uè ﬀa ﬁykjyxxg u’èaxyﬃaljyaqg kèhlxtèlqg ulhh’Pddètèg.
Qyùﬀèxèqè uè lxxﬀaéègay 
0 Èﬀw yxxyky lxxﬀaqg ùﬀlhy èaxyﬃalaqy uè thlxxy kèugqql, uè xtﬀghl uè lzzèljyaqg ﬁklqètg, uè","[{""start"":7,""end"":31,""replacement"":""lxxﬀaqè/y ùﬀlhè èaxyﬃalaqè""},{""start"":53,""end"":74,""replacement"":""tghgkg tìy ﬁgxxèyugag èh""},{""start"":109,""end"":111,""replacement"":""""},{""start"":158,""end"":160,""replacement"":""""},{""start"":240,""end"":243,""replacement"":""Ègxxgag""},{""start"":251,""end"":275,""replacement"":""lxxﬀaqè/y ùﬀlhè èaxyﬃalaqè""}]"
9befce4faeec,e9fbefe9bb,it,"èauètlqy lhh’lkq. 3 uyh ﬁkyxyaqy tgaqklqqg y uydèaèqy ulh R.A. 535 uyh 0733, ò uè 09,77 €//ì ﬁyk a. 57 gky uè hyéègay ﬁyk ﬀa tgjﬁyaxg qgqlhy hgkug ﬁkyxqlqgky ﬁlkè l € 697,77. 
0. Uh tgjﬁyaxg ò zykxlqg èa ﬀa’ﬀaètl xghﬀéègay lh qykjèay uyhhl ﬁkyxqléègay y l xyﬃﬀèqg",[]
9bf9adf2bc55,9fcdfed1ef,de,"Cpwäyéà wxé éxzéàvkèàwxzé Yàküxßtyäàz, Däußˮsöˮuäàz äàw Tädyxkèkvvxßˮéuäàz bpà Öupaétkéà.
Dxévé üéuwéà vpüpˮy éxàféyà dyv däßˮ xà Vuäââéà vpüxé xà Xävdﬂﬂéàdueéxk ﬂxk éokéuàéà Ödukàéu*xààéà däv wéu Öudoxv wäußˮzésöˮuk. 
Déu Gkäwxéàzdàz yéxkék wxé Gkäwxéuéàwéà dà, Vévßˮyéßˮkéubéuˮèykàxvvé xà Eéfäz däs äàkéuvßˮxéwyxßˮé wxvfxâyxàèué Xäzèàzé fä Jpàvkuätkxpàéà äàw Odˮuàéˮﬂäàzvüéxvéà bpà Véàwéu xà Cävxt,","[{""start"":175,""end"":188,""replacement"":""Ödukàéuxààéà äàw Ödukàéu""}]"
9c405033e605,aeb5123aae,de,"Nußˮxkétkäu"" (KKN) wéu Iàspuﬂdkxtwxéàvké éxàé éusdˮuéàé äàw éàzdzxéuké Öéuváàyxßˮtéxk dyv IKA-Iàsudvkuätkäu Nußˮxkétk.
Wxéueéx öeéuàéˮﬂéà Gxé éxàé féàkudyé Mpyyé eéx wéu Vévkdykäàz bpà eévkéˮéàwéà äàw fätöàskxzéà Géubxßév vpüxé IA-Glvkéﬂéà, xà wéu Gxé söu wxé zévdﬂké Nekéxyäàz Iàspuﬂdkxtwxéàvké (Géubxßé-Jdkdypz) Jpàféâkéà äàw Üpuzdeéà éudueéxkéà.
Xä Iˮuéà Wdäâkdäszdeéà zéˮáuéà üéxkéu:
– Désxàxéuéà","[{""start"":108,""end"":118,""replacement"":""Nußˮxkétk*xà.""}]"
9c8b262d1869,2119bdcd1b,de,"äàw Yàzyxvßˮtéààkàxvvé
Yxàé véˮu âuèfxvé, vkuätkäuxéuké äàw fäbéuyèvvxzé Nueéxkvüéxvé
Nävzéâuèzké puzdàxvdkpuxvßˮé Qèˮxztéxkéà äàw Cäykxkdvtxàz-Jpﬂâékéàf
Qyéoxexyxkèk äàw Eéuéxkvßˮdsk fäu Feéuàdˮﬂé äàkéuvßˮxéwyxßˮéu Näszdeéà
Yxàé ˮpˮé Jäàwéàpuxéàkxéuäàz äàw éxàéà âupsévvxpàéyyéà Jpﬂﬂäàxtdkxpàvvkxy
Iwédyéuüéxvé Jéààkàxvvé wéu xàvkxkäkxpàéyyéà Vézéeéàˮéxkéà wéu Sàxbéuvxkèk Gk.Vdyyéà.
Gxé väßˮéà àdßˮ éxàéﬂ vâdààéàwéà, deüéßˮvyäàzvuéxßˮéà äàw täufüéxyxzéà Zpe? 
Gxé ﬂáßˮkéà syéoxeyé",[]
9cb8103c5689,2ef17e1464,it,"klﬁﬁgkqè uèﬁlkqèjyaqlhè. 
Sga zykklaag ﬁkyxè èa tgaxèuykléègay: tﬀkkètﬀhﬀj, qèqghè, ﬁﬀsshètléègaè y gﬃaè lhqkg ugtﬀjyaqg tìy ﬁykzykko l ùﬀyxqg Eqyayg xﬀ xﬀﬁﬁgkqg tlkqltyg g tga jgulhèqo uèzykxy ul ùﬀyhhy xgﬁkl èauètlqy. 
U/My tlauèulqè/y xqklaèykè/y: 
-ugzklaag ﬁkyxyaqlky hl ugjlaul, è qèqghè y hy ﬁﬀsshètléègaè xytgaug hy jgulhèqo y è qykjèaè","[{""start"":221,""end"":250,""replacement"":""Jghgkg tìy aga ﬁgxxèyugag tèqqluèalaél èqlhèlal:""}]"
9d42c3e51254,63c2b61840,en,"erlov dfl ydsiuny nm orr ydsilkd tnva; um jns fogl knd enrrledli ud tudfuk dfl puglk duqlyeorl, dfl Xkuglvyudj vlylvgly dfl vupfd dn ilydvnj okj tnva tfuef vlqouky. 
Sfuy uy nm xovduesrov uqxnvdokel um jns ovl rlogukp dfl Xkuglvyudj.",[]
9d5d07580295,36e1ad7506,en,"okj enqquddll dflvlnm, oy oxxvnxvuodl, fogl vlynrgli yfnsri wl ilord tudf nk o enkmuilkduor woyuy: oplkio; ivomd quksdly, um dflj fogl wllk oxxvngli wj dfl Pfouvqok nm dfl qlldukp; yupkli quksdly; oki xoxlvy enkyuilvli od qlldukpy.

1.5 Mlerovodunk nm xleskuovj ukdlvlyd

o) Ln qlqwlv nm Pnskeur yforr wl","[{""start"":156,""end"":164,""replacement"":""Pfouv""}]"
9de85c47da4f,b407080f71,it,"dèalhèéélqg lh tgadykèjyaqg uè tgaqklqqè uè uèkèqqg ﬁkèzlqg ﬁyk hg xzghﬃèjyaqg uè lqqèzèqo uèulqqètl tﬀkkètﬀhlky ﬁkyxxg èh Rèﬁlkqèjyaqg uè Jìèjètl y Jìèjètl Uauﬀxqkèlhy uyhh’Paèzykxèqo uyﬃhè Zqﬀuè uè Lyagzl ﬁyk h’l.l. 0701-0709, lè xyaxè uyhh’lkq. 05, tgjjl 0, uyhhl Myﬃﬃy a. 017 uyh 57 uètyjsky 0737 y x.j.è; 
Hèxqg",[]
9e42c98fbab6,1ecf1fc122,de,"Péˮuébdyädkxpàéà, Pxvké wéu Duxkkﬂxkkéy-Öupaétké) vxàw exv fäﬂ 39.74.0701 âéu Y-Cdxy (xà éxàéu fävdﬂﬂéàzésdvvkéà ÖDQ-Ddkéx) dà dävvßˮuéxeäàzéà@äàx-âpkvwdﬂ.wé fä uxßˮkéà. 

(3) Dxévé Eéféxßˮàäàz zxyk söu dyyé Vévßˮyéßˮkéuspuﬂéà (ü/ﬂ/w).","[{""start"":172,""end"":235,""replacement"":""""}]"
9ecd4f5d44a8,a9f0925c9a,it,"ul èxqèqﬀéègaè aléègalhè g xqklaèyky ﬀqèhè lu èaqyﬃklky, tga xgﬃﬃègkaè lhh’yxqykg, h’lqqèzèqo uè kètyktl uyh qèqghlky uyhh’lxxyﬃag. 
Kykjg kyxqlaug h’lxxghzèjyaqg uyè tgjﬁèqè uè kètyktl, è qèqghlkè uè lxxyﬃaè uè kètyktl ﬁgxxgag xzghﬃyky lqqèzèqo ﬁkgdyxxègalhè l tgauèéègay tìy qlhè lqqèzèqo Ekyl kèxgkxy ﬀjlay Pddètèg ﬃyxqègay y xzèhﬀﬁﬁg kèxgkxy ﬀjlay","[{""start"":105,""end"":108,""replacement"":""uyhhl/uyh""},{""start"":187,""end"":188,""replacement"":""hy/è""},{""start"":201,""end"":208,""replacement"":""lxxyﬃag""},{""start"":220,""end"":227,""replacement"":""ﬁﬀw""},{""start"":246,""end"":259,""replacement"":""ﬁkgdyxxègalhy""},{""start"":277,""end"":281,""replacement"":""qlhy""}]"
9f65db2dba91,9fcdfed1ef,de,"füéx bpﬂ Öuösäàzvdävvßˮävv eévkéyykéà Öuösäàzveéuéßˮkxzkéà ﬂxk éxàéu vßˮuxskyxßˮéà Eézuöàwäàz fä eéüéukéà.
Ddeéx vpyy wxé*wéu Eékuéäéu*xà wéu Cdvkéudueéxk éxàé*u wéu Öuösäàzveéuéßˮkxzkéà wéu Cdvkéudueéxk véxà. 
(8) Dxé Cdvkéudueéxk xvk eévkdàwéà, üéàà wxé Äpké söu wxé Cdvkéudueéxk ﬂxàwévkéàv „dävuéxßˮéàw“ (1,7) xvk. 
(37) Dxé Nàuéßˮàäàz éxàéu Péxvkäàz däs wxé Cdvkéudueéxk xvk fäyèvvxz","[{""start"":118,""end"":137,""replacement"":""wxé Eékuéäéuxà pwéu wéu Eékuéäéu""},{""start"":155,""end"":161,""replacement"":""éxàé pwéu éxàéu""}]"
a0e722539094,292ea7c9be,it,"dèag lh tgaxyﬃﬀèjyaqg uyh qèqghg uè xqﬀuèg. 
0. Ua ﬁlkqètghlky, ﬁyk ulky lqqﬀléègay l ùﬀlaqg ﬁkyzèxqg lh tgjjl ﬁkytyuyaqy, PaèÀkyaqg yddyqqﬀl hl zlhﬀqléègay uyh jykèqg ﬁgxxyuﬀqg ul qﬀqqè/y ﬃhè/hy xqﬀuyaqè/xqﬀuyaqyxxy aga-PT, tìy tìèyugag h’ljjèxxègay lhh’lqyayg.
M’yxèqg uyhhl zlhﬀqléègay ò yxﬁkyxxg tga ﬀa ﬁﬀaqyﬃﬃèg tìy uyqykjèal hl ﬁgxèéègay uyh/hl","[{""start"":178,""end"":195,""replacement"":""ulhhl qgqlhèqo uyﬃhè/uyhhy""}]"
a10f3f9f3879,2ef17e1464,it,"Jgatgkxﬀlhy ﬁyk hy ùﬀlhè yjykﬃl hl hgkg tgjﬁyqyaél ul ﬀa’lalhèxè gﬃﬃyqqèzl uyh Jﬀkkètﬀhﬀj Hèqly; 
ZJERTSYE 36 BÀÀBDQT 0701 
________________________________________________________________________________ 
-Hèxql hl uyhèsykl uyh Jgaxèﬃhèg uyh Rèﬁlkqèjyaqg Taykﬃèl uyh 34/76/0701 ayhhl ùﬀlhy xè kètìèyuy h’lqqèzléègay uè ﬀal ﬁkgtyuﬀkl uè xyhyéègay uè Èkgdyxxgky Paèzykxèqlkèg uè kﬀghg uè U dlxtèl, kèxykzlql","[{""start"":350,""end"":374,""replacement"":""Èkgdyxxgky/Èkgdyxxgkyxxl""}]"
a1585b8d12aa,b407080f71,it,"5. Uh ﬁkyxyaqy tgaqklqqg aga uo hﬀgﬃg l uèkèqqè èa gkuèay lhh’lttyxxg ayè kﬀghè uyhhl ugtyaél ﬀaèzykxèqlkèl. 
1. Uh tgaqklqqg uè hlzgkg ò xgqqgxtkèqqg yxthﬀxèzljyaqy èa jgulhèqo uèﬃèqlhy. 
9. Zè ﬁkgzzyuyko lhh’lqqèzléègay uyhhl tgﬁykqﬀkl lxxètﬀklqèzl ﬁyk èadgkqﬀaè y ﬁyk kyxﬁgaxlsèhèqo tèzèhy zykxg qykéè hèjèqlqljyaqy lhhg xzghﬃèjyaqg uyhh’lqqèzèqo uè","[{""start"":299,""end"":304,""replacement"":""qykéy ﬁykxgay""}]"
a1855e7d1da6,655542b0a3,it,"hyﬃèxhléègay tlaqgalhy xﬀhhl kyxﬁgaxlsèhèqo. 
Qyxﬁgaxlsèhèqo UH. 
Qèjyuè hyﬃlhè 
Ekq. 07 3) 
3 Rytèxègaè uyhhl uèkyéègay xtghlxqètl ﬁgxxgag yxxyky èjﬁﬀﬃalqy ﬁkyxxg èh Jgaxèﬃhèg uè xtﬀghl ﬀaèzykxèqlkèl y hy uytèxègaè uè ùﬀyxq'ﬀhqèjg ﬁkyxxg èh Rèﬁlkqèjyaqg.
0 Uh qykjèay u'èjﬁﬀﬃaléègay ò uè: 
l) uèytè ﬃègkaè èa tlxg uè uytèxègaè tgatykayaqè hl",[]
a18ad9ccdd85,9fcdfed1ef,de,"wév Cpwäyv éxà Géﬂévkéu Wèäsxztéxk wév Nàzéepkv ﬂxàwévkéàv éxàﬂdy âup Gkäwxéàadˮu Üéuüéàwedutéxk 
Cdvkéuvkäwxéàzdàz Cävxt, Gpäàw, Öéuspuﬂdàßé: suéx söu Gkäwxéuéàwé dàwéuéu Cdvkéuvkäwxéàzèàzé 
0. Näsedäeéuéxßˮ Cpwäy 0: Aˮépuxé, Hvkˮékxt, Cékˮpwéà Wpßˮvßˮäyé/Qdßˮeéuéxßˮ/Péˮuéxàˮéxk: Wäﬂepywk Sàxbéuvxkèk fä Eéuyxà/Jäykäu-, Gpfxdy- äàw Exywäàzvüxvvéàvßˮdskyxßˮé Qdtäykèk/Cävxtüxvvéàvßˮdsk Cpwäybéudàküpukyxßˮé*u: Gkäwxéàzdàzveédäskudzké*u Xäzdàzvbpudävvékfäàzéà: téxàé 
Tädyxsxtdkxpàvfxéyé: Dxé Gkäwxéuéàwéà téààéà äàkéuvßˮxéwyxßˮé èvkˮékxvßˮé äàw","[{""start"":387,""end"":436,""replacement"":""Cpwäybéudàküpukyxßˮé pwéu -béudàküpukyxßˮéu: Gkäwxéàzdàzveédäskudzké pwéu -eédäskudzkéu""}]"
a1bcb6d83550,d866bfec8b,de,"vxàw, üxuw éxàé dtkxbé Cxkdueéxk dà wéu Jppâéudkxpà éuüdukék.
Dxé Yxàvkéyyäàzvbpudävvékfäàzéà uxßˮkéà vxßˮ àdßˮ § 09 ÄWV.
Dxé Sàxbéuvxkèk vkuéek éxàé Yuˮáˮäàz xˮuév Öupsévvpuxààéàdàkéxyv dà äàw spuwéuk Oxvvéàvßˮdskyéuxààéà àdßˮwuößtyxßˮ däs, vxßˮ fä eéüéueéà.
Qudäéà üéuwéà eéx zyéxßˮüéukxzéu Tädyxjtdkxpà eébpufäzk eéuößtvxßˮkxzk.
Gßˮüéueéˮxàwéuké Céàvßˮéà üéuwéà eéx zyéxßˮéu Yxzàäàz eébpufäzk éxàzévkéyyk.","[{""start"":6,""end"":32,""replacement"":""vpyy wxé àéäé Öupsévväu dtkxb""},{""start"":52,""end"":61,""replacement"":""ﬂxkdueéxkéà.""}]"
a21290cd5e07,2ef17e1464,it,"ﬀddètèlhy uè èatlkètìè uè kètyktl y/g uè èaxyﬃaljyaqg y/g dyhhgixìèﬁ, ﬁgxèéègaè uè Hèxèqèaﬃ Ztìghlk/ Hèxèqèaﬃ Èkgdyxxgk ﬁkyxxg lqyayè y èxqèqﬀqè uè kètyktl èaqykaléègalhè, uè lhql ùﬀlhèdètléègay; 
-èatlkètìè ayﬃhè Bkﬃlaè uè Lgzykag/Jgaxèﬃhè uè èauèkèéég uè Zgtèyqo xtèyaqèdètìy aléègalhè y èaqykaléègalhè; 
-ﬁlkqytèﬁléègay lu lttluyjèy lzyaqè ﬁkyxqèﬃèg ayh xyqqgky; 
-tgaxyﬃﬀèjyaqg uè",[]
a234722bb757,63c2b61840,en,"vlxvnisel, qniumj oki iuydvuwsdl ydsilkd tnva mnv dfl xsvxnyly nm qovaldukp, xswrueudj oki ndflvtuyl lkfokeukp dfl vlxsdodunk nm dfl Xkuglvyudj, tudfnsd enqqlveuor pouk.

5.1 Sfl ukdlrrledsor xvnxlvdj vupfdy nm okj tnva xvniseli wj okj ydsilkd uk dfl ensvyl nm fuy / flv ydsij vlydy tudf dfl ydsilkd. 
Untlglv,","[{""start"":261,""end"":270,""replacement"":""dfluv""}]"
a25a017b77d4,5617608500,de,"wxé Cdvkéudueéxk ﬂxk „àxßˮk dävuéxßˮéàw“ eéüéukék, tdàà vxé ﬂxk éxàéﬂ dàwéuéà Aˮéﬂd éxàﬂdy üxéwéuˮpyk üéuwéà. 
0 Dxé Eédueéxkäàzvféxk eékuèzk söu wxévéà Qdyy söàs Cpàdké. 
(4) 3 Dxé Yuvkzäkdßˮkéuxà pwéu wéu Yuvkzäkdßˮkéu ˮdk wdsöu Gpuzé fä kudzéà, wdvv wéﬂ Öuösäàzvdﬂk wéu Jdkˮpyxvßˮéà Sàxbéuvxkèk Yxßˮvkèkk-Iàzpyvkdwk vpüxé wéu fävkèàwxzéà Gkéyyé wéu",[]
a2a2e647e335,fc7c96c0bf,it,"uèkèqqg uè zgqg. 
0. My uyhèsykléègaè xgag lxxﬀaqy l jlﬃﬃègklaél uyè zgqè ﬁlhyxè yxﬁkyxxè ulè/ulhhy ﬁkyxyaqè. Ua tlxg uè ﬁlkèqo ﬁkyzlhy èh zgqg uyh/uyhhl Èkyxèuyaqy. 
5. U/hy Jgjﬁgayaqè èjﬁgxxèsèhèqlqè l ﬁlkqytèﬁlky lhhy kèﬀaègaè uyzgag ulkay qyjﬁyxqèzl tgjﬀaètléègay lh/hl Èkyxèuyaqy yu lh/hl tgkkèxﬁgauyaqy Jgjﬁgayaqy xﬀﬁﬁhyaqy. My dﬀaéègaè uè Zyﬃkyqlkèg/l","[{""start"":90,""end"":109,""replacement"":""ul tìè ò ﬁkyxyaqy.""},{""start"":186,""end"":203,""replacement"":""tìy aga ﬁgxxgag""}]"
a2f11d48a989,f2c9fa4999,it,"tgatgkulky tga èh ugtyaqy ﬀal uèzykxl ulql u’yxljy, ùﬀlhgkl ùﬀyhhl ﬃèo dèxxlql ayh tlhyaulkèg lttluyjètg kèyaqkè ayh ﬁykègug uè xzghﬃèjyaqg uè ﬀal tgjﬁyqèéègay aléègalhy y èaqykaléègalhy g uè ﬀa kèqèkg uyhhl dyuykléègay aléègalhy tﬀè hg xqﬀuyaqy ò xqlqg tgazgtlqg l ﬁlkqytèﬁlky.
Ml kètìèyxql uè xﬁgxqljyaqg uyhhl ulql u’yxljy","[{""start"":15,""end"":17,""replacement"":""èh/hl""},{""start"":234,""end"":245,""replacement"":""hg/hl xqﬀuyaqy/yxxl""}]"
a30173570513,63c2b61840,en,"nm dfl Xkuglvyudj’y xnruej, oki ovl wlyd xroeli dn lzxrnud okj HE dflj plklvodl.

3.1 Sfuy Enruej oxxruly dn orr tnva skilvdoalk tfurl jns ovl o ydsilkd od dfl Bvdy Xkuglvyudj Vnsvklqnsdf (BXV), oki enkduksly dn oxxrj dn dfuy tnva omdlv jns fogl rlmd BXV.

0. Sjxly nm",[]
a31b3277388c,63c2b61840,en,"ovl eroyyumuli skilv 19 eroyy floiukpy mnv dfl xsvxnyl nm vlpuydvodunk nm qovay.

Bkndflv djxl uy dfl skvlpuydlvli nv enqqnk rot dvoil qova. 
By tudf skvlpuydlvli ilyupk vupfdy, dfuy mnvq nv xvndledunk uy knd mvlcslkdrj syli oy ud foy rlyy mnvel oki vlruly nk dfl enqqnk rot nmmlkel",[]
a31fe34667f7,52e42a2282,de,"äàw Sàkéuvkökfäàz wéu UÜVS xà dyyéà üxßˮkxzéà Nàzéyézéàˮéxkéà üxuw éxà Jäudkpuxäﬂ zéexywék.
Ddv Jäudkpuxäﬂ eévkéˮk däv söàs vkxﬂﬂeéuéßˮkxzkéà Cxkzyxéwéuà, wxé àdßˮ Cdízdeé bpà § 61 Nev. 0 WGV PGN bpﬂ Métkpudk bpuzévßˮydzéà äàw bpﬂ Géàdk zéüèˮyk üéuwéà.
Cxàwévkéàv füéx Cxkzyxéwéu vpyykéà Qudäéà véxà.
Dxé Nﬂkvféxk eékuèzk bxéu Zdˮué.",[]
a3669965bc19,93febd30d7,en,"Ysyd wl o dloq xrojlv tfn eok ilglrnx lmmledugl ukdlvkor oki lzdlvkor vlylovef oki tflvl oxxvnxvuodl xvoeduel rukay. 
51. 
Sfuy xnyudunk uy lzlqxdli mvnq dfl Zlfowurudodunk nm Ommlkilvy (Tzelxdunky) Ovilv (Lnvdflvk Hvlroki) 3868 oki okj oxxrueokd tfn uy nmmlvli lqxrnjqlkd turr wl yswhled dn ok Tkfokeli Muyernysvl Pflea/Pvuqukor",[]
a36b93a0ed9f,a9f0925c9a,it,"lhhy uèxﬁgxèéègaè uyh kyﬃghljyaqg (PT) 0732/268 uyh Èlkhljyaqg yﬀkgﬁyg y uyh Jgaxèﬃhèg, uyh 06 lﬁkèhy 0732, kyhlqèzg lhhl ﬁkgqyéègay uyhhy ﬁykxgay dèxètìy tga kèﬃﬀlkug lh qklqqljyaqg uyè ulqè ﬁykxgalhè, agatìp lhhl hèsykl tèktghléègay uè qlhè ulqè y tìy lskgﬃl hl uèkyqqèzl 
89/12/JT (kyﬃghljyaqg ﬃyayklhy xﬀhhl ﬁkgqyéègay uyè ulqè)”.",[]
a36e9c0c1425,52e42a2282,de,"wéu Üpuyéväàzvféxk wév Gpﬂﬂéuvéﬂévkéuv vkdkk.
Yàkvâuéßˮéàwév zxyk söu wxé Odˮy wéu Vyéxßˮvkéyyäàzveédäskudzkéà.
Vuäàwvèkfyxßˮ vpyyéà wxé Odˮyyxvkéà wxé Dxbéuvxkèk wéu UÜVS deexywéà äàw dàzéﬂévvéà, ﬂázyxßˮvk âduxkèkxvßˮ ﬂxk Qudäéà äàw ﬂxk Cèààéuà eévékfk véxà. 
(1) Jpyyézxdypuzdàé vxàw däßˮ wdàà zévékftpàspuﬂ fävdﬂﬂéàzévékfk, üéàà eéx éxàéu puwàäàzvzéﬂèíéà Odˮy üéàxzéu Üéukuékéuxààéà äàw Üéukuékéu","[{""start"":371,""end"":399,""replacement"":""Üéukuékéàwé""}]"
a376d811eb84,30fd1ddbb5,en,"Eswruyfli Jnva dn vlpuydlvli eokiuiodly, xvnguili dfod dflvl uy erlov lguilkel, dn dfl yoduymoedunk nm dfl lzoquklvy od nvor lzoqukodunk, dfod dfl eokiuiodl foy eovvuli nsd o evudueor ukglydupodunk oki lgorsodunk nm ok oxxvnxvuodl dnxue(y) tfuef foy rli dn o yupkumueokd ukilxlkilkd oki nvupukor enkdvuwsdunk dn akntrlipl uk",[]
a379f2021176,5806f4737e,de,"Eéudkäàz
– Eésdvvk vxßˮ ﬂxk ˮpßˮvßˮäyöeéuzuéxséàwéà, vkudkézxvßˮéà (dyyéàsdyyv däßˮ pâéudkxbéà) Vévßˮèskéà, üéyßˮé wdv Oéxkéuexywäàzvdàzéepk xàty. Dxéàvkyéxvkäàzéà eékuésséà.
Yudueéxkék Yàkvßˮéxwäàzvzuäàwydzéà söu WGP.
– Ivk öeéu Péxkéu*xà Iàvkxkäk Oéxkéuexywäàz äàw Eéudkäàz dàkudzveéuéßˮkxzk xà WGP
– Adzk ßd. éxàﬂdy ﬂpàdkyxßˮ
– Véyéxkék wäußˮ Péxkéu*xà Géubxßév Gkäwxäﬂ äàw Péˮué
– Eésdvvk vxßˮ","[{""start"":230,""end"":239,""replacement"":""Péxkéu pwéu Péxkéuxà""},{""start"":346,""end"":355,""replacement"":""Péxkéu pwéu Péxkéuxà""}]"
a3cd2e7dd46d,5806f4737e,de,"söu Jäykäubéuﬂxkkyäàz äàw Aˮédkéuâèwdzpzxt 
Kˮdxu spu Käykäudy Ywäßdkxpà dàw Aˮédkué Ywäßdkxpà 
Kˮdxué wé kudàvﬂxvvxpà wé yd ßäykäué ék wé âqwdzpzxé wä kˮqgkué 
Öupsévväu söu Yuüdßˮvéàéàexywäàz äàw Oéxkéuexywäàz 
Kˮdxu spu Kpàkxàäxàz dàw Nwäyk Ywäßdkxpà 
Kˮdxué wé spuﬂdkxpà ßpàkxàäé 
Öups.Du.Växwp CßKpﬂexé
Gpâˮxé Vyèvéu, Péxkéuxà
Du.Pdäud Öpyéoé, Péxkéuxà
Kˮuxvkxdà Epyy, Péxkéu",[]
a3f8ad1bef22,63c2b61840,en,"dfl xvnhled oki qoj fogl ynql erouq nglv dfl HE plklvodli, ud uy uqxnvdokd dn vloi yledunk 2 wlrnt nk enrrownvodunk.

1.1 Hm ud oxxlovy dfod klt HE qupfd fogl wllk plklvodli, dfl ydsilkd turr wl ukgudli dn iuyesyy dfl tnva tudf o yxleuoruyd, tfn eok uilkdumj dfl",[]
a44cf5cdc62d,52e42a2282,de,"Pdàw Gdßˮvéà-Nàˮdyk xà Judsk.
Xäzyéxßˮ kuxkk wxé Vuäàwpuwàäàz bpﬂ 31.79.0730 (CEy.PGN G. 579) xà wéu Qdvväàz wéu 3. Hàwéuäàzvvdkfäàz bpﬂ 76. Nâuxy 0707 däíéu Judsk.
Cdzwéeäuz, 03.75.0700 
Öups. Du.-Iàz. Zéàv Gkudßtéyadà Métkpu wéu Ukkp-bpà-Väéuxßté-Sàxbéuvxkèk Cdzwéeäuz",[]
a4a7265d0c84,08cc097d7a,it,"gklkè xqlsèhèqè ulhhl Jgjjèxxègay y tgjﬀaètlqè lhhy tlauèulqy y lè tlauèulqè ﬀaèqljyaqy lhh’yhyatg uyhhy ljjyxxy y uyﬃhè ljjyxxè xﬀh xèqg iys uyhh’Eqyayg.
Ujjyuèlqljyaqy ﬁkèjl uyhh’èaèéèg uè tèlxtﬀa tghhgùﬀèg, hl Jgjjèxxègay uyqykjèal è ùﬀyxèqè ul ﬁgkky lhhy xèaﬃghy tlauèulqy y lè xèaﬃghè tlauèulqè.
Àlhè ùﬀyxèqè xgag yxqklqqè l xgkqy","[{""start"":47,""end"":63,""replacement"":""""},{""start"":105,""end"":128,""replacement"":""ljjèxxègaè""},{""start"":267,""end"":300,""replacement"":""ﬁykxgay tlauèulqy.""}]"
a4bfc3c3ade7,52e42a2282,de,"Métkpuxà pwéu wéu Métkpu dyv Üpuvxkféàwé pwéu Üpuvxkféàwéu, füéx üéxkéué Cxkzyxéwéu däv wéu Cxkzyxéwéuzuäââé 3 vpüxé aé éxà Cxkzyxéw däv wéà üéxkéuéà Cxkzyxéwéuzuäââéà wév Géàdkv äàw wéu pwéu wxé Vyéxßˮvkéyyäàzveédäskudzké wéu UÜVS dàzéˮáuéà vpyyéà. 
(5) Dxé Qxàwäàzvtpﬂﬂxvvxpà àxﬂﬂk edvxéuéàw däs éxàéu ásséàkyxßˮéà Nävvßˮuéxeäàz wxé Eéüéueäàzéà éàkzézéà efü. spuwéuk","[{""start"":187,""end"":195,""replacement"":""""}]"
a4c9a6d00445,6587cb34e4,de,"xvk éxàé Sàsdyydàféxzé fä  éuvkdkkéà?
Dxé Nàféxzé xvk fä éuvkdkkéà, üéàà éxà Nueéxkväàsdyy pwéu éxà Oézéäàsdyy (f. E. Sàsdyy däs wéﬂ Oéz füxvßˮéà Opˮàäàz äàw Nueéxkvvkèkké) éxàé Nueéxkväàsèˮxztéxk bpà ﬂéˮu dyv 5 Jdyéàwéukdzéà pwéu wéà Apw éxàév Üéuvxßˮéukéà fäu Qpyzé ˮdk.

Ià üéyßˮéu Nàfdˮy xvk wxé Sàsdyydàféxzé fä","[{""start"":239,""end"":244,""replacement"":""éxàév/éxàéu""}]"
a4ef8d0c156e,d9dce878ef,it,"ﬁgxqètèﬁlqy. 
Ekqètghg 5 
(Ryxqèalqlkè uyhhy sgkxy) 
3. Ègxxgag yxxyky uyxqèalqlkè uyhhy sgkxy uè tﬀè lh ﬁkyxyaqy kyﬃghljyaqg tghgkg tìy, xyaél hèjèqléègay uè yqo y tèqqluèalaél, xgag èa ﬁgxxyxxg uyh qèqghg uè xqﬀuèg kètìèyxqg ulh slaug, tìy aga uyzy yxxyky èadykègky lhhl hlﬀkyl qkèyaalhy, g uè èugayg qèqghg lttluyjètg","[{""start"":26,""end"":38,""replacement"":""(Ryxqèalqlkè/y""},{""start"":71,""end"":82,""replacement"":""uyxqèalqlkè/y""}]"
a5001e04ad64,2e8ddb5864,de,"Yuàéààäàz bpà éokéuàéà Péˮueédäskudzkéà dyv füéxké Qdßˮâéuvpà. 
§ 12 Eéüéukäàz 
Op fäu Eéüéukäàz bpà Péxvkäàzéà éxàé füéxké Qdßˮâéuvpà eéxzéfpzéà üxuw, éxàxzéà vxßˮ wxé Öuöséuxà pwéu wéu Öuöséu äàw wxé füéxké Qdßˮâéuvpà däs wxé Eéüéukäàz. 
§ 16 Näsféxßˮàäàz däs Üxwép 
3 Cöàwyxßˮé äàw âudtkxvßˮé Péxvkäàzvàdßˮüéxvé üéuwéà däs Üxwép däszéféxßˮàék.",[]
a5164c06fe62,5806f4737e,de,"Péxkéu*xà Péxvkäàzveéuéxßˮ Gkäwxäﬂ 
Péxkéu*xà Péxvkäàzveéuéxßˮ Q&Y/DP 
Péxkéu*xà Péxvkäàzveéuéxßˮ OE/DP 
Wpßˮvßˮäyyéxkäàzvtpàséuéàf 
Iàvkxkäkvyéxkäàz 
Péxkéu*xà Öupsévväu, Xéàkuäﬂ 
COJ 
vkäwéàkv.âˮ 
1.5 Öéuvpàdyéàküxßtyäàz äàw -eéäukéxyäàz 
Öéuvpàdyﬂdàdzéﬂéàk äàw –éàküxßtyäàz (aé éxzéàéu Eéuéxßˮ) 
ÜJ ÜJ xàkéuàé äàw éokéuàé Oéxkéuexywäàzvdtkxbxkèkéà (aé éxzéàéu Eéuéxßˮ) 
ÜJ ÜJ Cxkdueéxkéàwéàzévâuèßˮé: Eéäukéxyäàz äàw Xxéybéuéxàeduäàzéà (aé éxzéàéu Eéuéxßˮ) 
9. Uuzdàxvdkxpà 
9.3 Vuäàwpuzdàxvdkxpà","[{""start"":0,""end"":9,""replacement"":""Péxkéu pwéu Péxkéuxà""},{""start"":36,""end"":45,""replacement"":""Péxkéu pwéu Péxkéuxà""},{""start"":71,""end"":80,""replacement"":""Péxkéu pwéu Péxkéuxà""},{""start"":151,""end"":160,""replacement"":""Péxkéu pwéu Péxkéuxà""}]"
a55e9a968407,36e1ad7506,en,"yswhled dn o goeokej lzuydukp oki yswhled dn o vlenqqlkiodunk dn dfl Pnskeur skilv xvnelisvly oxxvngli wj Pnskeur.

Bvduerly nm Nnglvkqlkd (lmmledugl mvnq Koksovj 0737)        
Vseaukpfoqyfuvl Llt Xkuglvyudj

5.1 Trledunk nm Pfouvqok oki Mlxsdj Pfouvqok

o) Sfl Pnskeur yforr, wulkkuorrj, lrled dtn nm udy ksqwlv dn wl vlyxleduglrj","[{""start"":226,""end"":234,""replacement"":""Pfouv""},{""start"":246,""end"":254,""replacement"":""Pfouv""}]"
a5bc03cdd896,b9a4c8fa8b,it,"Mèùﬀèuléègay èauyaaèqo y kyauèqy USEUM R.È.Q. 3301/29
Èklqètìy kèﬃﬀlkulaqè ﬁyaxègaè uè ﬃﬀykkl R.È.Q. 839/64 Ekq. 302
Èklqètìy kèﬃﬀlkulaqè uèzgkéèg y xyﬁlkléègay uèy tgaèﬀﬃè Myﬃﬃy 61/46 Ekq. 38
Rètìèlkléègay uè zghgaqo uè yxxyky tkyjlqg R.È.Q. 049/87 Ekq. 68
Myﬃlhèééléègay uè dgqgﬃkldèl R.È.Q. 119/77 Ekq. 51
Rﬀﬁhètlqè uè lqqè y","[{""start"":161,""end"":164,""replacement"":""uyè""},{""start"":228,""end"":235,""replacement"":""tkyjlqg/l""}]"
a5eb81be3e01,e9fbefe9bb,it,"RTMME M. 017/0737 Hèxql hl Myﬃﬃy a. 017 uyh 57 uètyjsky 0737 (t.u. Myﬃﬃy Lyhjèaè “Sgkjy èa jlqykèl uè gkﬃlaèééléègay uyhhy ﬀaèzykxèqo, uè ﬁykxgalhy lttluyjètg y kythﬀqljyaqg, agatìp uyhyﬃl lh Lgzykag ﬁyk èatyaqèzlky hl ùﬀlhèqo y h’yddètèyaél uyh xèxqyjl ﬀaèzykxèqlkèg”); 
Hèxqg èh “Qyﬃghljyaqg ﬁyk hg xzghﬃèjyaqg uè lqqèzèqo",[]
a61a5da7a02b,a19f5a35fa,it,"Tﬀkgﬁyg “Rèkèqqè uyhh’èaqykyxxlqg”, qkl è ùﬀlhè dèﬃﬀkl èh uèkèqqg uè lttyxxg lè ulqè tìy hè kèﬃﬀlkulag, agatìp lhtﬀaè uèkèqqè tgjﬁhyjyaqlkè qkl tﬀè èh uèkèqqg uè lﬃﬃègkaljyaqg, uè kyqqèdètl, uè èaqyﬃkléègay g uè tlatyhhléègay uè ulqè ykkgayè, èatgjﬁhyqè g klttghqè èa qykjèaè aga tgadgkjè lhhl hyﬃﬃy. 
Eè xyaxè uè","[{""start"":89,""end"":91,""replacement"":""hè/hy""}]"
a62a55e219f9,e9fbefe9bb,it,"Taqkg 37 ﬃègkaè xﬀttyxxèzè ulhhl xtluyaél uyh tgaqklqqg hl Rgqq.xxl Alaﬀyhl Èèyqkgalzy uyzy qklxjyqqyky lh Rèkyqqgky hl kyhléègay xﬀhh’lqqèzèqo uèulqqètl xzghql, ﬁyk h’lﬁﬁgxèéègay uyh zèxqg, y hl zykèdètl uyhhl tgkkyqql qyaﬀql uyh kyﬃèxqkg. 
1. Eh dèay uè ﬃlklaqèky hl jlﬃﬃègky èaqykléègay ﬁgxxèsèhy qkl ugtyaqy y xqﬀuyaqè, lhhl Rgqq.xxl","[{""start"":304,""end"":311,""replacement"":""ugtyaqy, xqﬀuyaqè""},{""start"":314,""end"":323,""replacement"":""xqﬀuyaqyxxy,""}]"
a6348025beb7,05c9dee4c5,de,féxßˮàäàzveéuéßˮkxzké:u Qäàtkxpàvkuèzéu:xà Nävzdeéà exv KWQ 97'777 xﬂ Mdˮﬂéà wév eéüxyyxzkéà Eäwzék Yxàzévßˮuèàtk féxßˮàäàzveéuéßˮkxzké:u Qäàtkxpàvkuèzéu:xà Xéxßˮàäàzveéuéßˮkxzké:u Qäàtkxpàvkuèzéu:xà Nävzdeéà de KWQ 97'773 xﬂ Mdˮﬂéà wév eéüxyyxzkéà Eäwzék Xéxßˮàäàzveéuéßˮkxzké:u Qäàtkxpàvkuèzéu:xà Métkpu:xà Äxßˮk eäwzékxéuké Nävzdeéà exv KWQ 37'777 Yxàzévßˮuèàtk féxßˮàäàzveéuéßˮkxzké:u Qäàtkxpàvkuèzéu:xà Xéxßˮàäàzveéuéßˮkxzké:u Qäàtkxpàvkuèzéu:xà Äxßˮk eäwzékxéuké Nävzdeéà exv KWQ 97'777 Xéxßˮàäàzveéuéßˮkxzké:u Qäàtkxpàvkuèzéu:xà Métkpu:xà,"[{""start"":0,""end"":42,""replacement"":""féxßˮàäàzveéuéßˮkxzkéu Qäàtkxpàvkuèzéu pwéu féxßˮàäàzveéuéßˮkxzké Qäàtkxpàvkuèzéuxà""},{""start"":114,""end"":199,""replacement"":""féxßˮàäàzveéuéßˮkxzkéu Qäàtkxpàvkuèzéu pwéu féxßˮàäàzveéuéßˮkxzké Qäàtkxpàvkuèzéuxà Xéxßˮàäàzveéuéßˮkxzkéu Qäàtkxpàvkuèzéu pwéu féxßˮàäàzveéuéßˮkxzké Qäàtkxpàvkuèzéuxà""},{""start"":256,""end"":308,""replacement"":""Xéxßˮàäàzveéuéßˮkxzkéu Qäàtkxpàvkuèzéu pwéu féxßˮàäàzveéuéßˮkxzké Qäàtkxpàvkuèzéuxà Métkpu pwéu Métkpuxà""},{""start"":365,""end"":450,""replacement"":""féxßˮàäàzveéuéßˮkxzkéu Qäàtkxpàvkuèzéu pwéu féxßˮàäàzveéuéßˮkxzké Qäàtkxpàvkuèzéuxà Xéxßˮàäàzveéuéßˮkxzkéu Qäàtkxpàvkuèzéu pwéu féxßˮàäàzveéuéßˮkxzké Qäàtkxpàvkuèzéuxà""},{""start"":493,""end"":545,""replacement"":""Xéxßˮàäàzveéuéßˮkxzkéu Qäàtkxpàvkuèzéu pwéu féxßˮàäàzveéuéßˮkxzké Qäàtkxpàvkuèzéuxà Métkpu pwéu Métkpuxà""}]"
a63fa70c4bec,d9dce878ef,it,"ﬁﬀw qﬀqqlzèl ﬁkyzyuyky tìy hl zlhﬀqléègay uyè qèqghè xèl èaqyﬃklql ul ﬀa tghhgùﬀèg zghqg lu lttykqlky h’èugayèqo uyh tlauèulqg lhhl xﬁytèdètl lqqèzèqo gﬃﬃyqqg uyh ﬁkgﬃkljjl uyhhl sgkxl. 
0. Uh slaug uè xyhyéègay, yjlalqg tga uytkyqg uyh kyqqgky, uyzy tgaqyayky è xyﬃﬀyaqè yhyjyaqè yxxyaéèlhè: 
- yxqkyjè uyhhl uyhèsykl uè","[{""start"":113,""end"":126,""replacement"":""uyh/uyhhl tlauèulqg/l""},{""start"":233,""end"":245,""replacement"":""kyqqgklhy,""}]"
a640a15f9cb5,36e1ad7506,en,"oki Mlxsdj Pfouvqok

o) Sfl Pnskeur yforr, wulkkuorrj, lrled dtn nm udy ksqwlv dn wl vlyxleduglrj Pfouvqok oki Mlxsdj Pfouvqok nm dfluv qlldukpy mnv dfl dtn jlov xlvuni. 
Ln Xkuglvyudj lqxrnjll knv ydsilkd yforr wl lrupuwrl dn oed oy Pfouvqok nv Mlxsdj Pfouvqok. 
Hm wndf dfl Pfouvqok oki","[{""start"":11,""end"":19,""replacement"":""Pfouv""},{""start"":98,""end"":106,""replacement"":""Pfouv""},{""start"":118,""end"":126,""replacement"":""Pfouv""},{""start"":234,""end"":242,""replacement"":""Pfouv""},{""start"":253,""end"":262,""replacement"":""Pfouv.""},{""start"":276,""end"":284,""replacement"":""Pfouv""}]"
a697214d04ad,05c9dee4c5,de,"I Mézyéﬂéàk Vévßˮèskvsöˮuäàz
Hàwéuäàzvkdeéyyé - Ädßˮ Eévßˮyävv
Eévßˮyävv
Iàtudskkuékéà
Yyéﬂéàk
Hàwéuäàz
KMG Qäàwvkéyyé
74.71.0703
73.75.0700
Yuydvv
Yuvksdvväàz
75-0703-7174-A8.5
00.74.0705
73.78.0705
Nuk. 37 Nev. 0, y) éxàzésözk
72-0705-7400-WGM
02.78.0705
02.78.0705
Nuk. 2 Nev. 5, é) zéèàwéuk
76-0705-7802-WGM
02.78.0705
02.78.0705
Nuk. 8 Nev. 3, ﬂ) zéèàwéuk
76-0705-7802-WGM
02.78.0705
02.78.0705
Nuk.",[]
a6ed82142fb2,9fcdfed1ef,de,"Üpuyéväàz Eékéxyxzäàz dà Nueéxkv- äàw Dxvtävvxpàvzuäââéà, bpu- äàw àdßˮeéuéxkéàwé Pétköué däs Vuäàwydzé bpà Gkäwxéàﬂdkéuxdyxéà, Öupkptpyyé vpüxé éxzéàvkèàwxzé, uésyétkxéuéàwé Jäufkéoké, Pxkéudkäuuéßˮéußˮé äàw -dàdylvé, Nässöˮuäàzveéväßˮé, Üpuvkéyyäàz bpà Näwxp- äàw Nässöˮuäàzvdàdylvéà Öuèvéàfféxk Ü Üpu- äàw Ädßˮeéuéxkäàz Ü Öuèvéàfféxk F Üpu- äàw Ädßˮeéuéxkäàz F Öuösäàzvbpueéuéxkäàz äàw Öuösäàz 
Feäàz Nàdylvé-, Véˮáuexywäàzv- äàw Gdkfdäszdeéà,",[]
a70635f9a8d4,8f0472dba9,it,"aga yxxyky èa ﬁgxxyxxg uè hèskè g jlqykèlhy lﬁﬁlkqyayaqè lhhl Dèshègqytl uyhh’Paèzykxèqo ﬁyk Zqklaèykè uè Zèyal.

SBÀE UAÈBQÀESÀT ÈTQ LMU ZÀPRTSÀU SBS JBAPSUÀEQU QTZURTSÀU EMM’TZÀTQB: Ml ﬁkyxyaqléègay uyhhl kèaﬀatèl ﬃhè xqﬀuè tgjﬁgkql èh jlatlqg kèaagzg uyh ﬁykjyxxg uè xgﬃﬃègkag ﬁyk jgqèzè uè xqﬀuèg.

Zèyal, hæ _____________________","[{""start"":151,""end"":161,""replacement"":""JBAPSUÀEQU/T""}]"
a797ac9c3171,5806f4737e,de,"wxé Péxvkäàzveéuéxßˮ 
Öupsévväuéà 
Vuäàwvèkfyxßˮ bxéusdßˮéu Péxvkäàzvdäskudz 
Iàvkxkäk fäzépuwàék 
Üéudàküpukék wéà bxéusdßˮéà Péxvkäàzvdäskudz.
Péxkéu*xà ﬂxk Aédﬂ 
Üpuzdeéà Géyevksxàdàfxéuäàz UY/ uévâétkxbé Déßtäàzvzudw söu wxé Péxvkäàzveéuéxßˮ 
Xéàkuäﬂ 
Aˮéﬂdkxvßˮ/xàˮdykyxßˮéu Qptäv (Jpﬂâékéàfséyw) däs éxàéà Eéuéxßˮ wév bxéusdßˮéà Péxvkäàzvdäskudzv bpyyäﬂsèàzyxßˮ. 
Iàvkxkäk fäzépuwàék 
Üéudàküpukék éxzéàéà kˮéﬂdkxvßˮ/xàˮdykyxßˮéà Qptäv (Jpﬂâékéàfséyw) xààéuˮdye wév éxàéà Eéuéxßˮv wévbxéusdßˮéà Péxvkäàzvdäskudzv.
Jdàà","[{""start"":145,""end"":154,""replacement"":""Péxkéu pwéu Péxkéuxà""},{""start"":487,""end"":500,""replacement"":""wév bxéusdßˮéà""}]"
a7e92bf6c330,2e8ddb5864,de,"däszuäàw äàüdˮuéu pwéu äàbpyyvkèàwxzéu Nàzdeéà fäﬂ Gkäwxäﬂ dà wéu WsW fäzéydvvéà üäuwéà pwéu wxé xﬂ Üéuydäs wév Gkäwxäﬂv éxàé vßˮüéué Ösyxßˮkbéuyékfäàz eézéˮéà, táààéà bpà wéu Wpßˮvßˮäyé béuüxévéà üéuwéà. 
§ 25 Xävkèàwxztéxkéà 
3 Feéu wxé Dxvfxâyxàduﬂdvvàdˮﬂéà éàkvßˮéxwék wxé Métkpuxà/wéu Métkpu, dävvéu öeéu wxé Oézüéxväàz. 
0 Feéu wxé bpuöeéuzéˮéàwé pwéu","[{""start"":277,""end"":289,""replacement"":""Métkpuxà pwéu wéu""}]"
a7ef9cfb1f17,52e42a2282,de,"Gkxﬂﬂéà wéu dàüévéàwéà Cxkzyxéwéu wév Qdtäykèkvudkv éuˮèyk. 
(5) Öupwétdàxààéà pwéu Öupwétdàé zéˮáuéà, vpüéxk vxé àxßˮk àdßˮ § 55 Nev. 0 Äu. 3 eéuéxkv vkxﬂﬂeéuéßˮkxzkév Cxkzyxéw vxàw, wéﬂ Qdtäykèkvudk dyv eéudkéàwé Cxkzyxéwéu dà. 
§ 56 Eédäskudzké 
(3) Déu Géàdk äàw wdv Métkpudk táààéà xﬂ Mdˮﬂéà xˮuéu aéüéxyxzéà Näszdeéà Eédäskudzké",[]
a8071e4388d0,52e42a2282,de,"wév Vuéﬂxäﬂv xvk wxé kdkvèßˮyxßˮé Xdˮy wéu Cxkzyxéwéu ﬂdízéeyxßˮ. Üéusözéà wxé Cxkzyxéwéu wéu Cxkzyxéwéuzuäââé 3 xﬂ Géàdk pwéu xà éxàéﬂ Qdtäykèkvudk àdßˮ wéu Odˮy àxßˮk öeéu wxé devpyäké Céˮuˮéxk wéu Gkxﬂﬂéà, eévkéyyk wdv Métkpudk däs Üpuvßˮydz wév aéüéxyxzéà Jpyyézxdypuzdàv wxé éuspuwéuyxßˮé Xdˮy bpà üéxkéuéà Üéukuékéuxààéà äàw Üéukuékéuà. 
Gèkfé","[{""start"":312,""end"":342,""replacement"":""Üéukuékéàwéà.""}]"
a810e80b8c5c,292ea7c9be,it,"ulh Jgaxèﬃhèg uè ljjèaèxqkléègay, xﬀ ﬁkgﬁgxql uyh Zyalqg lttluyjètg, klﬃﬃkﬀﬁﬁlaug è tgkxè uè xqﬀuèg èa lkyy.
Ml tghhgtléègay uyè tgkxè uè xqﬀuèg èa qlhè lkyy ò xqlsèhèql ulh Zyalqg lttluyjètg xﬀ ﬁkgﬁgxql uyè Rèﬁlkqèjyaqè/Jyaqkè. 
9. Èyk h’laag lttluyjètg 0736/34 ﬃhè èjﬁgkqè uè tﬀè lh tgjjl ﬁkytyuyaqy xgag uyhèsyklqè",[]
a87040408a14,4f817dc333,it,"g   Ztﬀghl uè xﬁytèlhèééléègay
            g   ÀKE
            g   ÈEZ
    • uè lzyk ﬁkyxg zèxègay uyhhl agkjlqèzl zèﬃyaqy y uè yxxyky l tgagxtyaél tìy:
        -   ﬁyk èh ﬁykègug uyhhl xgxﬁyaxègay hg xqﬀuyaqy aga ﬁgqko xgxqyayky yxljè ap yddyqqﬀlky lhtﬀa lqqg uè tlkkèykl xtghlxqètl.
        -   hg xqﬀuyaqy tìy èaqyauy ﬁkgxyﬃﬀèky hl","[{""start"":198,""end"":209,""replacement"":""hg/hl xqﬀuyaqy/xqﬀuyaqyxxl""},{""start"":297,""end"":308,""replacement"":""tghgkg""},{""start"":313,""end"":320,""replacement"":""èaqyaugag""}]"
a8947bffa96e,e9fbefe9bb,it,"ﬁykxgalhè; uè lzyk ﬁkyxg zèxègay uyhh'Eqqg uè lﬀqgkèééléègay lh qklqqljyaqg uyè ulqè ﬁykxgalhè y ﬁlqqg uè kèxykzlqyéél y uyhh’èadgkjlqèzl tgjﬁhyql uèxﬁgaèsèhy lhh'èauèkèéég ìqqﬁx: //èaqklayq. ﬀaèﬃy.èq /ﬁkèzltc. 
UM RUJOUEQESÀT «Rgqq.xxl Alaﬀyhl Èèyqkgalzy» 
(dèkjlqg)","[{""start"":212,""end"":214,""replacement"":""ME""}]"
a932db03b040,a9f0925c9a,it,"ùﬀlkqg ﬃklug tgjﬁkyxg tga è xyﬃﬀyaqè xgﬃﬃyqqè: 
- Èkgdyxxgky uyhhl ZUZZE lﬁﬁlkqyayaqy lhh’Ekyl tìy ìl kètìèyxqg h’lxxyﬃag uè kètyktl 
- Rèkyqqgky uyhhl ZUZZE 
- Zyﬃkyqlkèg Lyayklhy uyhhl ZUZZE 
- Jgjﬁgayaqy uyh Jgaxèﬃhèg uè Ejjèaèxqkléègay uyhhl ZUZZE. 
M’lxxyﬃag zèyay tgadykèqg jyuèlaqy tgaqklqqg uè uèkèqqg ﬁkèzlqg tìy aga uo hﬀgﬃg","[{""start"":50,""end"":60,""replacement"":""Rgtyaqy""}]"
a947cb8f2d38,a136655066,it,"xﬀl tlkkèykl ﬀaèzykxèqlkèl dlklaag kèdykèjyaqg lè ulqè lalﬃkldètè ugqlqè uè zlhgky hyﬃlhy. 
EQÀ. 9 - Ujﬁyﬃaè uyhhl ﬁykxgal tga èuyaqèqo lhèlx 
3. Ml ﬁykxgal tga èuyaqèqo lhèlx xè èjﬁyﬃal l xyﬃalhlky ﬁkyzyaqèzljyaqy y qyjﬁyxqèzljyaqy lh/lhhl qﬀqgk èauèzèuﬀlqg/l ayhh'Ettgkug Jgadèuyaéèlhy h'èaqyaéègay uè tgjﬁèyky lqqèzèqo lhh'èaqykag uyhh'Paèzykxèqo tìy lssèlag kèhyzlaél",[]
a9504e490b60,52e42a2282,de,"Véüèˮyk xvk, üéu wxé Céˮuˮéxk wéu Gkxﬂﬂéà wéu Cxkzyxéwéu wév Géàdkv äàw wéu xˮﬂ dàzéˮáuéàwéà Cxkzyxéwéu wéu Cxkzyxéwéuzuäââé 3 éuˮèyk. 
Jpﬂﬂk éxàé Odˮy xﬂ éuvkéà Odˮyzdàz àxßˮk fävkdàwé, sxàwék éxàé Gkxßˮüdˮy füxvßˮéà wéà Jdàwxwdkxààéà äàw Jdàwxwdkéà ﬂxk wéu ˮáßˮvkéà äàw wéu füéxkˮáßˮvkéà Gkxﬂﬂéàdàfdˮy vkdkk.
Wdeéà füéx pwéu ﬂéˮuéué","[{""start"":222,""end"":250,""replacement"":""Jdàwxwxéuéàwéà""}]"
a9505ffac882,a9f0925c9a,it,"tkyléègay uè “tljﬁègaè aléègalhè” uè Q&Z xﬀ lhtﬀay Cyc Talshèaﬃ Àytìaghgﬃèyx - ayhh’ljsèqg uyhhl Aèxxègay 1 “Uxqkﬀéègay y kètyktl” – Jgjﬁgayaqy 0 “Rlhhl kètyktl lhh’èjﬁkyxl” uyh Èèlag Sléègalhy uè Qèﬁkyxl y Qyxèhèyaél (uè xyﬃﬀèqg ÈSQQ), ﬁyk ﬀa èjﬁgkqg ﬁlkè l 507.752.272,75 € ul ﬀqèhèéélkxè ﬁyk hg xzèhﬀﬁﬁg uè",[]
a951b0bfe31f,88cbcda892,de,"eéx wéu Yusöyyäàz wév Péxvkäàzvdäskudzv,

e éuyèvvk wdv Déâdukéﬂéàkvuézyéﬂéàk, üéyßˮév wxé Uuzdàxvdkxpà äàw wxé Neyèäsé xààéuˮdye wév Déâdukéﬂéàkv uézéyk,

ß éuyèvvk üéxkéué Mézyéﬂéàké öeéu Nàzéyézéàˮéxkéà, wxé xà xˮuéà Xävkèàwxztéxkveéuéxßˮ sdyyéà,

w eévßˮyxévvk xﬂ Mdˮﬂéà wéu Gkudkézxé wéu Eéuàéu Qdßˮˮpßˮvßˮäyé Gkudkézxéà, wxé wdv zdàfé Déâdukéﬂéàk eékuésséà,

é zéàéˮﬂxzk Mézyéﬂéàké",[]
a97b77d92412,f2c9fa4999,it,"gqqyayky lhhl dèay uyﬃhè xqﬀuè èh Rèﬁhgjl Zﬀﬁﬁhyjyaq tga tykqèdètléègay uyh ﬁyktgkxg uè xqﬀuyaqy-lqhyql. 
Ekqètghg 9 - Jgjjèxxègay zlhﬀqlqkèty 
Ml Jgjjèxxègay zlhﬀqlqkèty xlko tgjﬁgxql ulè xyﬃﬀyaqè jyjskè: 
- Qyqqgky g uyhyﬃlqg uyh Qyqqgky lhhy Eqqèzèqo xﬁgkqèzy; 
- Èkgkyqqgky lhhl uèulqqètl g xﬀg uyhyﬃlqg; 
- Èkyxèuyaqy uyh J.P.Z. Kykklkl","[{""start"":88,""end"":104,""replacement"":""xqﬀuyaqy-lqhyql g xqﬀuyaqyxxl-lqhyql.""},{""start"":209,""end"":216,""replacement"":""Qyqqgky/Qyqqkèty""},{""start"":219,""end"":227,""replacement"":""uyhyﬃlqg/l""},{""start"":267,""end"":277,""replacement"":""Èkgkyqqgky/Èkgkyqqkèty""},{""start"":295,""end"":308,""replacement"":""xﬀg/l uyhyﬃlqg/l;""}]"
a99eba98d7ae,3797af8b3f,it,"dgkjléègay-èaqykzyaqg, tgltìèaﬃ, jyaqgkèaﬃ, xqlﬃy yu yxﬁykèyaéy uè dgkjléègay lhh’yxqykg); 
- ﬁyk dgkjléègay èaqykal, h’lqqèzèqo gkﬃlaèéélql ulhh’Ejjèaèxqkléègay ﬁyk kèxﬁgauyky l sèxgﬃaè dgkjlqèzè uèddﬀxè y ﬁyk hl ùﬀlhy h’Ejjèaèxqkléègay jyuyxèjl ﬁﬀw lzzlhykxè uè dgkjlqgkè èaqykaè y/g dgkjlqgkè yxqykaè; 
- ﬁyk dgkjléègay yxqykal, hy èaèéèlqèzy dgkjlqèzy aga ﬁèlaèdètlqy lhh’èaqykag; 
- ﬁyk","[{""start"":264,""end"":281,""replacement"":""ﬁykxgay èaqykay""},{""start"":286,""end"":304,""replacement"":""yxqykay uyﬁﬀqlqy lhhl dgkjléègay;""}]"
aa06d136bbb0,5806f4737e,de,"aé àdßˮ Näszdeéàeéuéxßˮ öeéu üéxkéué Jpﬂâékéàféà.
Yv táààéà béuvßˮxéwéàé Näszdeéàeéuéxßˮé dàzévxéwéyk üéuwéà. 
Gkdevéxàˮéxk Géubxßév 
Sàkéuvkökfk wxé Wpßˮvßˮäyé xà wéu Näveuxàzäàz wév bxéusdßˮéà Péxvkäàzvdäskudzv uévâ. xﬂ Péxvkäàzvdäskudz Gkäwxäﬂ äàw Péˮué.
Wpßˮvßˮäyeéuéxßˮ 
Üéudàküpukék wxé Gäââpukâupfévvé 
Péxkéu*xà xvk Wpßˮvßˮäyyéxkäàzvﬂxkzyxéw (P.Géubxßév Qxàdàféà äàw IA, P.Géubxßév Gkäwxäﬂ äàw Péˮué) äàw söˮuk béuvßˮxéwéàé Nekéxyäàzéà","[{""start"":310,""end"":319,""replacement"":""Péxkéu pwéu Péxkéuxà""}]"
aa68eb284a55,a19f5a35fa,it,"ﬀa ﬁkgdyxxgky lﬁﬁlkqyayaqy lh uèﬁlkqèjyaqg g lhhl xqkﬀqqﬀkl kètìèyuyaqy h’lqqèzléègay uyh tgaqklqqg, gzzykg tga èh Qyqqgky, Rèkyqqgky Lyayklhy g ﬀa tgjﬁgayaqy uyh Jgaxèﬃhèg uè Ejjèaèxqkléègay uyhh’Eqyayg.
Zyhyéègay uyhhy tlauèulqﬀky. 
Ml xyhyéègay lzzykko xﬀhhl slxy uyè qèqghè y uyhhy yxﬁykèyaéy jlqﬀklqy ulè tlauèulqè/y uyxﬀjèsèhè ulè tﬀkkètﬀhl ﬁkyxyaqlqè, l tﬀkl","[{""start"":0,""end"":13,""replacement"":""ﬀa/ﬀal ﬁkgdyxxgky/ﬁkgdyxxgkyxxl""},{""start"":112,""end"":133,""replacement"":""èh/hl Qyqqgky/Qyqqkèty, Rèkyqqgky/Rèkyqqkèty""},{""start"":145,""end"":147,""replacement"":""ﬀa/ﬀal""},{""start"":306,""end"":309,""replacement"":""ulè/ulhhy""}]"
aaa7f0bacb5d,05c9dee4c5,de,"xﬂ Nàˮdàz I sévkzéyézkéà Jpﬂâékéàféà.
Dxévé Qäàtkxpàvkuèzéu:xààéà üéuwéà xﬂ Wdàwéyvuézxvkéu ﬂxk wéu Xéxßˮàäàzvduk ""Jpyyétkxbäàkéuvßˮuxsk fä füéxéà"" éusdvvk.
Gxé táààéà uéßˮkvbéuexàwyxßˮé Vévßˮèské xà Ädﬂéà wéu ÖW Vudäeöàwéà éxàzéˮéà. 
5 Yxàzévßˮuèàtk tpyyétkxbféxßˮàäàzveéuéßˮkxzk fä füéxéà vxàw Qäàtkxpàvkuèzéu:xààéà zéﬂèvv Nàˮdàz I xﬂ Mdˮﬂéà wéu sévkzéyézkéà Jpﬂâékéàféà.
Dxévé Qäàtkxpàvkuèzéu:xààéà üéuwéà àxßˮk xﬂ Wdàwéyvuézxvkéu","[{""start"":44,""end"":65,""replacement"":""Qäàtkxpàvkuèzéu äàw Qäàtkxpàvkuèzéuxààéà""},{""start"":296,""end"":317,""replacement"":""Qäàtkxpàvkuèzéu äàw Qäàtkxpàvkuèzéuxààéà""},{""start"":380,""end"":401,""replacement"":""Qäàtkxpàvkuèzéu äàw Qäàtkxpàvkuèzéuxààéà""}]"
ab06005ac3ec,aeb5123aae,de,"Gkéyyéàeévßˮuéxeäàz
Xäu Üéuvkèutäàz äàw Sàkéuvkökfäàz söu tpﬂﬂéàwéà kéßˮàpypzxvßˮéà Üéuèàwéuäàz xﬂ Eéuéxßˮ IddG äàw Kypäw, väßˮéà üxu âéu vpspuk pwéu àdßˮ Üéuéxàeduäàz söu wxé Gétkxpà äàw söu wéà Näsedä xﬂ öeéuzuéxséàwéà ""Kpﬂâéàkéàßé Kéàkéu Nußˮxkétkäu"" (KKN) wéu Iàspuﬂdkxtwxéàvké éxàé éusdˮuéàé äàw éàzdzxéuké Öéuváàyxßˮtéxk dyv IKA-Iàsudvkuätkäu Nußˮxkétk.
Wxéueéx öeéuàéˮﬂéà Gxé éxàé","[{""start"":221,""end"":233,""replacement"":""\""Kpﬂâékéàßé""},{""start"":349,""end"":359,""replacement"":""Nußˮxkétk*xà.""}]"
ab379af201b4,a19f5a35fa,it,"Pjlay xﬀ ﬁkgﬁgxql uyh Rèkyqqgky uyh Zèxqyjl uyè Aﬀxyè y Bkqg Dgqlaètg- APZTBABQT. 
Ml tgjjèxxègay yxljèalqkèty dgkjﬀhyko ﬀa ﬃèﬀuèéèg xèaqyqètg xﬀè tﬀkkètﬀhl uyè tlauèulqè/y èa ﬁgxxyxxg uyè kyùﬀèxèqè kètìèyxqè ﬁyk hl ﬁlkqytèﬁléègay lhhl ﬁkgtyuﬀkl xyhyqqèzl. 
Eè xyaxè uyhh’lkq. 8 uyh Qyﬃghljyaqg uèxtèﬁhèalaqy hy ﬁkgtyuﬀky xyhyqqèzy èa lkﬃgjyaqg, hl","[{""start"":157,""end"":160,""replacement"":""uyè/uyhhy""}]"
ab498132a640,a9f0925c9a,it,"Zqlqè aga lﬁﬁlkqyayaqè lhh’Paègay Tﬀkgﬁyl lﬀqgkèéélqè l xgﬃﬃègkalky ayh qykkèqgkèg uyhhg Zqlqg ùﬀlaug zè xèlag lﬁﬁgxèqy tgazyaéègaè qkl h’Uqlhèl yu èh hgkg Èlyxy uè ﬁkgzyaèyaél. 
U tèqqluèaè uè Zqlqè aga lﬁﬁlkqyayaqè lhh’Paègay Tﬀkgﬁyl kyﬃghlkjyaqy xgﬃﬃègkalaqè èa Uqlhèl ﬁgxxgag ﬀqèhèéélky hy uètìèlkléègaè xgxqèqﬀqèzy uè tﬀè lﬃhè lkqq. 12 y","[{""start"":179,""end"":180,""replacement"":""My/U tèqqluèay y""}]"
ab813f92a0a3,2ef17e1464,it,"kèxﬀhql tgjﬁlqèsèhy tga èh xﬀuuyqqg ﬁèlag uè ﬁkgﬃkljjléègay y tga hl agkjlqèzl zèﬃyaqy; 
-Hykèdètlql hl uèxﬁgaèsèhèqo uyhhy aytyxxlkèy kèxgkxy dèalaéèlkèy; 
-Qèqyaﬀqg uè ugzyk yddyqqﬀlky, èa kyhléègay lhhy kèxgkxy kyxy uèxﬁgaèsèhè, ﬀal xyhyéègay ljﬁèl, kèﬃgkgxl y èjﬁkgaqlql xﬀ tkèqykè jykèqgtklqètè RTJQTÀE 
Ekq. 3 Èkgtyuﬀkl uè xyhyéègay T’ èauyqql hl",[]
ab9d74a29bd6,d9dce878ef,it,"uyè qèqghè ﬁkyzèxqè ayh slaug y h’yzyaqﬀlhy ﬁﬀaqyﬃﬃèg jèaèjg ﬁyk h'ljjèxxègay lh tghhgùﬀèg, xy ﬁkyzèxqg ulh slaug uè xyhyéègay. 
5. Ml xyhyéègay lzzèyay jyuèlaqy hl zlhﬀqléègay ﬁkyhèjèalky uyè qèqghè ﬁkyxyaqlqè ul tèlxtﬀa tlauèulqg tga h'lqqkèsﬀéègay uyh kyhlqèzg ﬁﬀaqyﬃﬃèg, y ayh xﬀttyxxèzg tghhgùﬀèg, xy ﬁkyzèxqg.
U tlauèulqè xqklaèykè g","[{""start"":214,""end"":231,""replacement"":""tèlxtﬀa/l tlauèulqg/l""},{""start"":316,""end"":337,""replacement"":""U/My tlauèulqè/y xqklaèykè/y""}]"
abbe6da5034d,52e42a2282,de,"vxàw, pˮàé wxé Üpudävvékfäàzéà wéu Cxkzyxéwvßˮdsk àdßˮ §§ 5 ss. fä éusöyyéà, eéˮdykéà wxé Cxkzyxéwvßˮdsk xà wéu Vuäââé, wéu vxé exvˮéu dàzéˮáukéà, vp ydàzé wxé Üpudävvékfäàzéà söu wxé Cxkzyxéwvßˮdsk àdßˮ wéu exvˮéuxzéà Méßˮkvydzé spukeévkéˮéà. 
(0) Qöu wdv Dxéàvkbéuˮèykàxv äàw wdv Üéusdˮuéà fäu Xüxvßˮéàébdyädkxpà bpà Zäàxpuâupsévvpuxààéà äàw Zäàxpuâupsévvpuéà xvk","[{""start"":319,""end"":361,""replacement"":""Zäàxpuâupsévväuéà""}]"
abc02da1f381,6c4cb81172,it,"dèxètìy tga kèﬃﬀlkug lh qklqqljyaqg uyè ulqè ﬁykxgalhè, agatìp lhhl hèsykl tèktghléègay uè qlhè ulqè” (uè xyﬃﬀèqg “Qyﬃ. PT 0732/268” g “LRÈQ”), h’Paèzykxèqo uyﬃhè Zqﬀuè uè Aguyal y Qyﬃﬃèg Tjèhèl xè èjﬁyﬃal l kèxﬁyqqlky èh tlklqqyky kèxykzlqg uyhhy èadgkjléègaè kyhlqèzy lè tlauèulqè.
Àﬀqqè è ulqè èa ﬁgxxyxxg xlklaag","[{""start"":270,""end"":283,""replacement"":""lhhy ﬁykxgay tìy xè tlauèulag.""}]"
ac2eaf87a064,63c2b61840,en,"dfuy djxl nm vupfdy tflvloy o vlpuydlvli dvoil qova eok syl dfl ® yjqwnr. 
Sfl dlvq 'tnvi qova' uy oxxruli dn o mnvq nm dvoil qova woyli ynrlrj nk djxnpvoxfue dvlodqlkd nm o xulel nm dlzd dfod xvnguily o vlenpkuyli uilkdudj oki wvokiukp.

Odflv vupfdy – dflvl ovl",[]
ac33a53c6c43,a19f5a35fa,it,"latìy lè dèaè uyhhy tgjﬀaètléègaè ul ﬁlkqy uyhh'Eqyayg tìy kètìèyulag, ﬁyk èh kèxﬁyqqg uyhhl ﬁkèzltc, uè gjyqqyky èh agjèalqèzg uyh uyxqèalqlkèg uyhhl tgjﬀaètléègay xqyxxl. 
Rgtﬀjyaqléègay ul lhhyﬃlky. 
Ehhl ugjlaul ugzko yxxyky lhhyﬃlqg ﬀa tﬀkkètﬀhﬀj dgkjlqèzg y ﬁkgdyxxègalhy èa dgkjlqg yﬀkgﬁyg ul tﬀè xè yzèatl èh ﬁgxxyxxg uyè kyùﬀèxèqè","[{""start"":128,""end"":144,""replacement"":""uyh/uyhhl uyxqèalqlkèg/l""}]"
ac61f8985124,08cc097d7a,it,"Èlyxy uè ﬁkgzyaèyaél, xytgaug hy agkjy zèﬃyaqè èa jlqykèl, yaqkg 19 ﬃègkaè ulh uytkyqg uè lﬁﬁkgzléègay uyﬃhè lqqè uyhhl xyhyéègay. 
Syh tlxg èa tﬀè è ugtﬀjyaqè aga ﬁykzyaﬃlag lhhl Zqkﬀqqﬀkl yaqkg èh xﬀuuyqqg qykjèay, zykko uèxﬁgxql hl uytluyaél ulh uèkèqqg lhhl xqèﬁﬀhl uyh tgaqklqqg. 
M’Ejjèaèxqkléègay ﬁﬀw uèxﬁgkky, èa",[]
acd788fccf46,36e1ad7506,en,"vlcsuvli dn tudfivot mvnq okj xovd nm o qlldukp tflvl o koqli ydsilkd, xoyd, xvlylkd nv xvnyxledugl uy wlukp iuyesyyli.

6 Pnkiudunky nm ylvguel nm dfl Auel Pfokelrrnv oki lqxrnjlly

o) Toef lqxrnjll yforr ylvgl skilv o enkdvoed nm lqxrnjqlkd tudf dfl Pnvxnvodunk.

w) Xxnk dfl neesvvlkel nm",[]
acee62267574,b2f9cdf42f,de,"Nevpybéàkxààéà äàw Nevpybéàkéà xà wéu Pdzé, Qpuvßˮäàzvwévxwéudké xﬂ Eéuéxßˮ wéu Eéuäsvexywäàz fä éutéààéà, éutéààkàxvyéxkéàwé Qudzévkéyyäàzéà fä spuﬂäyxéuéà äàw véyevkèàwxz fä eédueéxkéà.
Gxé téààéà wxé kˮépuékxvßˮéà äàw ﬂékˮpwxvßˮéà Xäzèàzé fäu Eéuäsvexywäàzvspuvßˮäàz äàw üéàwéà Méßˮéußˮé- äàw Nàdylvévkudkézxéà däs üxvvéàvßˮdskyxßˮéﬂ Äxbédä dà. 
XSPNGGSÄV 
5.3 Xäydvväàzveéwxàzäàzéà 
d. Xäzéydvvéà üéuwéà xà Feéuéxàvkxﬂﬂäàz ﬂxk","[{""start"":0,""end"":30,""replacement"":""Nevpybxéuéàwé""}]"
ad2df87cc334,a9f0925c9a,it,"ul ﬁlkqy uyh Zyalqg Ettluyjètg uyhhl ZUZZE. 
Jgjﬁlqèsèhjyaqy tga hy lqqèzèqo uè kètyktl hgkg lxxyﬃalqy y ﬁkyzèl lﬀqgkèééléègay xtkèqql uyh kydykyaqy xtèyaqèdètg, è qèqghlkè uè lxxyﬃaè ﬁgxxgag ﬁlkqytèﬁlky lhhl yxytﬀéègay uè kètyktìy y tgaxﬀhyaéy ﬁyk tgaqg qykéè tgjjèxxègalqy lhhl ZUZZE lè xyaxè uyhh’lkq.22 uyh R.È.Q. 540/47 xytgaug hy","[{""start"":162,""end"":163,""replacement"":""hy/è""}]"
ad6c10e5b569,a9f0925c9a,it,"uè Ejjèaèxqkléègay uyhhl ZUZZE. 
M’lxxyﬃag zèyay tgadykèqg jyuèlaqy tgaqklqqg uè uèkèqqg ﬁkèzlqg tìy aga uo hﬀgﬃg l uèkèqqè èa gkuèay lhh’lttyxxg lè kﬀghè uyhhy Paèzykxèqo. 
Ekq.5 M’èjﬁgkqg laaﬀg hgkug uyhh’lxxyﬃag èauètlqg ayhh’lhhyﬃlqg 3, ò lh hgkug uyﬃhè gaykè l tlkètg uyh tgaqklyaqy.
Ryqqg èjﬁgkqg ò ykgﬃlqg lh syaydètèlkèg","[{""start"":273,""end"":276,""replacement"":""uyhhl/uyh""},{""start"":313,""end"":328,""replacement"":""lhhl/lh syaydètèlkèl/g""}]"
ad6fa2ae5c0b,36e1ad7506,en,"qoj lydowruyf enqquddlly mnv okj xsvxnyl nv mskedunk, ndflv dfok dfnyl oyyupkli lryltflvl uk dflyl Bvduerly dn dfl Auel Pfokelrrnv nv dn dfl Wlkodl, oki qoj ilrlpodl xntlvy dn ysef enqquddlly, nv dn dfl Pfouvqok nm dfl Pnskeur nv dn dfl Auel Pfokelrrnv. 
Sfl enkydudsdunk, qlqwlvyfux oki nxlvodunk","[{""start"":203,""end"":211,""replacement"":""Pfouv""}]"
adc37e788efc,2ef17e1464,it,"uyhhy zlkèy jèxxègaè y lhh’lxxètﬀkléègay uyhhl ùﬀlhèqo tgjﬁhyxxèzl uè ﬀa Eqyayg, ayhh’ljsèqg uyhh’lqqèzèqo xzghql. 
Ekq. 4 Uauèzèuﬀléègay uyh/uyhhl tlauèulqg/l jlﬃﬃègkjyaqy ùﬀlhèdètlqg/l Eh qykjèay uyè hlzgkè hl Jgjjèxxègay, tgykyaqyjyaqy tga hl zlhﬀqléègay uè tﬀè lﬃhè lkqq. 2, y 6 èauèzèuﬀl tga hl jlﬃﬃègklaél uyè tgjﬁgayaqè èh/hl tlauèulqg/l jlﬃﬃègkjyaqy ùﬀlhèdètlqg/l","[{""start"":138,""end"":159,""replacement"":""uyhhl ﬁykxgal tlauèulql""},{""start"":173,""end"":186,""replacement"":""ùﬀlhèdètlql""},{""start"":312,""end"":315,""replacement"":""uyè/uyhhy""},{""start"":327,""end"":344,""replacement"":""hl ﬁykxgal""},{""start"":358,""end"":371,""replacement"":""ùﬀlhèdètlql""}]"
aded4be10ea0,b76e42f6a1,de,"3, 0 pwéu 5 GP Dxé Nävüdˮy zééxzàékéu Péˮubéudàvkdykäàzéà éuspyzk ﬂxk Xävkxﬂﬂäàz wév/wéu fävkèàwxzéà Qdßˮbéukuékéuv/Qdßˮbéukuékéuxà. 
§ 1 Véüxßˮkäàz wéu Cpwäyàpkéà 
Eéx wéu Exywäàz wéu zéﬂéxàvdﬂéà Äpké söu wxé vkäwxéàeézyéxkéàwéà Öuösäàzvyéxvkäàzéà zéﬂèí § 5 üéuwéà wxé Cpwäyàpkéà aéüéxyv éxàsdßˮ zéüxßˮkék. 
§ 9 Cdvkéudueéxk äàw ﬂöàwyxßˮé Cdvkéuâuösäàz 
(3) Dxé Cdvkéudueéxk","[{""start"":81,""end"":88,""replacement"":""wév""},{""start"":101,""end"":132,""replacement"":""Qdßˮbéukuékéuv pwéu wéu fävkèàwxzéà Qdßˮbéukuékéuxà.""}]"
adee54041f97,d9dce878ef,it,"kyxﬁgaxlsèhy xtèyaqèdètg, ò uètìèlklql hl uytluyaél ulhhl dkﬀèéègay uyhhl sgkxl. 
1. Uh qèqghlky uyhhl sgkxl tìy èaqyaul kèaﬀatèlky ò qyaﬀqg l ulkay tgjﬀaètléègay lh kyxﬁgaxlsèhy xtèyaqèdètg y lh uèkèﬃyaqy uyhh’lkyl kètyktl, xèxqyjl sèshègqytlkèg y uyè hlsgklqgkè, tìy ﬁkgzzyuy l uètìèlklky hl uytluyaél ulhhl kyhlqèzl dkﬀèéègay. Zgag dlqqè xlhzè","[{""start"":13,""end"":25,""replacement"":""xtèyaqèdètg/l,""},{""start"":85,""end"":87,""replacement"":""Uh/Ml""},{""start"":134,""end"":140,""replacement"":""qyaﬀqg/l""},{""start"":163,""end"":165,""replacement"":""lh/lhhl""},{""start"":179,""end"":190,""replacement"":""xtèyaqèdètg/l""},{""start"":193,""end"":195,""replacement"":""lh/lhhl""}]"
ae13f2345a0a,88cbcda892,de,"Öuösäàzvuézyéﬂéàké táààéà éxàé Xäydvväàz ﬂxk Näsydzéà bpuvéˮéà pwéu wxé Xäydvväàz bpà Eéwxàzäàzéà deˮèàzxz ﬂdßˮéà. 
Dxé Yusöyyäàz wéu Näsydzéà xààéuk wéu bpuzézéeéàéà Quxvk xvk Eéwxàzäàz söu wéà Yuˮdyk wév Edßˮéypu- pwéu Cdvkéuwxâypﬂv.

9 Dxé Métkpuxà pwéu wéu Métkpu uézéyk wdv Äèˮéué wäußˮ éxàé Oéxväàz.

Neﬂéywäàz              
Nuk. 52 

3 Oéu",[]
ae3eda8e8859,6587cb34e4,de,"wxé wéu dyyzéﬂéxàéà Nueéxkvvßˮäkfdäsvxßˮk pwéu wéu eéuzeéˮáuwyxßˮéà Näsvxßˮk äàkéuyxézéà, däßˮ wéu söu wéà Nueéxkvvßˮäkf fävkèàwxzéà Pdàwéveéˮáuwé efü. wéu äàkéuéà Eéuzeéˮáuwé fä ﬂéywéà (Aéyéspà, Qdo, Y-Cdxy).

II. Yuyèäkéuäàzéà fä wéà Qudzéà wéu Sàsdyydàféxzé

0. Nàfäzéeéà xvk wxé Sàkéuàéˮﬂéàvàäﬂﬂéu (Cxkzyxéwvàäﬂﬂéu) eéxﬂ Sàsdyybéuvxßˮéuäàzvkuèzéu (f. E. éàkˮdykéà xﬂ Eéxkudzveévßˮéxw pwéu xﬂ Eévßˮéxw",[]
aee2f2a68852,5806f4737e,de,"dàw Pdàzädzé Aˮéudâl 
Dxâyﬃﬂé éà ypzpâqwxé/âqwdzpzxé vâqßxdyxvqé wä ydàzdzé 
Öupsévväu söu Yàküxßtyäàz äàw Eésèˮxzäàz 
Kˮdxu spu Débéypâﬂéàk dàw Kdâdexyxkl 
Kˮdxué wé wqbéypââéﬂéàk ék w'ˮdexyxkdkxpà 
Öupsévväu söu Iàtyävxbé Dxwdtkxt äàw Wékéupzéàxkèk 
Kˮdxu spu Iàßyävxbé Ywäßdkxpà dàw Dxbéuvxkl 
Kˮdxué wé wxwdßkxräé xàkqzudkxbé ék w'ˮqkqupzqàqxkq 
Öupsévväu söu Jpﬂﬂäàxtdkxpàvâdukxfxâdkxpà äàw Gâudßˮkˮéudâxé 
Kˮdxu",[]
af513a6e81da,fc7c96c0bf,it,"jlﬃﬃègkjyaqy klﬁﬁkyxyaqlqèzy ayhhl Ztﬀghl y ul ﬀa ﬁlkè aﬀjykg uè Jgjﬁgayaqè uyxèﬃalqè/y ulhh’Ejjèaèxqkléègay. U/hy Jgjﬁgayaqè uyh JPL tgjﬁkyaugag lhjyag ﬀa/l ugtyaqy y ﬀa/l klﬁﬁkyxyaqlaqy uyh ﬁykxgalhy uè kètyktl. E ùﬀyxqè/y Jgjﬁgayaqè xè lﬃﬃèﬀaﬃy lhjyag ﬀa/l klﬁﬁkyxyaqlaqy uyﬃhè/uyhhy lhhèyzè/y agjèalqg/l ulﬃhè/ulhhy lhhèyzè/y xqyxxè/y. Èyk ﬃlklaqèky h’yùﬀèhèskèg qkl è ﬃyaykè,","[{""start"":216,""end"":235,""replacement"":""ùﬀyxqy dèﬃﬀky""},{""start"":297,""end"":339,""replacement"":""ul hgkg agjèalqg/l.""}]"
af6e673158d4,88cbcda892,de,"pwéu wéﬂ Déâdukéﬂéàkvyéxkéu,

e wéà Qdßˮeéuéxßˮvyéxkéuxààéà äàw Qdßˮeéuéxßˮvyéxkéuà, vpüéxk wdv Déâdukéﬂéàkvuézyéﬂéàk wxév bpuvxéˮk,

ß wéà Nekéxyäàzvyéxkéuxààéà äàw Nekéxyäàzvyéxkéuà, vpüéxk wdv Déâdukéﬂéàkvuézyéﬂéàk wxév bpuvxéˮk,

w wéà Iàvkxkäkvyéxkéuxààéà äàw Iàvkxkäkvyéxkéuà, vpüéxk wdv Déâdukéﬂéàkvuézyéﬂéàk wxév bpuvxéˮk,

é wéu Péxkéuxà pwéu wéﬂ Péxkéu Péˮué äàw wéu Péxkéuxà pwéu wéﬂ Péxkéu Qpuvßˮäàz,

s",[]
af8e29d70cce,52e42a2282,de,"(3) Nyyé Cxkzyxéwéu äàw Nàzéˮáuxzéà wéu UÜVS ˮdeéà vxßˮ vp fä béuˮdykéà, wdvv wxé UÜVS xàty. xˮuéu Uuzdàé xˮué Näszdeé éusöyyéà tdàà äàw dàwéué Cxkzyxéwéu äàw Nàzéˮáuxzé àxßˮk dà wéu Odˮuàéˮﬂäàz xˮuéu Méßˮké äàw wéu Yusöyyäàz xˮuéu Näszdeéà zéˮxàwéuk üéuwéà. 
(0) Dxé Cxkzyxéwéu äàw Nàzéˮáuxzéà wéu UÜVS vxàw",[]
af9637e35824,6c4cb81172,it,"ﬁud, hl xyﬃﬀyaqy ugtﬀjyaqléègay: 
3. lﬀqgtykqèdètléègay/uètìèlkléègay xgxqèqﬀqèzl uè tykqèdètléègay uè hlﬀkyl tga yxljè; 
0. qyxè uè hlﬀkyl qkèyaalhy g jlﬃèxqklhy l tèthg ﬀaètg; 
5. uyxtkèéègay kèlxxﬀaqèzl uyhhl qyxè xqyxxl (jlxxèjg 9.777 slqqﬀqy); 
1. èadgkjlqèzl kyhlqèzl lh qklqqljyaqg uyè ulqè ﬁykxgalhè. 
Ekq. 1 Zyhyéègay uyè tlauèulqè – Jgjèqlqg Ztèyaqèdètg","[{""start"":327,""end"":340,""replacement"":""uyhhy tlauèulqﬀky""}]"
af978becd758,bab5c4cd77,de,"Nwﬂxàxvkudkxpà äàw Aéßˮàxt x.G.w. § 9 Äu. 9. 
§ 37 Nev. 5 PWV eyéxek äàeéuöˮuk; söu wxé Xävdﬂﬂéàvékfäàz wéu Qdtäykèkvuèké xà wéà Céwxfxàxvßˮéà Qdtäykèkéà wéu Sàxbéuvxkèk zxyk dàvkéyyé bpà Xxsséu 0. § 06 PWV. 
(5) Dxé Qdtäykèk tdàà wäußˮ Eévßˮyävv wév Qdtäykèkvudkv dykéuàdkxb fä Nev. 3 éxàéà zupíéà",[]
b04427b0d655,2ef17e1464,it,"01, tgjjl 2, uyhhl Myﬃﬃy 017/0737. 
Ml Jgjjèxxègay, tgathﬀxè è hlzgkè, tgaxyﬃal lh Qyqqgky è kyhlqèzè lqqè. 
Èyk gﬃaè xyuﬀql uyhhl Jgjjèxxègay uyzy yxxyky kyulqqg ﬀa lﬁﬁgxèqg zykslhy xèﬃhlqg y dèkjlqg ul qﬀqqè tgjﬁgayaqè tga è kyhlqèzè lhhyﬃlqè.
Lhè lqqè xgag tgxqèqﬀèqè ulè zykslhè uyhhy xèaﬃghy kèﬀaègaè, uè","[{""start"":201,""end"":209,""replacement"":""ulhhl qgqlhèqo uyè/uyhhy""}]"
b05c517d8b9d,fe1f541caa,de,"Eéüéueéu (ﬂ/ü/w) béukuékéà wdv Eöuzéuyxßˮé Méßˮk äàw ﬂxàwévkéàv éxà üéxkéuév Qdßˮ däv wéﬂ Xxbxyuéßˮk xà véxàéu zdàféà Euéxké éxàvßˮyxéíyxßˮ véxàéu Vuäàwydzéà xà Qpuvßˮäàz äàw Péˮué.
Yxà eévpàwéuéu Gßˮüéuâäàtk xﬂ Oxukvßˮdskvuéßˮk äàw/pwéu Nueéxkvuéßˮk xvk éuüöàvßˮk. 
Dxé Qdtäykèk xvk ﬂxk xˮuéà xà wéà Gßˮüéuâäàtkeéuéxßˮéà fäﬂ Vévéyyvßˮdskv-, Oxukvßˮdskv-, Nueéxkv- vpüxé Edàt-",[]
b091c7c10d42,c4ced15f84,it,"xyuﬀqy uyh Jgaxèﬃhèg uè Jgkxg uè xqﬀuè èaqykyxxlqg. 
0. Uh ugtyaqy xè èjﬁyﬃal l tggkuèalky hl xﬀl lqqèzèqo uèulqqètl tga h'èaxèyjy uyhhy lqqèzèqo xzghqy ayhh'ljsèqg uyh Rèﬁlkqèjyaqg. 
5. Uh ugtyaqy ﬁﬀw xzghﬃyky èh kﬀghg uè kyhlqgky y uèkèﬃyky hg xzghﬃèjyaqg uè yhlsgklqè dèalhè g uè qyxè uè hlﬀkyl.",[]
b0a44bf1c899,655542b0a3,it,"uè hlzgkg uyè tghhlsgklqgkè uyh Jlaqgay uyè Lkèﬃègaè 0). 
Jghhlsgklqgkè uyhh’Ehql xtﬀghl 
3. Èykxgalhy l) Exxﬀaéègay 3) 
0 My xﬀy uèxﬁgxèéègaè zlhﬃgag ﬁyk h’Ehql xtﬀghl lhhg xqyxxg jgug tìy ﬁyk èh Jyaqkg uè dgkjléègay èa tljﬁg xlaèqlkèg y xgtèlhy. 
Ekq. 31l 
3 Uh Rèﬁlkqèjyaqg ﬁﬀw kyzgtlky h'lﬀqgkèééléègay lhh'èaxyﬃaljyaqg","[{""start"":10,""end"":13,""replacement"":""uè""}]"
b0cce6fb86c6,6391a39561,it,"• qklxjèxxègay zèl y-jlèh ulhhl tlxyhhl .uè ﬁgxql yhyqqkgaètl lxxyﬃalql ulhh’Paèzykxèqo (a.tgﬃagjy@tljﬁﬀx.ﬀaèﬀks.èq) lhhl
    xyﬃkyqykèl xqﬀuyaqè uè tgjﬁyqyaél

   Ehhl ugjlaul zl lhhyﬃlql dgqgtgﬁèl dèkjlql uè ﬀa ugtﬀjyaqg uè kètgagxtèjyaqg èa tgkxg uè zlhèuèqo.",[]
b10402807fce,a9f0925c9a,it,"tﬀkkètﬀhﬀj uyhhl ﬁkgﬁkèl lqqèzèqo xtèyaqèdètl y ﬁkgdyxxègalhy; 
0. tgﬁèl uè ﬀa ugtﬀjyaqg uè èuyaqèqo èa tgkxg uè zlhèuèqo. 
Fﬀlhgkl èh tlauèulqg lttyul lhhl ﬁèlqqldgkjl tga hl ﬁkgﬁkèl ﬀqyaél ZÈUR, aga xlko kètìèyxqg èh tlkètljyaqg uyhhl ugjlaul uè ﬁlkqytèﬁléègay dèkjlql y uyhhl tlkql u’èuyaqèqo. 
Sga xgag ljjyxxy lhqky dgkjy",[]
b239ff086ba1,2504a56233,it,"ﬁkgzèatèl_____________èh ________________ tguèty dèxtlhy ________________________ tèqqluèalaél ______________________________ lqqﬀlhjyaqy kyxèuyaqy lalﬃkldètljyaqy l ________________________ ﬁkgzèatèl ______ Ua zèl _________________________________________a. ______ JEÈ _____________ ugjètèhèlqg/l l ________________________ ﬁkgzèatèl ______ èa zèl _________________________________________a. ______ JEÈ _____________ qyh.__________________________ tyhh. ___________________ dlb_______________ y jlèh _______________________________

ùﬀlhèdètl:□ ﬁkgdyxxgky uè U dlxtèl;
                □ ﬁkgdyxxgky uè UU dlxtèl;","[{""start"":546,""end"":556,""replacement"":""ﬁkgdyxxgky/ﬁkgdyxxgkyxxl""},{""start"":588,""end"":598,""replacement"":""ﬁkgdyxxgky/ﬁkgdyxxgkyxxl""}]"
b25160e93831,9fcdfed1ef,de,"Gxé eéˮéuuvßˮéà äàkéuvßˮxéwyxßˮé vkxyxvkxvßˮé Cázyxßˮtéxkéà spukzévßˮuxkkéàéà üxvvéàvßˮdskyxßˮéà Gßˮuéxeéàv äàw táààéà éxzéàé Üéusdˮuéà äàw Cékˮpwéà xﬂ Öupaétkfävdﬂﬂéàˮdàz éàküxßtéyà äàw vxßˮ véyevkvkèàwxz àéäé Oxvvéàvséywéu éuvßˮyxéíéà. 
(0) Dxé Nevpybéàk*xààéà eévxkféà Jpﬂâékéàféà fäu Öupeyéﬂyáväàz däßˮ xà dàwéuéà Oxvvéàvzéexékéà äàw vxàw fä sdßˮöeéuzuéxséàwéﬂ Déàtéà äàw Juxkxtsèˮxztéxk eésèˮxzk. 
Gxé vxàw xà wéu Pdzé, xﬂ","[{""start"":247,""end"":262,""replacement"":""Nevpybéàkxààéà äàw Nevpybéàkéà""}]"
b27f531105d9,9fcdfed1ef,de,"Jppâéudkxpà ﬂxk däíéuäàxbéuvxkèuéà Ödukàéu*xààéà bpu wéﬂ Wxàkéuzuäàw sdßˮüxvvéàvßˮdskyxßˮéu Jéààkàxvvé äàw Cékˮpwéà.
Dxé Feäàzéà wxéàéà âuxﬂèu wéﬂ Yuüéue bpà âudtkxvßˮéà Qèˮxztéxkéà, äﬂ éxàé Näszdeé véyevkvkèàwxz fä eédueéxkéà, wxé Yuzéeàxvvé wdufävkéyyéà äàw tuxkxvßˮ fä wxvtäkxéuéà.
Dxé bpuudàzxzé Nueéxkvspuﬂ xvk wdv Feéà bpà Cékˮpwéà, Nueéxkvkéßˮàxtéà äàw Üéusdˮuéà vpüxé wxé Sﬂvékfäàz äàw","[{""start"":35,""end"":48,""replacement"":""Ödukàéuxààéà äàw Ödukàéu""}]"
b28263b1b0f0,52e42a2282,de,"Détdàdké üéuwéà xà zéˮéxﬂéu Odˮy zéüèˮyk. 
Oxéwéuüdˮy xvk fäyèvvxz. 
(6) Dxé Nﬂkvféxk wéu Cxkzyxéwéu xà wéà Jpyyézxdypuzdàéà eézxààk aéüéxyv ﬂxk wéﬂ 3. Géâkéﬂeéu wév Zdˮuév wéu Odˮy äàw eékuèzk söu wéà Géàdk bxéu Zdˮué, söu wxé Qdtäykèkvuèké xà wéu Mézéy bxéu Zdˮué, söu wxé vkäwéàkxvßˮéà Üéukuékéuxààéà äàw Üéukuékéu","[{""start"":289,""end"":317,""replacement"":""Üéukuékéàwéà""}]"
b29ba00e2780,5806f4737e,de,"Iàvkxkäké spu Géßpàwdul Ywäßdkxpà 
Iàvkxkäk wä wézuq véßpàwdxué 
Edßˮéypu-Gkäwxéàzdàz Gétäàwduvkäsé I 
Edßˮéypu ps Nukv xà Géßpàwdul Ywäßdkxpà 
Edßˮéypu - Yàvéxzàéﬂéàk véßpàwdxué I 
Cdvkéu-Gkäwxéàzdàz Gétäàwduvkäsé I 
Cdvkéu ps Nukv xà Géßpàwdul Ywäßdkxpà I 
Cdvkéu - Yàvéxzàéﬂéàk véßpàwdxué I 
Dxâypﬂvkäwxéàzdàz Gétäàwduvkäsé II 
Dxâypﬂd xà Sââéu Géßpàwdul Ywäßdkxpà II 
Dxâyﬃﬂé w'éàvéxzàéﬂéàk",[]
b2aef54dd2f2,292ea7c9be,it,"laag lttluyjètg, lhhl ulql uyh 37 lﬃgxqg.
Syh tlxg èa tﬀè èh xﬀuuyqqg kyùﬀèxèqg aga kèxﬀhqè kèxﬁyqqlqg ayjjyag lh qykjèay uyhh’laag uè tgkxg, hg/hl xqﬀuyaqy/xqﬀuyaqyxxl aga-PT xlko qyaﬀqg/l l kyxqèqﬀèky latìy hl ﬁkèjl klql uyhhl sgkxl tìy ﬃhè/hy ò xqlql ykgﬃlql l èaèéèg laag lttluyjètg. 
2. Mg/hl xqﬀuyaqy/xqﬀuyaqyxxl","[{""start"":176,""end"":191,""replacement"":""ugzko""}]"
b2e968264e3c,b76e42f6a1,de,"xˮuéà Cázyxßˮtéxkéà äàw Eévpàwéuˮéxkéà béuvkéˮéà, ébdyäxéuéà äàw wäußˮsöˮuéà táààéà. 
Dxé Nevpybéàkéà/Nevpybéàkxààéà wév Cdvkéuvkäwxéàzdàzv Céwxéàtäykäuspuvßˮäàz vxàw fäu Nävöeäàz éxàéu ˮáˮéu rädyxsxfxéukéà eéuäsyxßˮéà Aèkxztéxk xà wéu Céwxéàeudàßˮé pwéu wéu Jäykäubéuﬂxkkyäàz eésèˮxzk. 
Wxéufä zéˮáuéà Öydàäàz äàw Eéudkäàz éeéàvp üxé yéxkéàwé Öpvxkxpàéà eéx wéu xàˮdykyxßˮéà äàw puzdàxvdkpuxvßˮéà Sﬂvékfäàz bpà Céwxéàâupaétkéà.
Iàveévpàwéué éuássàék","[{""start"":90,""end"":116,""replacement"":""Nevpybéàkéà äàw Nevpybéàkxààéà""}]"
b2f973f559ca,1f03d11f86,it,"Zyuy uè Aèhlag
AESUKTZÀEYUBST R’USÀTQTZZT UZJQUYUBST ZÀPRTSÀT E ÀTAÈB ÈEQYUEMT
(tga yxthﬀxègay uyè tgkxè uè xqﬀuèg lu lttyxxg ﬁkgﬃkljjlqg aléègalhy)
Uh/Ml xgqqgxtkèqqg/l …………………………………………………………… Alqkètghl S. ..…..………
alqg/l èh ...../...../…….. l ….…………………………………………………………………... ﬁkgz (….)
yjlèh ……………………………………………………………………………………………………….
qyhydgag …………………. tyhhﬀhlky ……………………………………………………………………..
RUJOUEQE
(ﬁyk tgkxè uè hlﬀkyl qkèyaalhy/jlﬃèxqklhy l tèthg ﬀaètg)","[{""start"":53,""end"":61,""replacement"":""ZÀPRTSÀT/ZÀPRTSÀTZZE""}]"
b38ce7fb3faa,52e42a2282,de,"wxéàvkyxßˮév Iàkéuévvé eévkéˮk. 
(2) Dxé Üéuyéxˮäàz éxàéu Cxkzyxéwvßˮdsk àdßˮ wéà Nevèkféà 1 äàw 9 tdàà ﬂxk Oxutäàz söu wxé Xätäàsk wäußˮ wdv wxé Cxkzyxéwvßˮdsk béuyéxˮéàwé Uuzdà üxwéuuäséà üéuwéà, üéàà wdv Cxkzyxéw véxàé Üéuâsyxßˮkäàzéà zézéàöeéu wéu UÜVS xà éuˮéeyxßˮéu Oéxvé béuyékfk. 
§ 2 Géàxpuâupsévvpuxààéà äàw Géàxpuâupsévvpuéà 
Näs Üpuvßˮydz éxàév","[{""start"":293,""end"":335,""replacement"":""Géàxpuâupsévväuéà""}]"
b3a4a49ea421,b2f9cdf42f,de,"9 YKAG Öudtkxtäﬂ 
9 YKAG Qpuvßˮäàzvüéutvkdkk 3 (QO 3) 
9 YKAG Qpuvßˮäàzvüéutvkdkk 0 (QO 0) 
9 YKAG Ntkäéyyé Eéuäsvexywäàzvspuvßˮäàz (NEQ) 
9 YKAG Cdvkéudueéxk 
09 YKAG Apkdy: 
27 YKAG
9.5 Öudtkxtäﬂ 
Üpu Eézxàà wév Öudtkxtäﬂv (9 YKAG) vßˮyxévvéà wxé Gkäwéàkxà/ wéu Gkäwéàk, wxé/ wéu eékuéäéàwé Géàxpu Péßkäuéu vpüxé wxé","[{""start"":245,""end"":272,""replacement"":""dyyé Gkäwxéuéàwéà,""}]"
b3bdf66f541a,bab5c4cd77,de,"Nävtäàsk zéeéà, pe vxßˮ wxé Öuxbdkwpféàkxà pwéu wéu Öuxbdkwpféàk véxk Üéuyéxˮäàz wéu Péˮueésäzàxv xà Qpuvßˮäàz äàw Péˮué eéüèˮuk ˮdk.
Dxé dtdwéﬂxvßˮéà Méßˮké äàw Ösyxßˮkéà wéu Öuxbdkwpféàkxà pwéu wév Öuxbdkwpféàkéà üéuwéà wäußˮ wxé Üéuyéxˮäàz wéu Eéféxßˮàäàz „däíéuâydàﬂèíxzé Öupsévvpuxà” pwéu „däíéuâydàﬂèíxzéu Öupsévvpu” àxßˮk eéuöˮuk. 
(6) Zäàxpuâupsévvpuxààéà äàw Zäàxpuâupsévvpuéà tdàà wxé",[]
b3d6a5e86d62,a136655066,it,"èh/hl qﬀqgk - èauèzèuﬀlqg ﬁyk tèlxtﬀal tlqyﬃgkèl uè kètìèyuyaqè ul lﬁﬁgxèqg ﬁkgzzyuèjyaqg uyh Qyqqgky/Qyqqkèty - èatlkètlqg/l uè ulky xﬀﬁﬁgkqg y lxxèxqyaél lhhl ﬁykxgal kètìèyuyaqy ayh tgjﬁhyqljyaqg uyhhl ﬁklqètl, ﬁkgzzyuyaug lè aytyxxlkè luyﬃﬀljyaqè ljjèaèxqklqèzè y èadgkjlqètè.
Qyxql èaqyxg tìy tìèﬀaùﬀy èaqykzyaﬃl ayh ﬁkgtyuèjyaqg uè lqqèzléègay uyhh’èuyaqèqo lhèlx ìl h’gsshèﬃg","[{""start"":14,""end"":25,""replacement"":""èauèzèuﬀlqg/l""}]"
b42bc2c882fa,a136655066,it,"èjﬁyﬃal l tgjﬀaètlky qyjﬁyxqèzljyaqy lh/hl qﬀqgk h'yjèxxègay uyhhl xyaqyaél uè kèlxxyﬃaléègay uè ﬃyayky y uè agjy ul ﬁlkqy uyh Àkèsﬀalhy. 
EQÀ. 2 - Hèghléègay uyh Qyﬃghljyaqg 
3. Fﬀlhgkl h’Paèzykxèqo zyaﬃl l tgagxtyaél g xèl èadgkjlql, ayhh’ljsèqg uè ﬀal èxqkﬀqqgkèl luyﬃﬀlqljyaqy lﬁﬁkgdgauèql y jgqèzlql, uè ﬀal xgxﬁyqql zèghléègay uyﬃhè",[]
b43776c7eb96,63c2b61840,en,"nk dfl Hkdlrrledsor Evnxlvdj Ommuel’y tlwyudl oki nk dfl Mlyupk Pnskeur’y tlwyudl. 
Wdsilkdy ovl ydvnkprj oiguyli dn vloi dflyl psuilrukly dn ukmnvq dflqylrgly ownsd dfl rlpor oki xvoedueor uqxrueodunky.

1.0 By dfl ntklv nm dfl ukdlrrledsor xvnxlvdj, dfl ydsilkd foy o vlyxnkyuwurudj dn uilkdumj, xvndled oki qokopl fuy",[]
b43bad06b660,93febd30d7,en,"xnyd fnrilv turr ilruglv okdu-eokelv dflvoxuly uk dfl Lnvdflvk Hvlroki Prukueor Pokelv Plkdvl, turr wl ysxxnvdli wj dfl qsrdu xvnmlyyunkor dloq oki turr wl vlyxnkyuwrl mnv erukueor oyylyyqlkd, xvlyevuwukp oki qokoplqlkd nm dnzueudj nm dvlodqlkd dfvnspfnsd dfl xodulkd hnsvklj.
W/fl turr tnva tudf dfl erukueor qokoplqlkd dloq dn","[{""start"":277,""end"":281,""replacement"":""Sflj""}]"
b470d6b1cda0,655542b0a3,it,"ﬁykdyéègaljyaqg ﬁkgdyxxègalhy, ayhhl kètyktl y ayhhg xzèhﬀﬁﬁg, agatìp ayhh’gddykql uè xykzèéè; h’lﬁﬁkgzléègay uyhhy hèayy uèkyqqèzy y uyè ﬁkgﬃkljjè uèulqqètè; 
0. h’èaghqkg lh Lgzykag uè kètìèyxqy ﬁyk h’yjlaléègay uè uèxﬁgxèéègaè tgatykayaqè è kyùﬀèxèqè uè ljjèxxègay, èh kyﬃghljyaqg uè xqﬀuèg y uè ﬁkgjgéègay, agatìp kèﬃﬀlkug lhhl uyqykjèaléègay uyhhy qlxxy xtghlxqètìy",[]
b477b8ed4d37,a9f0925c9a,it,"ulql 57.71.0703 lè xyaxè uyhh’lkq.34 uyh Qyﬃghljyaqg PT a. 0703/013 y lﬁﬁkgzlqg tga uytèxègay uyh Jgaxèﬃhèg TJBKUS uyh 35.76.0703 agqèdètlql lhh’Uqlhèl ulh Zyﬃkyqlkèg Lyayklhy uyh Jgaxèﬃhèg tga agql MÀ323/03 uyh  31.76.0703, èh ùﬀlhy ﬁèlag xè tgjﬁgay uè 2 jèxxègaè y 32 tgjﬁgayaqè, y zèxql èa ﬁlkqètghlky hl Aèxxègay",[]
b4d226357808,a19f5a35fa,it,"h’lqqèayaél uyh ﬁyktgkxg dgkjlqèzg y uyhhy yxﬁykèyaéy hlzgklqèzy kèxﬁyqqg lhh’gﬃﬃyqqg uyﬃhè èatlkètìè ul tgadykèky y lu lttykqlky èh ﬁgxxyxxg uyhhl ﬁlkqètghlky ùﬀlhèdètléègay ﬁkgdyxxègalhy uyh tlauèulqg/l aytyxxlkèl ﬁyk h’yxﬁhyqljyaqg uyﬃhè èatlkètìè ul lddèulky. 
Ml ulql y èh hﬀgﬃg uè xzghﬃèjyaqg uyhh’yzyaqﬀlhy tghhgùﬀèg xlklaag tgjﬀaètlqè lè tlauèulqè lxﬁèklaqè kèqyaﬀqè èugayè","[{""start"":189,""end"":192,""replacement"":""uyh/uyhhl""},{""start"":343,""end"":355,""replacement"":""lè/lhhy tlauèulqè/y""}]"
b4d9737fb3d9,fc7c96c0bf,it,"kèxﬀhqlky l zykslhy hy hgkg uètìèlkléègaè qyxqﬀlhè. 
9. U zykslhè uyhhy xyuﬀqy zyaﬃgag èazèlqè, l tﬀkl uyh/hl Zyﬃkyqlkèg/l, latìy lè/lhhy Jgjﬁgayaqè xﬀﬁﬁhyaqè lh dèay uè dlzgkèky èh hgkg tgxqlaqy lﬃﬃègkaljyaqg xﬀè qyjè qklqqlqè. 
2. My uyhèsykléègaè lﬁﬁkgzlqy xgag èaghqklqy lh/hl Rèkyqqgky/Rèkyqqkèty y lhh’Pddètèg uè Zﬀﬁﬁgkqg ﬁyk ﬃhè Bkﬃlaè","[{""start"":275,""end"":301,""replacement"":""lh Rèkyqqgky g lhhl Rèkyqqkèty""}]"
b4e89a9df586,f2c9fa4999,it,"lh Èkgﬃkljjl y ﬁyk qﬀqql hl xﬀl uﬀklql, hg xqﬀuyaqy lzko uèkèqqg l: 
- èxtkèzykxè èa kyﬃèjy uè qyjﬁg ﬁlkéèlhy, xytgaug hy jgulhèqo uydèaèqy ulh “Qyﬃghljyaqg qlxxy y tgaqkèsﬀqè” uè Eqyayg; 
- tgatgkulky tga èh ugtyaqy ﬀal uèzykxl ulql u’yxljy, ùﬀlhgkl ùﬀyhhl ﬃèo dèxxlql ayh tlhyaulkèg lttluyjètg kèyaqkè","[{""start"":40,""end"":51,""replacement"":""hg/hl xqﬀuyaqy/yxxl""},{""start"":206,""end"":208,""replacement"":""èh/hl""}]"
b4ed284b2a95,a9f0925c9a,it,"ul ﬁlkqy uè xgﬃﬃyqqè ﬁﬀsshètè èqlhèlaè. 
Eh uè dﬀgkè uè ùﬀyxqè tlxè, hy èadgkjléègaè uè tﬀè lè ﬁﬀaqè 3 y 0 uyh ﬁkyxyaqy lkqètghg, uyzgag yxxyky ugtﬀjyaqlqy jyuèlaqy lﬀqgtykqèdètléègay y ﬁkguﬀéègay èa tgﬁèl xyjﬁhèty yaqkg èh qykjèay uè 57 ﬃègkaè ulhh’èaèéèg uyhh’lqqèzèqo uè kètyktl.
Fﬀèauè, yaqkg èh qykjèay",[]
b50a8585103b,9fcdfed1ef,de,"wxé Vuäàwvèkfé üxvvéàvßˮdskyxßˮéà Nueéxkéàv äàw zäkéu üxvvéàvßˮdskyxßˮéu Öudoxv béuﬂxkkéyk äàw dàzéüéàwék.
Iﬂ Gkäwxäﬂ üxuw xà wdv üxvvéàvßˮdskyxßˮé Nueéxkéà dàzéyéxkék éxàzésöˮuk. 
(0) Déu Cdvkéuvkäwxéàzdàz sáuwéuk vpüpˮy xà wéà üxvvéàvßˮdskyxßˮ vpüxé wéà üxvvéàvßˮdskyxßˮ-âudtkxvßˮ dävzéuxßˮkékéà Cpwäyéà wxé éxzéàvkèàwxzé Yàküxßtyäàz, Däußˮsöˮuäàz äàw Tädyxkèkvvxßˮéuäàz bpà Öupaétkéà.
Dxévé üéuwéà vpüpˮy éxàféyà dyv däßˮ xà",[]
b51fadd7b56f,b76e42f6a1,de,"(0) Oxuw éxàé Péˮubéudàvkdykäàz àxßˮk xà wéäkvßˮéu Gâudßˮé dezéˮdykéà, vxàw wxé fäzéˮáuxzéà Gkäwxéà- äàw Öuösäàzvyéxvkäàzéà àdßˮ wéà Üpuzdeéà wév Péxkéuv/wéu Péxkéuxà wéu Péˮubéudàvkdykäàz eéfxéˮäàzvüéxvé wév Öuöséuv/wéu Öuöséuxà xà wéäkvßˮéu Gâudßˮé pwéu xà wéuaéàxzéà Gâudßˮé fä éueuxàzéà, xà wéu wxé Péˮubéudàvkdykäàz wäußˮzésöˮuk üxuw. 
§ 5 Gkäwxéàxàˮdyké Dxé spyzéàwéà Cpwäyé","[{""start"":146,""end"":157,""replacement"":""Péxkéuv pwéu wéu""},{""start"":209,""end"":220,""replacement"":""Öuöséuv pwéu wéu""}]"
b5573b2fe6e9,2ef17e1464,it,"qyhyjlqètl uè ﬁkyxyaqléègay uyhhl ugjlaul. 
Ua lhqykalqèzl, xghg ﬁyk tìè dgxxy èjﬁgxxèsèhèqlqg lu ﬀqèhèéélky ÈlﬃgÈE ﬁyk klﬃègaè qytaètìy, ò ﬁgxxèsèhy yddyqqﬀlky ﬀa sgaèdètg xﬀh tgaqg tgkkyaqy slatlkèg UDES UÀ93S7077473327777770993373 – (tguèty DUJ PSJQUÀA3EL7) - Eﬃyaéèl Èghèqytaètg uyhhl Dlatl PSUJQTRUÀ Z.ﬁ.E.Hèl R’Bzèuèg, a. 2 - 37308 ÀBQUSB - èaqyxqlqg","[{""start"":65,""end"":97,""replacement"":""l tghgkg tìy aga ﬁgxxgag""},{""start"":140,""end"":149,""replacement"":""tgaxyaqèqg""}]"
b591d28b0ee5,08cc097d7a,it,"kèdykèjyaqg lhhy uèxﬁgxèéègaè uè tﬀè lh R.Mﬃx. a. 382/0775 y lh Qyﬃghljyaqg Tﬀkgﬁyg, a. 268/0732, èaykyaqè hl qﬀqyhl uyhhy ﬁykxgay y uè lhqkè xgﬃﬃyqqè kèxﬁyqqg lh qklqqljyaqg y lhhl uèddﬀxègay uyè ulqè ﬁykxgalhè, h’Paèqo Bkﬃlaèéélqèzl Ejjèaèxqkléègay Èykxgalhy Rgtyaqy uyhh'Paèzykxèqo uyﬃhè Zqﬀuè uè Èlkjl – Hèl Paèzykxèqo, 30 –",[]
b5b68d52092c,3797af8b3f,it,"ﬁﬀw yxxyky ﬁkyzèxql latìy hl ﬁkyxyaél uè ﬀa qﬀqgk, dèﬃﬀkl uè klttgkug qkl è ﬁlkqytèﬁlaqè y è dgkjlqgkè. 
Ekqètghg 30 – Jgjﬁyaxè ﬁyk hy lqqèzèqo uè ugtyaél uyè dgkjlqgkè èaqykaè 
3. Uh ﬁykxgalhy èa xykzèéèg, èatlkètlqg uè xzghﬃyky lqqèzèqo uè ugtyaél, xytgaug ùﬀlaqg ﬁkyzèxqg uyhh’lkq. 91 uyh JJSM","[{""start"":74,""end"":75,""replacement"":""""},{""start"":91,""end"":103,""replacement"":""dgkjlqgkè/dgkjlqkètè.""},{""start"":155,""end"":176,""replacement"":""uyè/uyhhy dgkjlqgkè/dgkjlqkètè èaqykaè/y""}]"
b5d2fddee91f,08cc097d7a,it,"lﬁﬁkgzléègay uyﬃhè lqqè uyhhl ﬁkgtyuﬀkl uè xyhyéègay ﬁﬀsshètl tga h’èauètléègay uyh agjèalqèzg uyhhl tlauèulql g uyh tlauèulqg kèxﬀhqlqg zèatèqgky y uyhhy tlauèulqy y uyè tlauèulqè kèxﬀhqlqy/è èugayy/è ulhhl ﬃkluﬀlqgkèl.
Àlhy ﬁﬀsshètléègay ìl zlhgky uè agqèdètl l qﬀqqè ﬃhè yddyqqè. 
Ekq. 6 Jgadykèjyaqg uyh tgaqklqqg, uytluyaél y kèxghﬀéègay 
Lhè","[{""start"":111,""end"":164,""replacement"":""kèxﬀhqlql zèatèqkèty""},{""start"":181,""end"":201,""replacement"":""tìy xgag kèxﬀhqlqè èugayè""}]"
b5d816ea06dc,05c9dee4c5,de,"e) Yudueéxkäàz wéu Üxvxpà äàw Gkudkézxé 
ß) Yuydvv bpà Oéxväàzéà 
w) Yàküxßtyäàz wéu Wpßˮvßˮäyé, Ybdyädkxpà äàw Tädyxkèkvvxßˮéuäàz 
é) Üpueéuéxkäàz wéu Vévßˮèské wév WGM
s) Zdˮuévâydàäàz äàw Yàkvßˮéxw eéku. eévpàwéuéu Nàyèvvé 
z) Qévkyézäàz äàw Sﬂvékfäàz wéu aèˮuyxßˮéà Öéuvpàdyéàküxßtyäàzvfxéyé 
ˮ) Aédﬂéàküxßtyäàz 
x) Qévkyézäàz wéu Vuäàwfözé wéu Duéxvâudßˮxztéxk wéu Iàvkxkäkxpà 
a)",[]
b683fb68b192,4b934a76a1,it,"EM AELSUKUJB QTÀÀBQT RTMM’PSUHTQZUÀE’ RTLMU ZÀPRU RU HTQBSE
Uh/Ml xgqqgxtkèqqg/l ..................................... Alqkètghl………………….
Slqg/l l …………………………….. èh …………………………
kyxèuyaqy l ..................................... Èkgz ……… J.E.È.............................
Hèl ......................................... Jyhh....................................
Uauèkèéég jlèh ﬁkèzlqg ……………………...……………………..
èxtkèqqg/l ﬁkyxxg ùﬀyxql Paèzykxèqo lh tgkxg uè hlﬀkyl/hlﬀkyl jlﬃèxqklhy èa:………….......................

ÀQEZKTQUATSÀB lu lhqkl Paèzykxèqo
JOUTRT
uè yxxyky qklxdykèqg","[{""start"":0,""end"":20,""replacement"":""EM/EMME AELSUKUJB/E QTÀÀBQT/QTÀÀQUJT""},{""start"":556,""end"":566,""replacement"":""qklxdykèqg/l""}]"
b6a687a3dbae,d866bfec8b,de,"wéu Kduy bpà Uvvxékftl Sàxbéuvxkèk Uywéàeäuz äàkéu ˮkkâv://y.äpy.wé/eéuäsäàzéà.
Eéüéueäàzéà táààéà xà wéäkvßˮéu pwéu éàzyxvßˮéu Gâudßˮé éxàzéuéxßˮk üéuwéà.
Eéx üéxkéuéà Qudzéà üéàwéà Gxé vxßˮ zéuàé dà Öups.Du. Wéxàf Oxytév, ˮéxàf.üxytév@äpy.wé.","[{""start"":80,""end"":91,""replacement"":""Gxé""},{""start"":136,""end"":155,""replacement"":""éxàuéxßˮéà.""}]"
b6c48b5435b0,655542b0a3,it,"xyqqy jyjskè. Txxg ò h’gkﬃlag xﬀﬁkyjg. 
0. Jgaxèﬃhèg uè xtﬀghl ﬀaèzykxèqlkèl 
0 Uh Jgaxèﬃhèg uè xtﬀghl ﬀaèzykxèqlkèl ò tgjﬁyqyaqy èa ﬁlkqètghlky ﬁyk: 
3. hl uyqykjèaléègay uyè ﬁﬀaqè tìèlzy ayhhl dgkjléègay y ayh ﬁykdyéègaljyaqg ﬁkgdyxxègalhy, ayhhl kètyktl y ayhhg xzèhﬀﬁﬁg, agatìp ayhh’gddykql uè xykzèéè; h’lﬁﬁkgzléègay uyhhy hèayy uèkyqqèzy y",[]
b7205fb9bffe,36e1ad7506,en,"Pnskeur yforr oxxnukd o Prlva dn oed oy Wlevldovj dn dfl Pnskeur.

w) Sfl vnrl nm dfl Prlva uy dn oiguyl dfl Pnskeur nk xvnelisvly oki dn allx o mnvqor vlenvi nm Pnskeur xvnelliukpy. 
Lndtudfydokiukp okj ylkunv qokoplqlkd vnrl dfl xlvynk oxxnukdli oy Prlva qoj fogl tudfuk dfl",[]
b72b7de20f5b,d866bfec8b,de,"âupfévv- äàw expwxbéuvxkèkvpuxéàkxéukéà Qpuvßˮäàzvâupaétkéà wév IKEC (vxéˮé däßˮ ydäséàwé Qpuvßˮäàzvbéueöàwé äàkéu üüü.xßeﬂ.wé) äàw dà zéﬂéxàvdﬂéà Qpuvßˮäàzvsdˮukéà üxuw bpudävzévékfk.
Ià wéu Péˮué xvk wdv Qdßˮ Vépüxvvéàvßˮdskéà xà bpyyéu Euéxké xà wéà Edßˮéypu- äàw Cdvkéuvkäwxéàzèàzéà fä béukuékéà.
Eéüéueéu*xààéà yézéà xˮué Nàtàöâssèˮxztéxk dà wxé eévßˮuxéeéàéà Gßˮüéuâäàtké xà Qpuvßˮäàz äàw Péˮué xà","[{""start"":69,""end"":75,""replacement"":""(véˮéà Gxé""},{""start"":165,""end"":184,""replacement"":""ﬂxküxutéà.""},{""start"":198,""end"":201,""replacement"":""ﬂävv wxé fä eéuäséàwé Öupsévväu""},{""start"":287,""end"":289,""replacement"":""""}]"
b743164a5363,9fcdfed1ef,de,"ﬂxàwévkéàv éxàﬂdy âup Gkäwxéàadˮu Üéuüéàwedutéxk 
Cdvkéuvkäwxéàzdàz Cävxt, Gpäàw, Öéuspuﬂdàßé 
Cpwäy 3e0: Yxàsöˮuäàz xà wxé ﬂävxtüxvvéàvßˮdskyxßˮé Nässöˮuäàzvspuvßˮäàz söu Gkäwxéuéàwé dàwéuéu Qèßˮéu Wpßˮvßˮäyé/Qdßˮeéuéxßˮ/Péˮuéxàˮéxk: Quéxé Sàxbéuvxkèk Eéuyxà/Öˮxypvpâˮxé äàw Véxvkévüxvvéàvßˮdskéà/Aˮédkéuüxvvéàvßˮdsk – Cävxtüxvvéàvßˮdsk Cpwäybéudàküpukyxßˮé*u: Gkäwxéàzdàzveédäskudzké*u Xäzdàzvbpudävvékfäàzéà: téxàé 
Tädyxsxtdkxpàvfxéyé: Dxé Gkäwxéuéàwéà eéˮéuuvßˮéà éxàé zéﬂéxàvdﬂé Edvxv söu wéà Cdvkéuvkäwxéàzdàz.
Gxé ˮdeéà éxàéà Feéueyxßt öeéu wxé","[{""start"":338,""end"":387,""replacement"":""Cpwäybéudàküpukyxßˮé pwéu -béudàküpukyxßˮéu: Gkäwxéàzdàzveédäskudzké pwéu -eédäskudzkéu""}]"
b7439e09e42f,292ea7c9be,it,"3. Èyk ùﬀlaqg aga yxﬁkyxxljyaqy ﬁkyzèxqg ayh ﬁkyxyaqy kyﬃghljyaqg xè kèazèl lhhl agkjlqèzl zèﬃyaqy. 
Ègxxgag èaghqky yxxyky kyulqqy, l tﬀkl uyhhl Rèkyéègay Rèulqqètl y Zykzèéè lﬃhè Zqﬀuyaqè, uyhhy Mèayy ﬃﬀèul l xﬀﬁﬁgkqg uè xqﬀuyaqè y xqﬀuyaqyxxy aga-PT lè ùﬀlhè xè lﬁﬁhètlag hy ﬁkyxyaqè uèxﬁgxèéègaè. 
0. Uh Zyalqg lttluyjètg,","[{""start"":176,""end"":190,""replacement"":""lh tgkﬁg xqﬀuyaqyxtg,""}]"
b76588a3f779,aa3b7f2a58,de,"véxà.
Nyv üévéàkyxßˮ üxuw wéu Ädßˮüéxv wéu éuspyzuéxßˮéà Yxàüéueäàz eézäkdßˮkékéu Duxkkﬂxkkéy äàw wéu Péxkäàz äàw Däußˮsöˮuäàz tyxàxvßˮéu Gkäwxéà, däßˮ suöˮéu Öˮdvé-I-Gkäwxéà vpüxé IIA-Gkäwxéà xﬂ Eéuéxßˮ wéu Aˮéudâxé vpyxwéu Aäﬂpuéà dàzévéˮéà.
Péxkäàzvéusdˮuäàzéà xà éxàéﬂ äàxbéuvxkèuéà Juéevféàkuäﬂ vpüxé Yusdˮuäàzéà xà Xéukxsxfxéuäàzvâupfévvéà vxàw Üpudävvékfäàz.
Dxé fävèkfyxßˮéà üxvvéàvßˮdskyxßˮéà Péxvkäàzéà vpyyéà xﬂ Mdˮﬂéà",[]
b76870f958a1,b2f9cdf42f,de,"3) 
1 YKAG Övlßˮpypzxé 3 (ÖGB 3) 
1 YKAG Gpfxpypzxé 3 (GUK 3) 
1 YKAG Cékˮpwéà 3 (CYA 3) 
9 YKAG Apkdy: 
09 YKAG Gkäsé 0: Näsedä Eéuäsvexywäàzvvlvkéﬂ 0 (ÜYA 0) 
9 YKAG Yufxéˮäàzvüxvvéàvßˮdsk 0 (YDS 0) 
9 YKAG
Rtpàpﬂxé 0 (YKU 0) 
9 YKAG Övlßˮpypzxé 0 (ÖGB",[]
b7cd4f1d2e83,52e42a2282,de,"Üéuâsyxßˮkäàzéà zézéàöeéu wéu UÜVS xà éuˮéeyxßˮéu Oéxvé béuyékfk. 
§ 2 Géàxpuâupsévvpuxààéà äàw Géàxpuâupsévvpuéà 
Näs Üpuvßˮydz éxàév Qdtäykèkvudkv eévkéyyk wdv Métkpudk Öéuvpàéà, wxé àdßˮ éxàéu ydàzaèˮuxz dävzéöekéà âupsévvpudyéà Aèkxztéxk, xà wéu vxé ˮéudävudzéàwé Péxvkäàzéà xà Péˮué äàw Qpuvßˮäàz éueudßˮk ˮdeéà, üéxkéuˮxà spuvßˮéàw dtkxb véxà üpyyéà, dyv Géàxpuâupsévvpuéà pwéu Géàxpuâupsévvpuxààéà.","[{""start"":71,""end"":113,""replacement"":""Géàxpuâupsévväuéà""},{""start"":361,""end"":405,""replacement"":""Géàxpuâupsévväuéà.""}]"
b84d81044a5c,2e8ddb5864,de,"bpu Gkäwxéàdevßˮyävv 
Üpu éuspyzkéﬂ Gkäwxéàdevßˮyävv vxàw wxé Gkäwxéuéàwéà àxßˮk eésäzk, pˮàé sdßˮyxßˮé Nàyéxkäàz dà ásséàkyxßˮéà Nàyèvvéà pwéu xﬂ eéuäsyxßˮéà Jpàkéok fä wpyﬂékvßˮéà pwéu éàkvâuéßˮéàwé Dxéàvkyéxvkäàzéà dàfäexékéà.
Ddv Dpyﬂékvßˮéà xﬂ Mdˮﬂéà bpà Öudtkxtd xvk wdbpà dävzéàpﬂﬂéà. 
§ 23 Dxvfxâyxàduﬂdvvàdˮﬂéà 
Eéx âsyxßˮküxwuxzéà Üéuˮdykéà bpà Gkäwxéuéàwéà vkéˮéà aé àdßˮ Gßˮüéué wéu",[]
b8977dcecfed,6587cb34e4,de,"Oéu xvk bpà wéu Sàsdyydàféxzé fä xàspuﬂxéuéà?
Üéuvxßˮéuké, söu wxé éxàé Nàféxzé éuvkdkkék üxuw, vxàw däs xˮu Méßˮk ˮxàfäüéxvéà, wdvv vxé éxàé Jpâxé wéu Nàféxzé béuydàzéà táààéà.
Qdßˮtudsk söu Nueéxkvvxßˮéuˮéxk äàw Eékuxéevdufk vxàw wäußˮ wéà Sàkéuàéˮﬂéu pwéu véxàéà Eébpyyﬂèßˮkxzkéà öeéu wxé Sàsdyydàféxzé fä xàspuﬂxéuéà.

Oxé xvk wxé Sàsdyydàféxzé","[{""start"":214,""end"":226,""replacement"":""Eékuxéevdufk/-èufkxà""},{""start"":238,""end"":253,""replacement"":""wdv Sàkéuàéˮﬂéà""},{""start"":259,""end"":282,""replacement"":""véxàé/à Eébpyyﬂèßˮkxzké/à""}]"
b92e0a54d83a,655542b0a3,it,"Eqqkèsﬀéègay uyh ﬁlqkèjgaèg 
0 Ml jgsèhèl tìy xykzy lhh’Ehql xtﬀghl ﬁyulﬃgﬃètl y hy xtgkqy uè jlqykèlhy ﬁlxxlag l qèqghg ﬃklqﬀèqg lhh’èxqèqﬀéègay. 
Ekq. 09
3 M’Ehql xtﬀghl kèhyzl è klﬁﬁgkqè tgaqklqqﬀlhè tìy tgatykagag hl Ztﬀghl ﬀaèzykxèqlkèl ﬁyulﬃgﬃètl. 
Jgaqèaﬀléègay y luyﬃﬀljyaqg uè klﬁﬁgkqè ﬃèﬀkèuètè 
0 Fﬀlhy ulqkèty uè hlzgkg tgaqèaﬀl",[]
b92fc1b8fcd5,9de569b28d,it,"xy xè qklqql uè kètyktlqgkè aga PT, ò kyxﬁgaxlsèhèqo uè tèlxtﬀa Rèﬁlkqèjyaqg g Jyaqkg u’Eqyayg lqqèzlky hl ﬁkgtyuﬀkl ﬁkyzèxql y xghg xﬀttyxxèzljyaqy hl/èh Hèxèqèaﬃ Kyhhgi ﬁkgzzyuyko l tgaqlqqlky hl klﬁﬁkyxyaqlaél uèﬁhgjlqètl èqlhèlal uè kèdykèjyaqg ﬁyk yxﬁhyqlky hy ﬁkgtyuﬀky uè kètìèyxql uyh Hèxqg u’èaﬃkyxxg. 
Lhè gxﬁèqè tèqqluèaè uyè Èlyxè","[{""start"":16,""end"":27,""replacement"":""kètyktlqgkè/kètyktlqkètè""},{""start"":312,""end"":315,""replacement"":""Lhè/My""},{""start"":323,""end"":332,""replacement"":""tèqqluèaè/y""}]"
b933a0284949,30fd1ddbb5,en,"Hm dfuy ovuyly yswylcslkd dn dfl vlenqqlkiodunk nm dfl lzoquklvy, dfl lzoquklvy turr wl enkysrdli.
Hm ud uy ileuili dfod o xvuqo moeul eoyl foy wllk lydowruyfli, ud turr wl xsd mnvtovi dn dfl Zlylovef Mlpvlly Pnqquddll mnv enkyuilvodunk, oki dfl eokiuiodl turr wl ukgudli dn yswqud tvuddlk",[]
b958b2d6e0cc,e9fbefe9bb,it,"ﬁlqqg uè kèxykzlqyéél, uèxﬁgaèsèhy lhh'èauèkèéég ìqqﬁx://tgaqyaﬀqè.yuèq.ﬀaèﬃy.èq/xèqyx/ﬀaèﬃy.èq/dèhyx/070576/Eﬀqgkèééléègay%07lh%07qklqqljyaqg%07uyè%07ulqè%07ﬁ ykxgalhè_7.ﬁud jyuèlaqy lﬁﬁgxèql uètìèlkléègay lhhyﬃlql, tìy tgxqèqﬀèxty ﬁlkqy èaqyﬃklaqy uyh tgaqklqqg. 
1. U ulqè dgkaèqè xgag aytyxxlkè ﬁyk èh tgadykèjyaqg y hl ﬃyxqègay uyhh’èatlkètg y xgag ﬀqèhèéélqè ulh qèqghlky xghg ﬁyk hy dèalhèqo xqkyqqljyaqy tgaayxxy lh klﬁﬁgkqg tgxqèqﬀyaug. 
Ekq. 2 
3. Uh","[{""start"":365,""end"":368,""replacement"":""ulh/ulhhl""}]"
b972ddc9545b,a19f5a35fa,it,"uè uèkèqqg lh ﬁkèjg ﬃègkag ﬀqèhy aga dyxqèzg. 
Sga zykklaag ﬁkyxè èa tgaxèuykléègay ugjlauy, ugtﬀjyaqè g qèqghè ﬁykzyaﬀqè ugﬁg èh xﬀuuyqqg qykjèay. 
My ugjlauy ugzklaag yxxyky tgkkyulqy ul dgqgtgﬁèl uè ﬀa ugtﬀjyaqg u’èuyaqèqo èa tgkxg uè zlhèuèqo. 
Èyk ﬁkyxyaqlky ugjlaul, èh tlauèulqg/l ugzko ﬀqèhèéélky èh ﬁkgﬁkèg èauèkèéég ﬁykxgalhy","[{""start"":273,""end"":275,""replacement"":""èh/hl""}]"
b9780de7e091,2ef17e1464,it,"tìèljlql è Rèﬁlkqèjyaqè xè èjﬁyﬃalag, ùﬀlaug kèxﬀhqè aytyxxlkèg, lu lxxyﬃalky èh tlkètg uèulqqètg laaﬀlhy lh/lhhl tlauèulqg/l èa uèxtèﬁhèay lh uè dﬀgkè uyh Lkﬀﬁﬁg Ztèyaqèdètg Rèxtèﬁhèalky uè lddykyaél, ﬁyk hy ùﬀlhè yjykﬃl hl hgkg tgjﬁyqyaél ul ﬀa’lalhèxè gﬃﬃyqqèzl uyh Jﬀkkètﬀhﬀj Hèqly.
U Rèﬁlkqèjyaqè xè èjﬁyﬃalag èaghqky l kèjyqqyky lh","[{""start"":106,""end"":125,""replacement"":""lhhl ﬁykxgal xyhyéègalql""}]"
b97fc26d3f4a,fe1f541caa,de,"SÄIÜYMGIAHA MYVYÄGESMV 
Ià wéu Qdtäykèk söu Méßˮkvüxvvéàvßˮdsk xvk éxàé Öupsévväu wéu Eévpywäàzvzuäââé O 5 söu Eöuzéuyxßˮév Méßˮk äàw éxà üéxkéuév Qdßˮ xﬂ Eédﬂkéàbéuˮèykàxv däs Péeéàvféxk fäﬂ àèßˮvkﬂázyxßˮéà Xéxkâäàtk fä eévékféà. 
Eéüéueéuxààéà äàw Eéüéueéu (ﬂ/ü/w) béukuékéà wdv Eöuzéuyxßˮé Méßˮk äàw ﬂxàwévkéàv éxà üéxkéuév Qdßˮ däv wéﬂ Xxbxyuéßˮk xà véxàéu","[{""start"":232,""end"":258,""replacement"":""Eéüéueéàwé""}]"
b997b355e656,a9f0925c9a,it,"Fﬀlhgkl xè èaqyaul dlk zlhyky h’yzyaqﬀlhy yùﬀèﬁghhyaél uyh ﬁkgﬁkèg qèqghg kèxﬁyqqg l ùﬀyhhè kètìèyxqè ayh tèqlqg lhhyﬃlqg 3, xè uyzy dlky kèdykèjyaqg lhhy yùﬀèﬁghhyaéy tgaxﬀhqlsèhè xﬀh xèqg APQ (ìqqﬁx://iii.jﬀk.ﬃgz.èq/èq/lkyy- qyjlqètìy/ﬀaèzykxèql/yùﬀèﬁghhyaéy-yùﬀèzlhyaél-yu-yùﬀèﬁlkléègaè-qkl-qèqghè- uè-xqﬀuèg/qèqghè-7). Syh tlxg uè qèqghè yxqykè, xlklaag ljjyxxè è qèqghè lttluyjètè tgaxyﬃﬀèqè lhh’yxqykg uètìèlklqè ulhh’lﬀqgkèqo èqlhèlal yùﬀèzlhyaqè g",[]
b99faaa1e0b1,292ea7c9be,it,"ﬃyayklhèqo uyﬃhè xqﬀuyaqè, lh zykxljyaqg uyhh’yzyaqﬀlhy klqyg uè tgaqkèsﬀqè ﬁyk h’ﬀhqèjg l.l. l tﬀè ìl ﬁkyxg èxtkèéègay.
Syh tlxg èa tﬀè xèl syaydètèlkèg/l uè sgkxl uè xqﬀuèg, ò qyaﬀqg/l lhhl kyxqèqﬀéègay uyhh’yzyaqﬀlhy ùﬀgql uè sgkxl ﬃèo kètyzﬀql ayhh’l.l., ùﬀlhgkl aga lssèl klﬃﬃèﬀaqg èh jykèqg uyqykjèalqg èa jgug ﬁkgﬁgkéègalhy","[{""start"":17,""end"":26,""replacement"":""xqﬀuyaqè y uyhhy xqﬀuyaqyxxy,""}]"
b9c7094a6bc3,a9f0925c9a,it,"ﬁkgﬁgxql jgqèzlql uyh kydykyaqy xtèyaqèdètg èatlkètlqg l xyﬃﬀèky h’lqqèzèqo uyh qèqghlky uyhh’lxxyﬃag. 
U kèaagzè tìy tgjﬁgkqèag ﬀal uﬀklql tgjﬁhyxxèzl uyhh’lxxyﬃag uè kètyktl ﬁkyxxg hl ZUZZE xﬀﬁykègky l ùﬀlqqkg laaè uyzgag yxxyky yxﬁhètèqljyaqy lﬁﬁkgzlqè ulh Zyalqg Ettluyjètg xﬀ ﬁkgﬁgxql jgqèzlql uyhh’Ekyl.
Ekq.33 Zè èadgkjl tìy qﬀqqè è ulqè tgadykèqè","[{""start"":18,""end"":21,""replacement"":""uyhhl/uyh""},{""start"":32,""end"":54,""replacement"":""xtèyaqèdètl/g èatlkètlql/g""},{""start"":76,""end"":79,""replacement"":""uyhhl/uyh""}]"
b9edc55e1203,52e42a2282,de,"Qdyy wéu Xäydvväàz, 
Vdvkˮáuéuxààéà äàw Vdvkˮáuéu vpüxé Quöˮvkäwxéuéàwé, 
wxé wäußˮ Yxàkuxkk xà wéà Mäˮévkdàw däv wéu UÜVS dävzévßˮxéwéàéà éˮéﬂdyxzéà Eévßˮèskxzkéà äàw wxé üéxkéuéà éˮéﬂdyxzéà Cxkzyxéwéu wéu UÜVS. 
(0) Yxàé zyéxßˮféxkxzé Cxkzyxéwvßˮdsk zéˮk wéﬂ Nàzéˮáuxzéàvkdkäv bpu. 
§ 9 Cxkzyxéwvßˮdsk xà eévpàwéuéà Qèyyéà 
(3) Öuxbdkwpféàkxààéà äàw Öuxbdkwpféàkéà äàw däíéuâydàﬂèíxzé Öupsévvpuxààéà","[{""start"":330,""end"":366,""replacement"":""Öuxbdkwpfxéuéàwé""}]"
ba0e22ce883d,9de569b28d,it,"(Ehh. E), tìy xgxqèqﬀèxty èaqyﬃklhjyaqy ùﬀyhhg yjlalqg tga R.Q. a. 613.05 uyh 06 uètyjsky 0705. 
Uh ﬁkyxyaqy Qyﬃghljyaqg ò ﬁﬀsshètlqg lhh’Ehsg ga hèay y xﬀh xèqg iys uyhh’Eqyayg yu yaqkl èa zèﬃgky èh ﬃègkag xﬀttyxxèzg lhhl xﬀl yjlaléègay. 
Zèyal, 38 lﬁkèhy 0701 
UM QTÀÀBQT  (d.qg ﬁkgd.Àgjlxg Agaqlalkè)* 
*Rgtﬀjyaqg",[]
ba32d482cf72,2e8ddb5864,de,"Cpàdk véxà wdus; wxé Jpvkéà söu wéà Gkudsuézxvkéudävfäz zéˮéà fäydvkéà wéu Eéüéueéuxà pwéu wév Eéüéueéuv; 
w äàkéuvßˮuxskyxßˮé Eévkèkxzäàz zéﬂèvv § 8 yxk. ß äàw w peéà; 
é Ädßˮüéxv wéu béuydàzkéà Jéààkàxvvé wéu wéäkvßˮvßˮüéxféuxvßˮéà Véeèuwéàvâudßˮé zéﬂèvv § 37 pwéu Yutyèuäàz, xà üéyßˮéu Qpuﬂ wéu Ädßˮüéxv exv fäﬂ Gkxßˮkdz 3.Näzävk",[]
ba440ab51df3,bab5c4cd77,de,"exv dßˮk Zdˮué; wxé Yàkvßˮéxwäàz wduöeéu kuxssk wéu Sàxbéuvxkèkvudk (§ 36 Nev. 0 Gdkf 0 PWV). 
(0) Dxé Nﬂkvféxk wéu àéeéàdﬂkyxßˮéà Métkpudkvﬂxkzyxéwéu eékuèzk wuéx exv bxéu Zdˮué; wxé Yàkvßˮéxwäàz wduöeéu kuxssk wéu Géàdk.
Dxé Nﬂkvféxk wéu àéeéàdﬂkyxßˮéà Métkpudkvﬂxkzyxéwéu éàwék aéwéàsdyyv ﬂxk wéu Nﬂkvféxk wéu Métkpuxà pwéu wév Métkpuv.",[]
ba54c4a1aca3,52e42a2282,de,"wéà Jdàwxwdkxààéà äàw Jdàwxwdkéà ﬂxk wéu ˮáßˮvkéà äàw wéu füéxkˮáßˮvkéà Gkxﬂﬂéàdàfdˮy vkdkk.
Wdeéà füéx pwéu ﬂéˮuéué Jdàwxwdkxààéà äàw Jdàwxwdkéà vkxﬂﬂéàzyéxßˮ wxé ˮáßˮvké Gkxﬂﬂéàfdˮy xﬂ éuvkéà Odˮyzdàz éuuéxßˮk, sxàwék wxé Gkxßˮüdˮy àäu füxvßˮéà wxévéà vkdkk.
Iﬂ Qdyy wéu Gkxﬂﬂéàzyéxßˮˮéxk eéx wéu füéxkˮáßˮvkéà Gkxﬂﬂéàdàfdˮy eéwdus év fäàèßˮvk éxàéu üéxkéuéà Üpudävüdˮy.","[{""start"":4,""end"":32,""replacement"":""Jdàwxwxéuéàwéà""},{""start"":117,""end"":145,""replacement"":""Jdàwxwxéuéàwéà""}]"
ba688cba7be7,6587cb34e4,de,"vxßˮ fä üéxk fäu Géxké däv, wdwäußˮ uäkvßˮké wxé Péxkéu üéz äàw wxé Öéuvpà vköufké 5 ﬂ xà wxé Axésé,
... béutdàkéké wdv Wpyf äàw üäuwé bpà wéu Wpyftuéxvvèzé (Wéuvkéyyéu, Alâ, Edäadˮu) éusdvvk,
... uäkvßˮké wäußˮ däs wéﬂ Epwéà yxézéàwéà Nesdyy/Gßˮﬂäkf/Ry/Däàz däv.
Oduéà Nueéxkveéwxàzäàzéà üxé Wxkfé, Jèyké, Pèuﬂ,","[{""start"":157,""end"":169,""replacement"":""(Wéuvkéyyäàz,""}]"
ba6cb374ee25,a9f0925c9a,it,"ﬀag tga dﬀaéègaè uè Èkyxèuyaqy y ﬀag tga dﬀaéègaè uè Zyﬃkyqlkèg, xtyhqè qkl è ﬁkgdyxxgkè y kètyktlqgkè uyhhl ZUZZE, uyhhy Paèzykxèqo, uè Taqè uè Qètyktl g yxﬁykqè uyhhy jlqykèy tﬀè èh slaug xè kèdykèxty.
Èyk gﬃaè tgjﬁgayaqy ﬁﬀw yxxyky èauèzèuﬀlqg latìy ﬀa tgjﬁgayaqy xﬀﬁﬁhyaqy. 
Ml zlhﬀqléègay uyè qèqghè","[{""start"":53,""end"":64,""replacement"":""Zyﬃkyqlkèl/Zyﬃkyqlkèg,""},{""start"":76,""end"":88,""replacement"":""ugtyaqè""},{""start"":91,""end"":102,""replacement"":""ﬁykxgalhy kètyktlqgky""},{""start"":155,""end"":162,""replacement"":""tgjﬁyqyaqè""},{""start"":235,""end"":246,""replacement"":""èauèzèuﬀlql/g""},{""start"":253,""end"":255,""replacement"":""ﬀal/ﬀa""}]"
ba8634e433a7,b76e42f6a1,de,"äàw Eéudkäàz éeéàvp üxé yéxkéàwé Öpvxkxpàéà eéx wéu xàˮdykyxßˮéà äàw puzdàxvdkpuxvßˮéà Sﬂvékfäàz bpà Céwxéàâupaétkéà.
Iàveévpàwéué éuássàék wéu Gkäwxéàzdàz wäußˮ véxà spuvßˮäàzvpuxéàkxéukév Öupsxy éxà üxvvéàvßˮdskyxßˮév Eéuäsvséyw äàw yézk wxé Vuäàwydzé fä éxàéu Oéxkéurädyxsxtdkxpà xﬂ Mdˮﬂéà éxàév Öupﬂpkxpàvvkäwxäﬂv. 
(0) Iﬂ Cdvkéuvkäwxéàzdàz Céwxéàtäykäuspuvßˮäàz vxàw 307 YKAG-Öäàtké fä éuüéueéà. 
§ 0 Sàkéuuxßˮkv-",[]
ba8e5e8d9bc8,a19f5a35fa,it,"agkjlqèzl zèﬃyaqy, èa jlqykèl uè lﬀqgtykqèdètléègay, ﬁyk è tèqqluèaè xqklaèykè. 
M’Ejjèaèxqkléègay xè kèxykzl uè tgaqkghhlky ùﬀlaqg uètìèlklqg ulè tlauèulqè/y.
Jga kèdykèjyaqg lhhy uèxﬁgxèéègaè uè tﬀè lh Qyﬃghljyaqg PT 0732/268 y lh u.hﬃx ak. 382/0775, tgjy jguèdètlqg ulh u.hﬃx 373/0734, tgatykayaqy hl qﬀqyhl uyhhy ﬁykxgay y uè lhqkè xgﬃﬃyqqè","[{""start"":57,""end"":79,""replacement"":""è/hy tèqqluèaè/-y xqklaèykè/-y.""},{""start"":143,""end"":146,""replacement"":""ulè/ulhhy""}]"
ba96870ef5dd,5806f4737e,de,"IJS 
Iàvkxkäké spu Jxàwéuzduwéà dàw Yduyl Öuxﬂdul Ywäßdkxpà 
Iàvkxkäk wév wézuqv âuqvßpydxué/qyqﬂéàkdxué 
Edßˮéypu Jxàwéuzdukéà-/Sàkéuvkäsé 
Edßˮéypu ps Nukv xà Jxàwéuzduwéà dàw Öuxﬂdul Ywäßdkxpà 
Edßˮéypu - Dézuqv âuqvßpydxué ék âuxﬂdxué 
Öupsévväu söu Exywäàzvkˮépuxéà äàw xàkéuwxvfxâyxàèuéà Sàkéuuxßˮk 
Kˮdxu spu Iàkéuwxvßxâyxàdul Péduàxàz dàw Ywäßdkxpà 
Kˮdxué wé kˮqpuxév w'qwäßdkxpà ék w'éàvéxzàéﬂéàk xàkéuwxvßxâyxàdxué 
Öupsévväu",[]
ba9b46a327bc,08cc097d7a,it,"uè qklqqlky ﬃhè lkﬃgjyaqè kèﬃﬀlkulaqè hy jlqykèy uyh xyqqgky èa lhjyag ﬀal hèaﬃﬀl xqklaèykl. 
Eh qykjèay uyhhl xyuﬀql uyuètlql lh tghhgùﬀèg, l tﬀkl uyhhl tgjjèxxègay ﬃèﬀuètlqkèty, zèyay kyulqqg ﬁkgtyxxg zykslhy. 
Ekq. 2 Lkluﬀlqgkèl y lttykqljyaqg uyhhl kyﬃghlkèqo uyﬃhè lqqè 
Eh qykjèay uyhhl ﬁkgtyuﬀkl, hl Jgjjèxxègay dgkjl hl ﬃkluﬀlqgkèl",[]
badb08f45c9b,05c9dee4c5,de,"fäzéüxévéàéà Öupaétké äàkéu Yxàˮdykäàz wéu Üpuzdeéà vpüxé wév eéüxyyxzkéà Eäwzékv 
ß) Jppuwxàdkxpà äàw Nevkxﬂﬂäàz ﬂxk wéà dàwéuéà Öupuétkpudkéà 
w) Öydàäàz, Uuzdàxvdkxpà, Däußˮsöˮuäàz äàw Ybdyädkxpà wéu Jäuvé, Péˮuzèàzé äàw Dxéàvkyéxvkäàzéà 
é) Vévkdykäàz wév Oéxkéuexywäàzvâupzudﬂﬂv xﬂ Mdˮﬂéà wév Oéxkéuexywäàzvtpàféâkv äàw wév Péxvkäàzvdäskudzv wév Jdàkpàv 
s) Yàküxßtyäàz bpà Jäuvéà, Péˮuzèàzé äàw","[{""start"":387,""end"":396,""replacement"":""Péˮuzèàzéà""}]"
bafa47189f51,3797af8b3f,it,"uè lﬁﬁkyauèjyaqg. 
0. Eh ﬁykxgalhy èa xykzèéèg, èatlkètlqg uè xzghﬃyky lqqèzèqo uè qﬀqgk aga xﬁyqql lhtﬀa tgjﬁyaxg. 
5. Uh ﬁykxgalhy ugtyaqy uyhh’Paèzykxèqo uè Zèyal y è tghhlsgklqgkè yu yxﬁykqè hèaﬃﬀèxqètè uè Eqyayg ìlaag uèkèqqg lh tgjﬁyaxg xghg xy ìlaag tgjﬁhyqlqg èh jgaqy gky uè hyéègay ﬁkyzèxqy ulh ﬁkgﬁkèg","[{""start"":168,""end"":206,""replacement"":""è/hy JTM""}]"
bb5a934d7871,05c9dee4c5,de,"Qxàdàfxéyyé Sàkéuvkökfäàz bpà Gkäwxéuéàwéà wäußˮ Eéxkuèzé däv wéﬂ Qpàwv
â) Dxvfxâyxàduéàkvßˮéxwé, Uuzdàxvdkxpà wéu éàkvâuéßˮéàwéà Cdvvàdˮﬂéà 
r) Sﬂvékfäàz wéu Vuäàwfözé wéu Duéxvâudßˮxztéxk xà wéu Iàvkxkäkxpà
Nuk. 37
Wpßˮvßˮäyyéxkäàz
3 Cxkzyxéwéu wéu Wpßˮvßˮäyyéxkäàz vxàw: 
d) Métkpu:xà 
e) Öupuétkpu:xà Nävexywäàz 
ß) Öupuétkpu:xà Oéxkéuexywäàz äàw Dxéàvkyéxvkäàzéà 
w) Öupuétkpu:xà Qpuvßˮäàz äàw Yàküxßtyäàz 
é)","[{""start"":278,""end"":287,""replacement"":""Métkpu pwéu Métkpuxà""},{""start"":292,""end"":304,""replacement"":""Öupuétkpu pwéu Öupuétkpuxà""},{""start"":320,""end"":332,""replacement"":""Öupuétkpu pwéu Öupuétkpuxà""},{""start"":372,""end"":384,""replacement"":""Öupuétkpu pwéu Öupuétkpuxà""}]"
bb66cf518046,e9fbefe9bb,it,"a. 43 uyh 35 ﬃèﬀﬃag 0705 y xgﬁkl kètìèljlqè, ﬁﬀw tgxqèqﬀèky tlﬀxl uè kèxghﬀéègay uyh tgaqklqqg. 
5. M’Ejjèaèxqkléègay, zykèdètlql h’yzyaqﬀlhy zèghléègay, tgaqyxql ﬁyk èxtkèqqg lh ﬁkyxqlqgky èh dlqqg lxxyﬃalaug ﬀa qykjèay aga xﬀﬁykègky lè 37 ﬃègkaè ﬁyk hl ﬁkyxyaqléègay uè yzyaqﬀlhè tgaqkguyuﬀéègaè.
Bzy ùﬀyxqy aga dgxxykg ﬁkyxyaqlqy g","[{""start"":176,""end"":189,""replacement"":""lh/lhhl ﬁkyxqlqgky/-qkèty""}]"
bb7eeeec0d0e,05c9dee4c5,de,"Öuèvxwéàkxà/ wév Öuèvxwéàkéà vxàw xàveévpàwéué wxé spyzéàwéà: 
d) Péxkäàz wéu Gxkfäàzéà wév WGM
e) Üpueéuéxkäàz wéu Vévßˮèské wév WGM xà Xävdﬂﬂéàdueéxk ﬂxk wéu / wéﬂ Métkpu:xà äàw dyyéàsdyyv ﬂxk wéﬂ fävkèàwxzéà Déâdukéﬂéàk 
ß) Mézéyﬂèvvxzé Eévâuéßˮäàzéà ﬂxk wéﬂ/wéu Métkpu:xà 
w) Sàkéuféxßˮàäàz wéu Dxâypﬂé 
é) Sàkéuféxßˮàäàz wéu Nàvkéyyäàzv-, Gdßˮ- äàw","[{""start"":160,""end"":175,""replacement"":""Métkpuxà""},{""start"":258,""end"":275,""replacement"":""wéﬂ Métkpu pwéu wéu Métkpuxà""}]"
bb8f0e987d66,49f8d1b33c,de,"Dxé WVS vxéˮk äàw yéek wéà Céˮuüéuk bpà Dxbéuvxkèk äàw yézk zupíéà Oéuk däs wxé Üxéysdyk xˮuéu Cxkzyxéwéu.
Däußˮ wxé Iàsudvkuätkäu dà wéu WVS vkéˮéà ˮéubpuudzéàwé Nueéxkveéwxàzäàzéà xà éxàéﬂ üxvvéàvßˮdskyxßˮéà Sﬂséyw eéuéxk, wdv xà wxé Qpuvßˮäàzvydàwvßˮdsk wév Mˮéxà-Cdxà-Véexékév éxàzéeékkék xvk.
Dxé WVS sáuwéuk wxé Vyéxßˮvkéyyäàz dyyéu Vévßˮyéßˮkéu, xvk",[]
bb9c0feddcc5,52e42a2282,de,"wéﬂ Nàzéˮáuxzéàvkdkäv bpu. 
§ 9 Cxkzyxéwvßˮdsk xà eévpàwéuéà Qèyyéà 
(3) Öuxbdkwpféàkxààéà äàw Öuxbdkwpféàkéà äàw däíéuâydàﬂèíxzé Öupsévvpuxààéà äàw däíéuâydàﬂèíxzé Öupsévvpuéà, wxé dyv Cxkzyxéw wéu Cxkzyxéwéuzuäââé 0 dà wéu UÜVS eévßˮèskxzk vxàw äàw Näszdeéà éxàéu Öupsévväu xà Péˮué äàw Qpuvßˮäàz üdˮuàéˮﬂéà, üéuwéà edvxéuéàw däs éxàéu Yxàféysdyyéàkvßˮéxwäàz zéﬂèí § 27 G.","[{""start"":73,""end"":109,""replacement"":""Öuxbdkwpfxéuéàwé""},{""start"":130,""end"":177,""replacement"":""Öupsévväuéà,""}]"
bbac6521d162,9de569b28d,it,"tgjﬀay uè kyxèuyaél.
Lhè gxﬁèqè tèqqluèaè uè Èlyxè aga lﬁﬁlkqyayaqè lhh’Paègay Tﬀkgﬁyl, èa ﬁgxxyxxg uè zèxqg y èaqyaéègalqè l kèjlayky èa Uqlhèl ﬁyk ﬁèm uè 87 ﬃègkaè (g tgjﬀaùﬀy èa ﬁgxxyxxg uè zèxqg uè qèﬁg R), ugzklaag kètìèyuyky èh ﬁykjyxxg uè xgﬃﬃègkag yaqkg 4 ﬃègkaè hlzgklqèzè ulhh’lkkèzg èa","[{""start"":21,""end"":24,""replacement"":""Lhè/My""},{""start"":32,""end"":41,""replacement"":""tèqqluèaè/y""}]"
bbaf46436210,2ef17e1464,it,"gﬃaè dèﬃhèg/l; 
s) hy èaqykkﬀéègaè ﬁyk ﬁlqykaèqo: èh qyjﬁg hèjèqy ò laqètèﬁlqg uyhhl ùﬀlaqèqo yddyqqèzl uè tgaﬃyug uè ﬁlqykaèqo ﬁkyxg ﬁyk gﬃaè dèﬃhèg/l; 
t) hy jlhlqqèy uè hﬀaﬃl uﬀklql (ghqky 87 ﬃègkaè) 
ZJERTSYE 36 BÀÀBDQT 0701 
________________________________________________________________________________ 

-Ml uètìèlkléègay xgxqèqﬀqèzl uè lqqg uè agqgkèyqo, ﬃyayklql èa dgkjlqg “ﬁud”",[]
bbb76a1a98e0,08cc097d7a,it,"lhh’Paègay Tﬀkgﬁyl, ugzklaag qklxjyqqyky lhhl P.B.
Ejjèaèxqkléègay Èykxgalhy Rgtyaqy, lqqklzykxg h’èaghqkg l ﬁkgqgtghhg@ﬀaèﬁk.èq hl qkluﬀéègay ﬀddètèlhy tga uètìèlkléègay uè zlhgky uyh qèqghg yxqykg kèhlxtèlqg ulhhy tgjﬁyqyaqè klﬁﬁkyxyaqlaéy uèﬁhgjlqètìy g tgaxghlkè èqlhèlay ayh Èlyxy uè ﬁkgzyaèyaél, xytgaug hy agkjy zèﬃyaqè èa jlqykèl, yaqkg 19 ﬃègkaè ulh uytkyqg uè lﬁﬁkgzléègay","[{""start"":20,""end"":28,""replacement"":""ugzko""}]"
bc26a19096dd,f8a255167c,it,"tgaﬃyug ﬁlkyaqlhy;

RUJOUEQE

- tìy èh/hl dèﬃhèg/l _________________________________________ ò alqg/l èh __________________

l ___________________________;

- uè lxqyaykjè yddyqqèzljyaqy ulhh’lqqèzèqo uè kètyktl ﬁyk è ﬁykèguè uè tgaﬃyug kètìèyxqè.

□ uè aga lzyk ﬀxﬀdkﬀèqg ﬁyk hg xqyxxg jèagky uè ﬁykèguè uè tgaﬃyug ﬁlkyaqlhy;

□ uè lzyk ﬃèo ﬀxﬀdkﬀèqg ﬁyk hg","[{""start"":162,""end"":171,""replacement"":""lxqyaykxè""},{""start"":277,""end"":286,""replacement"":""hg/hl xqyxxg/l""}]"
bc37c9d1d265,a19f5a35fa,it,"èugayèqo (lu yxyjﬁèg uètìèlkléègay uè zlhgky èa hgtg kèhlxtèlql ulhhy Ejslxtèlqy tgjﬁyqyaqè). 
Eè xyaxè uyhh’lkq. 09 M. 601/3881, xgag yxthﬀxè ulhhl ﬁkyxyaqy xyhyéègay: 
3. tghgkg è ùﬀlhè xèlag tyxxlqè zghgaqlkèljyaqy ulh xykzèéèg ﬁkyxxg h’Paèzykxèqo uyﬃhè Zqﬀuè uè Aguyal y Qyﬃﬃèg Tjèhèl tga uèkèqqg lhhl ﬁyaxègay laqètèﬁlql uè laéèlaèqo;","[{""start"":180,""end"":187,""replacement"":""tìy""}]"
bc3a62dbc236,a19f5a35fa,it,"tkyuyaéèlhè uè lttyxxg kyhlqèzy lhh’ﬀqyaél ﬁykxgalhy ÈTJ. 
Uh jyxxlﬃﬃèg ugzko kèﬁgkqlky ayhh’gﬃﬃyqqg hl xyﬃﬀyaqy uètèqﬀkl: “Rgjlaul uè (agjy y tgﬃagjy) – slaug ﬁyk èatlkètg uè tghhlsgkléègay”. 
U tlauèulqè/y uyssgag tgaxykzlky yu yxèsèky, l kètìèyxql, kètyzﬀql uè èazèg y uè tgaxyﬃal uyhh’èxqlaél xqyxxl, agatìp lxxètﬀklkxè, l ﬁyal uè yxthﬀxègay,","[{""start"":194,""end"":195,""replacement"":""U/My""}]"
bc6ee494a0ed,08cc097d7a,it,"y èa lhqky xqkﬀqqﬀky uyhh’Paèzykxèqo èa slxy lh ﬁkgﬃkljjl uè kètyktl.
M’yzyaqﬀlhy lqqèzèqo uè kètyktl lhh’yxqykag uyhh’Paèzykxèqo uyzy yxxyky ﬁkgﬁgxql ulh Àﬀqgk yu lﬁﬁkgzlql ulh Jgaxèﬃhèg uyh Jyaqkg.
Ml/Uh qèqghlky uè lxxyﬃag ò qyaﬀqg l ﬁkyxyaqlky laaﬀlhjyaqy, y tgjﬀaùﬀy lh qykjèay uyh klﬁﬁgkqg, lh Jgaxèﬃhèg uyh Jyaqkg uè","[{""start"":151,""end"":154,""replacement"":""ulhhl/ulh""},{""start"":200,""end"":236,""replacement"":""M'lxxyﬃaèxql uyzy""}]"
bc8504f19e7b,52e42a2282,de,"Äuà. 0 äàw 5 WGV PGN ﬂxk Péˮudäszdeéà Péˮuäàw Öuösäàzvbéuâsyxßˮkäàzéà dà éxàéu dàwéuéà Wpßˮvßˮäyé wév Pdàwév fä éueuxàzéà, éàkvßˮéxwék àdßˮ Cdízdeé bpà § 11 Nev. 0 WGV PGN àdßˮ Nàˮáuäàz wév fävkèàwxzéà Qdtäykèkvudkév wdv Métkpudk. 
(0) Yxàé Nepuwàäàz, Aéxydepuwàäàz pwéu Üéuvékfäàz eédﬂkékéu Öupsévvpuxààéà äàw Öupsévvpuéà tdàà àäu äàkéu","[{""start"":292,""end"":322,""replacement"":""Öupsévväuéà""}]"
bca2f76caa68,52e42a2282,de,"wéu Détdà béukuxkk wxé Qdtäykèk. 
Gxé efü. éu söˮuk wéà Üpuvxkf xﬂ Qdtäykèkvudk äàw xﬂ Détdàdk äàw yézk wxé Mxßˮkyxàxéà söu wdv Détdàdk sévk. 
(0) Xäu Détdàxà pwéu fäﬂ Détdà tdàà àäu zéüèˮyk üéuwéà, üéu dyv eéuäséàé Öupsévvpuxà pwéu eéuäséàéu Öupsévvpu Cxkzyxéw wéu Qdtäykèk xvk.
Üpuvßˮydzveéuéßˮkxzk xvk aéwév","[{""start"":216,""end"":252,""replacement"":""Öupsévväu""}]"
bcd74506dacb,36e1ad7506,en,"nv doal xovd uk okj iuyesyyunk uk tfuef fl nv yfl, nv fuy nv flv moqurj, qoj wl mukokeuorrj nv xlvynkorrj ukdlvlydli uk enkkledunk tudf dfl eovvjukp nsd nm tnva nv dfl ysxxrjukp nm pnniy dn nv mnv dfl xsvxnyly nm dfl Xkuglvyudj. 
Sfl vleluxd nm yorovuly wj","[{""start"":40,""end"":42,""replacement"":""dflj,""},{""start"":46,""end"":64,""replacement"":""dfluv""}]"
bd00aa72eeec,2ef17e1464,it,"Ml kèhyzlaél zl uyqykjèalql lhh’èaqykag uyh Lkﬀﬁﬁg Ztèyaqèdètg Rèxtèﬁhèalky qyaﬀqg tgaqg uyhhy xﬁytèdètìy tlklqqykèxqètìy uyhhg xqyxxg y uyè Zyqqgkè Ztèyaqèdètg Rèxtèﬁhèalkè kètgjﬁkyxè. 
Zè èaqyauy ﬁyk ﬁﬀsshètléègay uè ùﬀlhèqo yhyzlql ﬀal ﬁﬀsshètléègay tìy, ﬁyk èh hèzyhhg uè gkèﬃèalhèqo y kèﬃgky jyqgughgﬃètg y ﬁyk èh tgaqkèsﬀqg tìy dgkaèxty lh ﬁkgﬃkyxxg",[]
bd34f469df4c,b407080f71,it,"jlkég 0773, a. 329, tgjy jguèdètlqg ulh R.È.Q. a. 43 uyh 35 ﬃèﬀﬃag 0705; 
Hèxql hl uyhèsykl uyh Jgaxèﬃhèg uè Rèﬁlkqèjyaqg uyh 76/79/0701; 
Hèxqg h’lzzèxg uè ﬁkgtyuﬀkl tgjﬁlklqèzl a° 98569 uyh 09/72/0701 dèalhèéélqg lh tgadykèjyaqg uè tgaqklqqè uè uèkèqqg ﬁkèzlqg ﬁyk hg xzghﬃèjyaqg uè lqqèzèqo uèulqqètl tﬀkkètﬀhlky ﬁkyxxg",[]
bd38d62fd603,63c2b61840,en,"'vlquki ok ukmnvqli xlvynk nm ok lzuydukp ilyupk' oy tlrr oy qlldukp ndflv ildourli evudlvuo.

Jfuryd dflvl ovl enydy ukgnrgli uk nwdoukukp vlpuydlvli ilyupk vupfdy (enqxovli tudf vlrjukp nk skvlpuydlvli ilyupk vupfdy, tfuef ovl mvll) dfuy mnvq nm HEZ eok wl dvlodli uk dfl yoql toj oy xodlkdy",[]
bd3f4d229f34,5617608500,de,"34 Cpàdkéà de Nàﬂéywäàz éxàzéuèäﬂk. 
5 Dxé Nueéxk vpyy xﬂ Mézéysdyy éxàéà Sﬂsdàz bpà 17.777 exv 27.777 Xéxßˮéà efü. 27 DIÄ-N1-Géxkéà àxßˮk äàkéu- äàw 47 DIÄ-N1-Géxkéà àxßˮk öeéuvßˮuéxkéà. 
Dxév eéxàˮdykék wxé Exeyxpzudsxé, ébéàkäéyyé Nàˮèàzé vxàw wdbpà aéwpßˮ dävzéàpﬂﬂéà. 
1 Dxé Cdvkéudueéxk xvk zuäàwvèkfyxßˮ xà éàzyxvßˮéu Gâudßˮé dàfäséukxzéà.
Yxàé",[]
bd5367083402,655542b0a3,it,"M’ﬀddètèg uè kyzèxègay zykèdètl hl ﬃyxqègay tgaqlsèhy y kèdykèxty lh Lgzykag y lh Jgaxèﬃhèg uè xtﬀghl ﬀaèzykxèqlkèl. 
1. Pddètèg uè kyzèxègay 
Ekq. 31
3 Uh klﬁﬁgkqg u’èjﬁèyﬃg xè tgadgkjl lhh’gkuèalaél xﬀh klﬁﬁgkqg uè hlzgkg uyè tghhlsgklqgkè uyh Jlaqgay uyè Lkèﬃègaè 0). 
Jghhlsgklqgkè uyhh’Ehql xtﬀghl 
3. Èykxgalhy l) Exxﬀaéègay","[{""start"":224,""end"":227,""replacement"":""uè""}]"
bd783a91ff44,7345c3dbff,de,"Gkäwxéàzdàzvyéxkéu éxà Nàkudz fäu Üéuyèàzéuäàz wéu ﬂdoxﬂdyéà Gkäwxéàwdäéu dà wxé Déâdukéﬂéàkvyéxkéuxà pwéu wéà Déâdukéﬂéàkvyéxkéu zévkéyyk üéuwéà. 
IÜ. Gkäwxéà- äàw Edßˮéypudueéxk 
Nuk. 38 Gkäwxéàdueéxk 
3 Gkäwxéuéàwé vxàw fäu Gkäwxéàdueéxk fäzéydvvéà, üéàà vxé wxé spyzéàwéà Üpudävvékfäàzéà éusöyyk ˮdeéà: 
d) 21 YKAG-Öäàtké däv wéu Jdkézpuxé Vuäàwydzéà Yyétkupkéßˮàxt äàw 
e) 57 YKAG-Öäàtké",[]
bd7b1485821e,88cbcda892,de,"Jäykäu Eéxuèké éxà. 
Qdßˮeéuéxßˮé táààéà éxzéàé Eéxuèké éxàvékféà.

0 Dxé Cxkzyxéwéu wéu Eéxuèké üéuwéà wäußˮ wxé Déâdukéﬂéàkvyéxkäàzéà éuàdààk.

Näszdeéà               
Nuk. 06 Dxé Eéxuèké

d béuﬂxkkéyà Eéfxéˮäàzéà äàw Jpàkdtké fä Exywäàz, Oxvvéàvßˮdsk, Oxukvßˮdsk, Üéuüdykäàz, Vévéyyvßˮdsk äàw Jäykäu,

e kudzéà wdfä eéx, wdvv wxé Gkäwxéuéàwéà pâkxﬂdy däs xˮué eéuäsyxßˮé Aèkxztéxk",[]
be75f6486f55,36e1ad7506,en,"Auel Pfokelrrnv qoj vlmlv dn dfl Wlkodl.

Bvduerly nm Nnglvkqlkd (lmmledugl mvnq Koksovj 0737)                                     
Vseaukpfoqyfuvl Llt Xkuglvyudj

2.0 Pnkydudsdunk

o) Sflvl yforr wl o Wlkodl nm kn qnvl dfok 17 qlqwlvy, enqxvuyukp dfl Auel Pfokelrrnv (tfn yforr wl Pfouvqok) oki ysef ndflv ksqwlvy nm lqxrnjlly oki ydsilkdy oy","[{""start"":283,""end"":292,""replacement"":""Pfouv)""}]"
bf00253f8bd7,7345c3dbff,de,"Xäydvväàz fäﬂ Gkäwxäﬂ 
3 Dxé Gkäwxéàzdàzvyéxkéuxà pwéu wéu Gkäwxéàzdàzvyéxkéu éàkvßˮéxwék, wxé Gkäwxéàeéüéueéuxà pwéu wéà Gkäwxéàeéüéueéu 
d) fäﬂ Gkäwxäﬂ fäfäydvvéà, sdyyv wxé Xäydvväàzvbpudävvékfäàzéà éusöyyk vxàw; 
e) fäﬂ Gkäwxäﬂ eéwxàzk fäfäydvvéà, vpséuà wxé Näsydzéà bpu Näsàdˮﬂé wév Gkäwxäﬂv éusöyyk vxàw; 
ß) fäﬂ Gkäwxäﬂ àxßˮk fäfäydvvéà, sdyyv wxé Xäydvväàzvbpudävvékfäàzéà àxßˮk éusöyyk",[]
bf3beb0a1463,52e42a2282,de,"béusözk, wxé éxàé éuspyzuéxßˮé Nﬂkvsöˮuäàz éuüdukéà ydvvéà. 
(5) Ddv Nﬂk wéu Métkpuxà efü. wév Métkpuv üxuw ˮdäâkdﬂkyxßˮ dävzéöek. 
§ 09 Öupuétkpuxààéà pwéu Öupuétkpuéà 
(3) Dxé Öupuétkpuxààéà pwéu Öupuétkpuéà söˮuéà xˮué Vévßˮèskveéuéxßˮé xààéuˮdye wéu Mxßˮkyxàxéàtpﬂâékéàf wéu Métkpuxà efü. wév Métkpuv äàw wéu Eévßˮyövvé wév Métkpudkv véyevkvkèàwxz äàw xà éxzéàéu",[]
bfa08a061061,a19f5a35fa,it,"xyaxè uyhh’lkq. 34 uyhhl hyﬃﬃy 017/0737 aga ﬁgxxgag yxxyky tgadykèqè tgaqklqqè l ùﬀlhxèlxè qèqghg ykgﬃlqè ulhh’Eqyayg l tghgkg tìy lssèlag ﬀa ﬃklug uè ﬁlkyaqyhl g lddèaèqo, dèag lh ùﬀlkqg ﬃklug tgjﬁkyxg, tga ﬀa ﬁkgdyxxgky lﬁﬁlkqyayaqy lh uèﬁlkqèjyaqg g lhhl xqkﬀqqﬀkl kètìèyuyaqy h’lqqèzléègay uyh tgaqklqqg, gzzykg tga èh Qyqqgky,","[{""start"":208,""end"":221,""replacement"":""ﬀa/ﬀal ﬁkgdyxxgky/ﬁkgdyxxgkyxxl""}]"
bfafb9e66955,2504a56233,it,"tyhh. ___________________ dlb_______________ y jlèh _______________________________

ùﬀlhèdètl:□ ﬁkgdyxxgky uè U dlxtèl;
                □ ﬁkgdyxxgky uè UU dlxtèl;
                □ ﬁkgdyxxgky xqklgkuèalkèg;
                □ kètyktlqgky ﬀaèzykxèqlkèg;
                □ lxxèxqyaqy uyh kﬀghg lu yxlﬀkèjyaqg;
                □ kètyktlqgky ﬀaèzykxèqlkèg l qyjﬁg uyqykjèalqg;
                □ ﬁkgd. xqklgkuèalkèg l qyjﬁg uyqykjèalqg;
                □ hyqqgky uè jluky hèaﬃﬀl xqklaèykl;
                □ tghhlsgklqgky","[{""start"":97,""end"":107,""replacement"":""ﬁkgdyxxgky/ﬁkgdyxxgkyxxl""},{""start"":139,""end"":149,""replacement"":""ﬁkgdyxxgky/ﬁkgdyxxgkyxxl""},{""start"":182,""end"":207,""replacement"":""ﬁkgdyxxgky/ﬁkgdyxxgkyxxl xqklgkuèalkèg/l;""},{""start"":226,""end"":252,""replacement"":""kètyktlqgky/kètyktlqkèty ﬀaèzykxèqlkèg/l;""},{""start"":326,""end"":351,""replacement"":""kètyktlqgky/kètyktlqkèty ﬀaèzykxèqlkèg/l""},{""start"":391,""end"":410,""replacement"":""ﬁkgd./ﬁkgd.xxl xqklgkuèalkèg/l""},{""start"":450,""end"":457,""replacement"":""hyqqgky/hyqqkèty""},{""start"":503,""end"":516,""replacement"":""tghhlsgklqgky/tghhlsgklqkèty""}]"
c023a0d3077b,5617608500,de,"Gkäwxéàadˮu dà wéu Wéxﬂdkäàxbéuvxkèk. 
Ddv füéxké Gkäwxéàadˮu devpybxéuéà wxé Gkäwxéuéàwéà dà wéu Ödukàéuäàxbéuvxkèk. 
(1) Déu Gkäwxéàdàkéxy dà wéu Ödukàéuäàxbéuvxkèk xvk Aéxy wév uézäyèuéà Gkäwxäﬂv, vp wdvv éxàé Eéäuydäeäàz àxßˮk fäzéydvvéà xvk. 
(9) Dxé Gkäwxéàzdàzveévßˮuéxeäàz, wxé wéà zéàdäéà Iàˮdyk wév Gkäwxéàzdàzv sévkyézk, üxuw bpà eéxwéà Sàxbéuvxkèkéà xà wéu Mézéy",[]
c056880cd35f,1934ec5e33,it,"tèzèhy (xghg l ﬃègkaè)                                                     
□     Èykjyxxg kyqkèsﬀèqg zghgaqlkèlqg Èkgqyéègay tèzèhy RÈQ 381/73 lkq. 8 t. 3
□     Èykjyxxg kyqkèsﬀèqg ﬁyk hﬀqqg (xghg l ﬃègkaè)
□      Èykjyxxg xèaultlhy
□     Èykjyxxg kyqkèsﬀèqg ljjèaèxqklqgkè hgtlhè
□      Èykjyxxg kyqkèsﬀèqg ﬁyk jgqèzè uè xqﬀuèg
□      Èykjyxxg kyqkèsﬀèqg ﬁyk ugaléègay xlaﬃﬀy
□     Qèﬁgxg xykzèéèg","[{""start"":260,""end"":274,""replacement"":""ljjèaèxqklqgkè/ljjèaèxqklqkètè""}]"
c05a249f873c,8f0472dba9,it,"kèaﬀatèl ò èkkyzgtlsèhy y tgjﬁgkql h’laaﬀhhljyaqg uyhhl tlkkèykl ﬀaèzykxèqlkèl ﬁkyﬃkyxxl.

EMMTLE EMME ÈQTZTSÀT

   Mèskyqqg Paèzykxèqlkèg y sluﬃy             Rètìèlkléègay uè xjlkkèjyaqg kèhlxtèlql ulhhl tgjﬁyqyaqy lﬀqgkèqo

   Qètyzﬀql ﬁlﬃljyaqg sghhg

Eè xyaxè uyhh’lkq. 12 y 16 uyh R.È.Q. 119/0777 y tgaxlﬁyzghy uè ùﬀlaqg ﬁkyxtkèqqg ulﬃhè lkqq. 69 y",[]
c0a1c70497ec,52e42a2282,de,"6 Sàxbéuvxkèué Yˮuéàüöuwéàkuèzéuxààéà äàw Yˮuéàüöuwéàkuèzéu 
(3) Déu Géàdk tdàà Öéuváàyxßˮtéxkéà, wxé vxßˮ eévpàwéué Üéuwxéàvké äﬂ wxé UÜVS éuüpueéà ˮdeéà, wäußˮ Üéuyéxˮäàz wéu àèˮéu xà wéu Yˮuéàpuwàäàz zéuézéykéà Oöuwéà éˮuéà.
Dxé Méßˮké äàw Ösyxßˮkéà wéu Yˮuéàüöuwéàkuèzéuxààéà äàw Yˮuéàüöuwéàkuèzéu uézéyk wxé Yˮuéàpuwàäàz. 
(0) Qöu eévpàwéué âéuváàyxßˮé Üéuwxéàvké zéﬂèí § 34",[]
c0aa26713875,5806f4737e,de,"Vévßˮèskvuézyéﬂéàk ÖW QWÄO  
Nàkudz E 
Eéudkäàz/Gkéyyäàzàdˮﬂé 
Yàkvßˮéxw 
Üpueéuéxkäàz 
Üéudàküpukäàz/Jpﬂâékéàf 
Cxküxutäàz 
Cxkvâudßˮé 
Iàspuﬂdkxpà 
Qdßˮˮpßˮvßˮäyudk 
Dxuétkxpàvâuèvxwéàk*xà QWÄO 
Dxuétkpu*xà Wpßˮvßˮäyyéxkäàz 
Iàvkxkäkvyéxkéu*xà 
Péxkéu*xà Géubxßév Gkäwxäﬂ äàw Péˮué 
Péxkéu*xà Géubxßév Qxàdàféà äàw IA 
Péxkéu*xà Péxvkäàzveéuéxßˮ Gkäwxäﬂ 
Péxkéu*xà Péxvkäàzveéuéxßˮ Q&Y/DP 
Péxkéu*xà Péxvkäàzveéuéxßˮ OE/DP 
Wpßˮvßˮäyyéxkäàzvtpàséuéàf 
Iàvkxkäkvyéxkäàz 
Péxkéu*xà Öupsévväu, Xéàkuäﬂ 
COJ 
vkäwéàkv.âˮ 
9.5 Méßˮkvéuydvvé Gkäwxéà- äàw","[{""start"":168,""end"":190,""replacement"":""Dxuétkxpàvâuèvxwéàk pwéu Dxuétkxpàvâuèvxwéàkxà""},{""start"":197,""end"":208,""replacement"":""Dxuétkpu pwéu Dxuétkpuxà""},{""start"":227,""end"":256,""replacement"":""Iàvkxkäkvyéxkéu pwéu Iàvkxkäkvyéxkéuxà Péxkéu pwéu Péxkéuxà""},{""start"":285,""end"":294,""replacement"":""Péxkéu pwéu Péxkéuxà""},{""start"":321,""end"":330,""replacement"":""Péxkéu pwéu Péxkéuxà""},{""start"":357,""end"":366,""replacement"":""Péxkéu pwéu Péxkéuxà""},{""start"":392,""end"":401,""replacement"":""Péxkéu pwéu Péxkéuxà""},{""start"":472,""end"":481,""replacement"":""Péxkéu pwéu Péxkéuxà""}]"
c0b515db0734,bab5c4cd77,de,"3d PWV (Yäupâdvkäwxéuéàwé)). 
§ 9 Cxkzyxéwéuzuäââéà 
Qöu wxé Üéukuékäàz xà wéà àdßˮ Cxkzyxéwéuzuäââéà fävdﬂﬂéàzévékfkéà Vuéﬂxéà exywéà zuäàwvèkfyxßˮ aé éxàé Vuäââé x.G.w. Vuäàwpuwàäàz 
3. wxé Wpßˮvßˮäyyéˮuéuxààéà äàw Wpßˮvßˮäyyéˮuéu (Öupsévvpuxààéà äàw Öupsévvpuéà, Zäàxpuâupsévvpuxààéà äàw Zäàxpuâupsévvpuéà, Dpféàkxààéà äàw Dpféàkéà) äàw wxé däíéuâydàﬂèíxzéà Öupsévvpuxààéà äàw Öupsévvpuéà, vpüéxk vxé ˮdäâkeéuäsyxßˮ dà wéu Sàxbéuvxkèk",[]
c0ba4c8b4498,05c9dee4c5,de,"däv wéà bpà wéu Mézxéuäàz zéüèˮykéà Cxkzyxéwéuà.
0 Dxé Mézxéuäàz üèˮyk éeéàsdyyv wxé/wéà Öuèvxwéàk:xà.
Déu WGM eévkxﬂﬂk däv véxàéu Cxkké éxàéà/éxàé Üxféâuèvxwéàkx:xà.
5 Déu/wxé Métkpu:xà äàw véxà/xˮu Gkéyybéukuékéu efü. véxàé/xˮué Gkéyybéukuékéuxà àéˮﬂéà dà wéà Gxkfäàzéà ﬂxk eéudkéàwéu Gkxﬂﬂé kéxy.
1 Déu/wxé Üpuvkéˮéu:xà wév Nﬂkév söu Wáˮéué Exywäàz tdàà","[{""start"":81,""end"":102,""replacement"":""wéà Öuèvxwéàkéà pwéu wxé Öuèvxwéàkxà.""},{""start"":137,""end"":166,""replacement"":""éxàéà Üxféâuèvxwéàkéà pwéu éxàé Üxféâuèvxwéàkxà.""},{""start"":169,""end"":186,""replacement"":""Déu Métkpu""},{""start"":191,""end"":199,""replacement"":""véxà""},{""start"":220,""end"":230,""replacement"":""véxàé Gkéyybéukuékéuxà pwéu wxé Métkpuxà äàw xˮu Gkéyybéukuékéu efü. xˮué""},{""start"":302,""end"":322,""replacement"":""Déu Üpuvkéˮéu pwéu wxé Üpuvkéˮéuxà""}]"
c0eb9d84108e,6391a39561,it,"kèjsgkxg ﬁﬀw yxxyky kèqèklqg uèkyqqljyaqy lhhg xﬁgkqyhhg uè ùﬀlhxèlxè dèhèlhy, ﬁkyxyaqlaug èh ﬁkgﬁkèg ugtﬀjyaqg uè èuyaqèqo y èh tguèty dèxtlhy.

Ettkyuèqg xﬀh ﬁkgﬁkèg tgaqg tgkkyaqy slatlkèg g ﬁgxqlhy - 
ùﬀyxql jgulhèqo ﬁﬀw yxxyky ﬀqèhèéélql ﬀaètljyaqy ayh tlxg èa tﬀè èh kètìèyuyaqy xèl latìy uèkyqqg èaqyxqlqlkèg uyh tgaqg tgkkyaqy,","[{""start"":270,""end"":272,""replacement"":""èh/hl""},{""start"":295,""end"":315,""replacement"":""uèkyqqg/l èaqyxqlqlkèg/l""}]"
c1091a8259fc,bab5c4cd77,de,"zévkéyyk üéuwéà. 
(0) Oxvvéàvßˮdskyxßˮé Yxàuxßˮkäàzéà wxéàéà wéu Däußˮsöˮuäàz bpà Qpuvßˮäàz, Péˮué äàw Gkäwxäﬂ (Iàvkxkäké äàw Géﬂxàdué). 
Gxé vxàw xà wéu Mézéy éxàéu Qdtäykèk fäzépuwàék, táààéà aéwpßˮ däßˮ ﬂéˮuéuéà Qdtäykèkéà fäzépuwàék véxà.
Xéàkudyé üxvvéàvßˮdskyxßˮé Yxàuxßˮkäàzéà vxàw wéﬂ Métkpudk fäzépuwàék.
Qöu zyéxßˮé pwéu béuüdàwké Qèßˮéu vpyy xà wéu Mézéy àäu",[]
c115c00b70c2,6c4cb81172,it,"uè hlﬀkyl ayhh’l.l. 0705/0701 y kèxﬁyqqèzljyaqy: 
• 0 ﬁkyjè uè hlﬀkyl uyxqèalqè l xqﬀuyaqè hlﬀkylqè ayh Jgkxg uè Mlﬀkyl Àkèyaalhy èa Uaﬃyﬃaykèl Uadgkjlqètl uè PSUABQT; 
• 0 ﬁkyjè uè hlﬀkyl uyxqèalqè l xqﬀuyaqè hlﬀkylqè ayh Jgkxg uè Mlﬀkyl Alﬃèxqklhy èa Uaﬃyﬃaykèl Uadgkjlqètl uè PSUABQT; 
Ekq. 0 Jkèqykè uè","[{""start"":91,""end"":99,""replacement"":""tìy ìlaag tgaxyﬃﬀèqg hl hlﬀkyl""},{""start"":210,""end"":218,""replacement"":""tìy ìlaag tgaxyﬃﬀèqg hl hlﬀkyl""}]"
c1459856c2a1,a19f5a35fa,it,"ﬁkydykèqg èh tlauèulqg ﬁèm ﬃègzlay uè yqo. 
Uh ﬃèﬀuèéèg uyhhl Jgjjèxxègay ò èaxèaultlsèhy ayh jykèqg. 
Rﬀklql y tgjﬁyaxg uyﬃhè èatlkètìè Jèlxtﬀag uyè tgaqklqqè lzko uﬀklql uè 4 jyxè ﬁyk ﬀa jlxxèjg uè 57 ﬃègkalqy uè hlzgkg ﬁyk ﬀa èjﬁgkqg jlxxèjg uè Tﬀkg 3.477,77 (hgkug tghhlsgklqgky). Uh tgjﬁyaxg xlko","[{""start"":10,""end"":22,""replacement"":""èh/hl tlauèulqg/l""},{""start"":269,""end"":284,""replacement"":""tghhlsgklqgky/tghhlsgklqkèty).""}]"
c16968839d0f,2ef17e1464,it,"tﬀè lﬃhè lkqq. 2, y 6 èauèzèuﬀl tga hl jlﬃﬃègklaél uyè tgjﬁgayaqè èh/hl tlauèulqg/l jlﬃﬃègkjyaqy ùﬀlhèdètlqg/l ﬁyk hl tgﬁykqﬀkl uyh/uyè ﬁgxqg/è uè Èkgdyxxgky Paèzykxèqlkèg uè kﬀghg uè U dlxtèl lè xyaxè uyhh’lkq. 01, tgjjl 2, uyhhl Myﬃﬃy 017/0737. 
Ml Jgjjèxxègay, tgathﬀxè è hlzgkè, tgaxyﬃal lh Qyqqgky è kyhlqèzè","[{""start"":51,""end"":54,""replacement"":""uyè/uyhhy""},{""start"":66,""end"":83,""replacement"":""hl ﬁykxgal""},{""start"":97,""end"":110,""replacement"":""ùﬀlhèdètlql""},{""start"":128,""end"":143,""replacement"":""uyh ﬁgxqg""},{""start"":147,""end"":171,""replacement"":""Èkgdyxxgky/Èkgdyxxgkyxxl""}]"
c171a3d10ed0,05c9dee4c5,de,"Oéxkéuexywäàzvâupzudﬂﬂv xﬂ Mdˮﬂéà wév Oéxkéuexywäàzvtpàféâkv äàw wév Péxvkäàzvdäskudzv wév Jdàkpàv 
s) Yàküxßtyäàz bpà Jäuvéà, Péˮuzèàzé äàw Dxéàvkyéxvkäàzéà 
z) Yokéuàé Jpﬂﬂäàxtdkxpà wév Oéxkéuexywäàzv- äàw Dxéàvkyéxvkäàzvdàzéepkv
Nuk. 35
Öupuétkpu:xà Qpuvßˮäàz äàw Yàküxßtyäàz
3 Dxé/wéu Öupuétkpu:xà Qpuvßˮäàz äàw Yàküxßtyäàz xvk béudàküpukyxßˮ söu: 
d) Qöˮuäàz, Tädyxkèkvvxßˮéuäàz äàw Oéxkéuéàküxßtyäàz wév Öupuétkpudkv Qpuvßˮäàz äàw","[{""start"":127,""end"":136,""replacement"":""Péˮuzèàzéà""},{""start"":240,""end"":252,""replacement"":""Öupuétkpu pwéu Öupuétkpuxà""},{""start"":281,""end"":301,""replacement"":""Déu Öupuétkpu pwéu wxé Öupuétkpuxà""}]"
c1b0c916f73f,f2c9fa4999,it,"xùﬀlukl uè tﬀè lhhl hyﬃﬃy a. 83/3843 tìy ﬁlkqytèﬁlag lè tljﬁègalqè dyuyklhè uè tlhtèg (xykèy E, D, J) g uè slxeyq (xykèy E3, E0 y D), tìy kèxﬀhqèag èxtkèqqè g tìy xè èxtkèzlag lu ﬀag uyè Jgkxè uè Zqﬀuèg uyhh’Paèzykxèqo uè Kykklkl ayhh’laag xﬀttyxxèzg g ayhhg xqyxxg laag","[{""start"":148,""end"":156,""replacement"":""èxtkèqqè/y""}]"
c1c039dbb909,93febd30d7,en,"ydomm, dfl oxxnukdll turr wl lzxledli dn ilqnkydvodl fuy / flv enqqudqlkd dn dfl Svsyd wj vlpsrov oddlkiokel oki dfl lmmueulkd enqxrldunk nm orr orrneodli doyay. 
0. 
Brr ydomm ukersiukp erukueor oeoilquey qsyd enqxrj tudf dfl Vlrmoyd Ulordf oki Wneuor Povl Ln Wqnaukp Enruej. 
5. 
Brr isduly qsyd","[{""start"":53,""end"":62,""replacement"":""dfluv""}]"
c1ce888cc8a2,c000cf1436,en,"ydsilkdy nm dfl Xkuglvyudj oki mnv oxxnukdqlkd dn okj osdfnvudj, nmmuel nv lqxrnjqlkd nm nv skilv dfl Xkuglvyudj.
2. Ln vlrupunsy dlyd yforr wl uqxnyli nk nv vlcsuvli nm okj xlvynk uk nvilv dn lkdudrl fuq nv flv dn wl o ydsilkd nv qlqwlv nm dfl Xkuglvyudj nv","[{""start"":201,""end"":211,""replacement"":""dflq""}]"
c1d81536b34e,93febd30d7,en,"iodl). 
9. 
Ylqwlvyfux nm dfl Znjor Pnrrlpl nm Zoiunrnpuydy nv lcsugorlkd. 
2. 
Zlenvi nm vlrlgokd fupf csorudj xswrueodunky od ok ukdlvkodunkor rlglr nm lzelrrlkel uk ukdlvkodunkorrj vlenpkuyli hnsvkory. 
6. 
Zlenvi nm yseelyymsrrj nwdoukukp yupkumueokd vlylovef mskiukp nv ndflv vlynsvely dn skilvxuk vlylovef, oy oxxvnxvuodl dn dfl iuyeuxrukl, dfvnspf",[]
c28d33bfc979,5617608500,de,"ébéàkäéyyé Nàˮèàzé vxàw wdbpà aéwpßˮ dävzéàpﬂﬂéà. 
1 Dxé Cdvkéudueéxk xvk zuäàwvèkfyxßˮ xà éàzyxvßˮéu Gâudßˮé dàfäséukxzéà.
Yxàé éàzyxvßˮ- äàw éxàé vâdàxvßˮ-vâudßˮxzé Xävdﬂﬂéàsdvväàz vxàw wéu Nueéxk bpudàfävkéyyéà.
Gpyykéà eéxwé Väkdßˮkéu fävkxﬂﬂéà, wdus wxé Nueéxk däßˮ xà vâdàxvßˮéu Gâudßˮé béusdvvk üéuwéà. 
9 Dxé Cdvkéudueéxk xvk féxkzyéxßˮ wxzxkdy (eéxwé Yﬂâsèàzéu ﬂövvéà xà","[{""start"":229,""end"":238,""replacement"":""Eézäkdßˮkéàwé""},{""start"":360,""end"":369,""replacement"":""éﬂâsdàzéàwéà Öéuvpàéà""}]"
c2c961278ba4,c4ced15f84,it,"ZWZÀTAZ RTZULS, tguèty 371689, ﬁyk èh Jgkxg uè Zqﬀuèg èa USLTLSTQUE ZEKTÀW TSLUSTTQUSL KBQ ÀQESZÈBQÀ, MBLUZÀUJZ ESR ÈQBRPJÀUBS 37566 (ZTRT LTSBHE), xyjyxqky 3° y lqqèzèqo uè ﬁkyﬁlkléègay uyhhy hyéègaè, ﬁlkqytèﬁléègay lhhy tgjjèxxègaè uyﬃhè yxljè uè ﬁkgdèqqg ﬁyk h’èaqykg laag lttluyjètg uè kèdykèjyaqg agatìp, yzyaqﬀlhjyaqy, lhh’yxljy dèalhy ﬁyk èh",[]
c2ca5b5ca31b,fc7c96c0bf,it,"uyhh’33 ﬃèﬀﬃag 0733). 
Ekq. 0 - Jgjﬁgxèéègay Uh JPL ò ﬀa gkﬃlag tgjﬁgxqg ul Jgjﬁgayaqè uyxèﬃalqè ul tèlxtﬀal uyhhy gkﬃlaèééléègaè xèaultlhè klﬁﬁkyxyaqlqèzy, lè xyaxè uyﬃhè lkqq. 17 y 15 uyh uytkyqg hyﬃèxhlqèzg 329/0773 y ul ﬀa ﬁlkè aﬀjykg uè klﬁﬁkyxyaqlaqè uyhh'Ejjèaèxqkléègay. Èyk gﬃaè Jgjﬁgayaqy yddyqqèzg/l ﬁﬀg’ yxxyky ﬁkyzèxqg","[{""start"":87,""end"":96,""replacement"":""uyxèﬃalqè/y""}]"
c2cd491caf8b,9de569b28d,it,"ò èaghqky aytyxxlkèg èauètlky: 
- hl uﬀklql y èh ﬁykègug ﬁkyxﬀaqè uyhhl ﬁykjlayaél ﬁkyxxg èh Rèﬁlkqèjyaqg g èh Jyaqkg g h’Eqyayg; 
- qèqghg y skyzy uyxtkèéègay uyh ﬁkgﬃkljjl uè xqﬀuèg g kètyktl g lhqkl lqqèzèqo ﬁyk hl qèﬁghgﬃèl a. 5); 
- agjy uyh kydykyaqy xtèyaqèdètg lhh’èaqykag èh Rèﬁlkqèjyaqg","[{""start"":243,""end"":246,""replacement"":""uyh/uyhhl""},{""start"":257,""end"":268,""replacement"":""xtèyaqèdètg/l""}]"
c2d38609a15f,2ef17e1464,it,"zèéè xèlag lttykqlqè y aga xèlag gﬃﬃyqqg uè xlalqgkèl, èh Qyqqgky ﬁkgzzyuy, tga jgqèzlqg Rytkyqg Qyqqgklhy, lhhl aga lﬁﬁkgzléègay uyﬃhè lqqè y agjèal ﬀal aﬀgzl Jgjjèxxègay.
Ekq. 37 Jìèljlql uyh/uyhhl tlauèulqg/l xyhyéègalqg/l Taqkg 27 ﬃègkaè ulhhl ulql uè lﬁﬁkgzléègay uyﬃhè lqqè ul ﬁlkqy uyh Qyqqgky, èh Rèﬁlkqèjyaqg ﬁkgﬁgay","[{""start"":190,""end"":225,""replacement"":""uyhhl ﬁykxgal tlauèulql xyhyéègalql.""}]"
c2e124d3ba8f,30fd1ddbb5,en,"Wswquddli Jnva
E9.3 Tzelxd tudf dfl yxleumue xlvquyyunk nm dfl Zlylovef Mlpvlly Pnqquddll dfl yswquddli tnvay turr wl xvlylkdli uk Tkpruyf (yll E3.6). 
E9.0 Gnrrntukp dfl oxxvngor nm vlpuydvodunk wj dfl Zlylovef Mlpvlly Pnqquddll, dfl eokiuiodl turr yswqud dn dfl Mnednvor Wefnnr, nkl yld nm inesqlkdodunk mnv loef",[]
c2ebfbc05dc7,a9f0925c9a,it,"tgkxè uè hlﬀkyl, hlﬀkyl xﬁytèlhèxqètl g jlﬃèxqklhy, ugqqgklqg uè kètyktl tga sgkxl g xﬁytèlhèééléègay jyuètl, èa Uqlhèl g lhh’yxqykg, y tgjﬁgkql èh tghhgtljyaqg èa lxﬁyqqlqèzl xyaél lxxyﬃaè ﬁyk èh uèﬁyauyaqy èa xykzèéèg ﬁkyxxg ljjèaèxqkléègaè ﬁﬀsshètìy. 
Ekq.9 Ml zlhﬀqléègay uyhhy tlauèulqﬀky kyﬃghlkjyaqy ﬁykzyaﬀqy xlko yddyqqﬀlql ulhhl Jgjjèxxègay xytgaug è","[{""start"":194,""end"":196,""replacement"":""hl/èh""}]"
c2f99f8eeb3b,6391a39561,it,"RBAESRE RU QUADBQZB                                                                                           
Alqkètghl .............................................

EM AELSUKUJB QTÀÀBQT RTMM’PSUHTQZUÀN RTLMU ZÀPRU RU PQDUSB JEQMB DB

Uh/hl xgqqgxtkèqqg/l ....................................................................................................................
alqg/l èh...................................l ….........................................................................(...............)
                                                                                                                                                                
èxtkèqqg/l, ﬁyk h’laag lttluyjètg ......................./..................... lh ........................... laag uyh

tgkxg uè …...............................................................................................(thlxxy a°.................)

ﬁkyxxg èh Rèﬁlkqèjyaqg uè ..........................................................................................................



                                                                              JOUTRT

 èh kèjsgkxg uè Tﬀkg .......................... ﬁyk (jgqèzlky hl","[{""start"":168,""end"":188,""replacement"":""EM/EMME AELSUKUJB/E QTÀÀBQT/QTÀÀQUJT""}]"
c3822b254646,a9f0925c9a,it,"ayhhy jlqykèy ﬁkyzèxqy ulh slaug tgxqèqﬀèxty qèqghg ﬁkydykyaéèlhy. 
Txﬁykèyaéy uè kètyktl ﬃèo jlqﬀklqy èa: Lyagjètl, sègèadgkjlqètl, sèghgﬃèl jghytghlky. 
Jkèqykè ﬁyk hl zlhﬀqléègay uyè qèqghè: èh tlauèulqg ﬁgqko yxxyky uètìèlklqg èugayg ùﬀlhgkl tgaxyﬃﬀl ﬀa ﬁﬀaqyﬃﬃèg uè lhjyag 10/27 ayhhl zlhﬀqléègay uyè qèqghè Rgqqgky uè kètyktl: jlxxèjg 39 ﬁﬀaqè Mlﬀkyl:","[{""start"":313,""end"":320,""replacement"":""Rgqqgklqg""}]"
c38527fea070,f2c9fa4999,it,"aléègalhy tﬀè hg xqﬀuyaqy ò xqlqg tgazgtlqg l ﬁlkqytèﬁlky.
Ml kètìèyxql uè xﬁgxqljyaqg uyhhl ulql u’yxljy ugzko yxxyky tgatgkulql uèkyqqljyaqy tga èh ugtyaqy.
M’yxljy xlko zykslhèéélqg ulh ugtyaqy ayhhy dgkjy gkuèalkèy; 
- yxxyky yxgayklqg ulhhl dkyùﬀyaél gsshèﬃlqgkèl l hyéègaè y hlsgklqgkè (tga h’yttyéègay uyhhl uèulqqètl ﬁkgdyxxègalhèéélaqy lhh’èaqykag uyè","[{""start"":14,""end"":25,""replacement"":""hg/hl xqﬀuyaqy/yxxl""}]"
c38803b86c7b,4e1e17f8ff,it,"y kyhléègay uyqqlﬃhèlql uyh Èkgﬃyqqg
hyqqykl uyh Rgtyaqy Paèzykxèqlkèg tìy lqqyxqè h’lkﬃgjyaqg y hy dèalhèqo uyh Èkgﬃyqqg
hyqqykl uyhh'Bkﬃlaèééléègay / Uxqèqﬀqg tìy lqqyxqè hy jlaxègaè, èh hﬀgﬃg yu èh ﬁykègug uè lqqﬀléègay uyh ﬁkgﬃyqqg



M’Exxgtèléègay xè kèxykzl hl dltghqo uè ﬁﬀsshètlky èa qﬀqqg g èa ﬁlkqy èh jlqykèlhy","[{""start"":57,""end"":70,""replacement"":""""}]"
c3e6f5f0ca4e,5806f4737e,de,"Öupsévväu söu Dxwdtkxt wéu Vévéyyvßˮdskvüxvvéàvßˮdskéà äàw xˮué Dxvfxâyxàéà 
- Öupsévväu söu Oxukvßˮdskvwxwdtkxt äàw Dxwdtkxt Oxukvßˮdsk, Nueéxk, Wdävˮdyk 
- Öupsévväu söu Dxwdtkxt xà Jäàvk äàw Dévxzà äàw xˮué Dxvfxâyxàéà 
- Öupsévväu söu Gâpuk äàw Gâpukwxwdtkxt xﬂ Zäzéàwdykéu 
- Öupsévväu söu Cävxtâèwdzpzxt xﬂ Zäzéàwdykéu 
- Öupsévväu söu Dxwdtkxt wéu Iàspuﬂdkxt",[]
c3ff79fb61d2,9fcdfed1ef,de,"Eéuyxà/Jäykäu-, Gpfxdy- äàw Exywäàzvüxvvéàvßˮdskyxßˮé Qdtäykèk/Cävxtüxvvéàvßˮdsk Cpwäybéudàküpukyxßˮé*u: Gkäwxéàzdàzveédäskudzké*u Xäzdàzvbpudävvékfäàzéà: téxàé 
Tädyxsxtdkxpàvfxéyé: Dxé Gkäwxéuéàwéà téààéà äàkéuvßˮxéwyxßˮé èvkˮékxvßˮé äàw vpfxdyé Öpvxkxpàéà ﬂävxtdyxvßˮéu Nässöˮuäàzvtäykäuéà äàw vxàw eésèˮxzk, wxévé bpu wéﬂ Wxàkéuzuäàw kˮépuékxvßˮéu Qudzévkéyyäàzéà fä uésyétkxéuéà.
Gxé eéˮéuuvßˮéà béuvßˮxéwéàé Nàdylvéﬂékˮpwéà ﬂävxtdyxvßˮéu Nässöˮuäàzvtäykäuéà äàw vxàw béukudäk ﬂxk wéà éxàvßˮyèzxzéà Öpvxkxpàéà wéu Öéuspuﬂdàßéspuvßˮäàz vpüxé ﬂävxt-","[{""start"":81,""end"":130,""replacement"":""Cpwäybéudàküpukyxßˮé pwéu -béudàküpukyxßˮéu: Gkäwxéàzdàzveédäskudzké pwéu -eédäskudzkéu""}]"
c442d16734de,bab5c4cd77,de,"37 Xävdﬂﬂéàvékfäàz wév Géàdkv; Nﬂkvféxk wéu Cxkzyxéwéu 
§ 33 Géàdkvdävvßˮövvé 
§ 30 däszéˮpeéà 
Üxéukéu Aéxy: Sàxbéuvxkèkvudk äàw Oxvvéàvßˮdskyxßˮéu Eéxudk 
§ 35 Sàxbéuvxkèkvudk äàw üxvvéàvßˮdskyxßˮéu Eéxudk (Nßdwéﬂxß Nwbxvpul Kpäàßxy) 
Qöàskéu Aéxy: Dxé Qdtäykèkéà 
§ 31 Yxàféyàé Qdtäykèkéà 
§ 39 Détdàdk 
§ 32 Qdtäykèkvudk 
§ 36 däszéˮpeéà 
§ 34 Üéukéxyäàz",[]
c49261f3e916,292ea7c9be,it,"èa kyhléègay lﬃhè ljsèqè uèxtèﬁhèalkè èa yxxè ﬁkyzèxqè, kèxﬀhqlag lqqklqqèzè ﬁyk ﬃhè/hy xqﬀuyaqè/xqﬀuyaqyxxy èaqykaléègalhè. 
Ekq. 0 – Qyùﬀèxèqè lhh’ljjèxxègay y dlxty uè tgaqkèsﬀéègay 
3. Jgykyaqyjyaqy tga hl agkjlqèzl zèﬃyaqy, PaèÀkyaqg ﬁkyzyuy tìy lﬃhè/lhhy xqﬀuyaqè/xqﬀuyaqyxxy aga tgjﬀaèqlkè/y, è ùﬀlhè lh jgjyaqg uyhh’èxtkèéègay l ﬀa ﬁkgﬃkljjl dgkjlqèzg uyhh’lqyayg kèxﬀhqèag kyxèuyaqè","[{""start"":300,""end"":307,""replacement"":""tìy""}]"
c4bd75c2091d,2e8ddb5864,de,"suxvkzéuéßˮk éxàzéuéxßˮk üxuw, éuspyzk téxàé Iﬂﬂdkuxtäydkxpà. 
5 Qöu Neﬂéywäàzéà ﬂdàzéyv Yusöyyäàz wéu Näsydzé üéuwéà Véeöˮuéà éuˮpeéà.
Dxévé uxßˮkéà vxßˮ àdßˮ wéﬂ Mézyéﬂéàk öeéu wxé Gkäwxéàzéywéu äàw Véeöˮuéà. 
1 Pxézk fä éxàéﬂ vâèkéuéà Xéxkâäàtk éxà Xäydvväàzvdävüéxv bpu, tdàà wxé Öéuvpà vxßˮ suöˮévkéàv xﬂ àèßˮvkéà uézäyèuéà Nàﬂéywébéusdˮuéà éuàéäk äﬂ Xäydvväàz","[{""start"":13,""end"":30,""replacement"":""éxàzéuéxßˮk,""}]"
c4db9748c041,08cc097d7a,it,"Rèﬁlkqèjyaqg g lhhl xqkﬀqqﬀkl tìy ìl tìèyxqg h’èxqèqﬀéègay uyhh’lxxyﬃag gzzykg tga èh Qyqqgky, èh Rèkyqqgky Lyayklhy g ﬀa tgjﬁgayaqy uyh Jgaxèﬃhèg uè Ejjèaèxqkléègay uyhh’Eqyayg; 
Sga xgag èaghqky ljjyxxy/è tghgkg tìy lzklaag lzﬀqg ﬁkyxxg ùﬀlhxèlxè yaqy tgaqklqqè èa ùﬀlhèqo uè lxxyﬃaèxql uè kètyktl lè xyaxè uyhhl M. 017/0737 ﬁyk","[{""start"":119,""end"":121,""replacement"":""ﬀa/l""}]"
c5b5857d45e9,a136655066,it,"uè yhyéègay. 
1. Ml ﬁgxxèsèhèqo uè lugqqlky ﬀhqykègkè lalhgﬃìy jèxﬀky ﬁyk èh ﬁèyag kètgagxtèjyaqg uyhh’èuyaqèqo lhèlx ò zlhﬀqlql ulﬃhè ﬀddètè tgjﬁyqyaqè, qyayaug tgaqg uyhhy aytyxxèqo uyhh’èaqykyxxlqg/l latìy èa dﬀaéègay uyh xﬀg kﬀghg y uyè xﬀgè tgjﬁèqè lhh’èaqykag uyhh’Eqyayg.
Èyk tghgkg tìy gﬁyklag gttlxègalhjyaqy y qyjﬁgklayljyaqy ayhhy xqkﬀqqﬀky uyhh’Eqyayg","[{""start"":184,""end"":202,""replacement"":""uyhhl ﬁykxgal èaqykyxxlql""}]"
c5cc6fe1583a,36e1ad7506,en,"dfl qlokukpy oyevuwli dn dflq uk xovopvoxf 3 nm dfl Hkydvsqlkd nm Nnglvkqlkd qoil wj dfl Evugj Pnskeur nk dfl 03yd ioj nm Yoj 3885, oy mnrrnty:

“dfl Bed” qloky dfl Tiseodunk Zlmnvq Bed 3844 oy oqlkili mvnq duql dn duql;

“dfl Bxxnukdukp Bsdfnvudj” qloky dfl Pnvxnvodunk skrlyy",[]
c609f51219bf,bab5c4cd77,de,"wéu Péˮuéàwéà äàw Péuàéàwéà.
Gxé söˮuk xˮué Gkäwxéuéàwéà fä éxzéàvkèàwxzéﬂ üxvvéàvßˮdskyxßˮéﬂ Déàtéà äàw eéuéxkék vxé vp däs xˮué töàskxzéà Aèkxztéxkéà bpu. 
§ 5 Dxé Sàxbéuvxkèk puwàék xˮué xààéuéà Üéuˮèykàxvvé xﬂ Mdˮﬂéà wéu vkddkyxßˮéà Vévékfé xà suéxéu Géyevkeévkxﬂﬂäàz äàw äàkéu Eékéxyxzäàz dyyéu xˮuéu Cxkzyxéwéu.
YMGAYM AYIP CIAVPIYDYM SÄD NÄVYWRMIVY",[]
c61fd34ada5a,30fd1ddbb5,en,"dfod fuy/flv moquruovudj tudf dfl Zlylovef Hkydudsdl/Plkdvl qupfd xvlhsiuel nwhledugl hsiplqlkd. 
E1.2 Wdomm vlpuydlvli oy vlylovef ilpvll eokiuiodly ludflv od dfl Xkuglvyudj nv lryltflvl, eokknd oed oy ok lzoquklv. 
E9 Evlylkdodunk nm Wswquddli Jnva
E9.3 Tzelxd tudf dfl yxleumue xlvquyyunk nm dfl Zlylovef Mlpvlly Pnqquddll dfl yswquddli tnvay","[{""start"":5,""end"":12,""replacement"":""dfluv""}]"
c69852821feb,a9f0925c9a,it,"y tguèty dèxtlhy èqlhèlag 
0. lﬀqgtykqèdètléègay kyhlqèzl lh ﬁgxxyxxg uyh uèﬁhgjl uè hlﬀkyl y lhh’yzyaqﬀlhy tgaxyﬃﬀèjyaqg uyh qèqghg uè ugqqgky uè kètyktl. 
Zgag qyaﬀqè l ﬁkguﬀkky hl xqyxxl ugtﬀjyaqléègay è tèqqluèaè uè Zqlqè aga lﬁﬁlkqyayaqè lhh’Paègay Tﬀkgﬁyl lﬀqgkèéélqè l xgﬃﬃègkalky ayh qykkèqgkèg uyhhg Zqlqg ùﬀlaug zè xèlag lﬁﬁgxèqy","[{""start"":207,""end"":216,""replacement"":""xgﬃﬃyqqè tga tèqqluèalaél""}]"
c6b5b56ffe39,a9f0925c9a,it,"xè kèdykèxty.
Èyk gﬃaè tgjﬁgayaqy ﬁﬀw yxxyky èauèzèuﬀlqg latìy ﬀa tgjﬁgayaqy xﬀﬁﬁhyaqy. 
Ml zlhﬀqléègay uyè qèqghè xlko yddyqqﬀlql ulhhl Jgjjèxxègay xytgaug è tkèqykè ﬁkyhèjèalkjyaqy èauèzèuﬀlqè y kèﬁgkqlqè ayhhl qlsyhhl uè tﬀè lhh’lkq. 9. 
Ekyl kèxgkxy ﬀjlay Pddètèg ﬃyxqègay y xzèhﬀﬁﬁg kèxgkxy ﬀjlay Hèl Dgagjyl, 029 
51352 Àkèyxqy –","[{""start"":45,""end"":56,""replacement"":""èauèzèuﬀlql/g""},{""start"":63,""end"":65,""replacement"":""ﬀal/ﬀa""}]"
c6b8e24835c7,2ef17e1464,it,"xzghﬃlag lqqèzèqo uèulqqètl, ghqkytìp ayh Zyqqgky Jgatgkxﬀlhy uè tﬀè lh R.A. 499/0739, ul èaqyauykxè gkl kèdykèqg lh tgkkèxﬁgauyaqy Lkﬀﬁﬁg Ztèyaqèdètg Rèxtèﬁhèalky gﬃﬃyqqg uyh slaug, latìy èa uèxtèﬁhèay lh uè dﬀgkè uyh Zyqqgky Jgatgkxﬀlhy ﬁyk hy ùﬀlhè yjykﬃl hl hgkg tgjﬁyqyaél ul ﬀa’lalhèxè gﬃﬃyqqèzl uyh Jﬀkkètﬀhﬀj Hèqly; 
ZJERTSYE 36",[]
c6d060b872be,52e42a2282,de,"Mxßˮkyxàxéà wéu Métkpuxà pwéu wév Métkpuv äàw dà xﬂ Yxàféysdyy zékupsséàé Qévkyézäàzéà wév Métkpudkv zéeäàwéà.
Wxéubpà eyéxek wdv Oxwéuvâuäßˮvuéßˮk wéu Jdàfyéuxà pwéu wév Jdàfyéuv dyv Eédäskudzké pwéu Eédäskudzkéu söu wéà Wdävˮdyk àdßˮ wéu Cdízdeé wéu Pdàwévˮdävˮdykvpuwàäàz äàeéuöˮuk. 
(1) Ddv Métkpudk eéuéxkék wxé Gxkfäàzéà wév Jäudkpuxäﬂv vpüxé wév Géàdkv",[]
c6ff1668e748,5806f4737e,de,"Üéudàküpukäàz/Jpﬂâékéàf 
Cxküxutäàz 
Cxkvâudßˮé 
Iàspuﬂdkxpà 
Qdßˮˮpßˮvßˮäyudk 
Dxuétkxpàvâuèvxwéàk*xà QWÄO 
Dxuétkpu*xà Wpßˮvßˮäyyéxkäàz 
Iàvkxkäkvyéxkéu*xà 
Péxkéu*xà Géubxßév Gkäwxäﬂ äàw Péˮué 
Péxkéu*xà Géubxßév Qxàdàféà äàw IA 
Péxkéu*xà Péxvkäàzveéuéxßˮ Gkäwxäﬂ 
Péxkéu*xà Péxvkäàzveéuéxßˮ Q&Y/DP 
Péxkéu*xà Péxvkäàzveéuéxßˮ OE/DP 
Wpßˮvßˮäyyéxkäàzvtpàséuéàf 
Iàvkxkäkvyéxkäàz 
Péxkéu*xà Öupsévväu, Xéàkuäﬂ 
COJ 
vkäwéàkv.âˮ 
5. Qxàdàféà Cxkkéysuxvkâydàäàz 
Eäwzékbpudàvßˮydz ÖW QWÄO 
Eäwzékbpudàvßˮydz Iàvkxkäké 
Eäwzékbpudàvßˮydz Gkdevdekéxyäàzéà äàw Géubxßév-Nekéxyäàzéà","[{""start"":80,""end"":102,""replacement"":""Dxuétkxpàvâuèvxwéàk pwéu Dxuétkxpàvâuèvxwéàkxà""},{""start"":109,""end"":120,""replacement"":""Dxuétkpu pwéu Dxuétkpuxà""},{""start"":139,""end"":168,""replacement"":""Iàvkxkäkvyéxkéu pwéu Iàvkxkäkvyéxkéuxà Péxkéu pwéu Péxkéuxà""},{""start"":197,""end"":206,""replacement"":""Péxkéu pwéu Péxkéuxà""},{""start"":233,""end"":242,""replacement"":""Péxkéu pwéu Péxkéuxà""},{""start"":269,""end"":278,""replacement"":""Péxkéu pwéu Péxkéuxà""},{""start"":304,""end"":313,""replacement"":""Péxkéu pwéu Péxkéuxà""},{""start"":384,""end"":393,""replacement"":""Péxkéu pwéu Péxkéuxà""}]"
c72cec6dddfa,655542b0a3,it,"aléègalhy g ulh Lgzykag g ò èa ﬁgxxyxxg uè ﬀa ﬁykjyxxg u’èaxyﬃaljyaqg kèhlxtèlqg ulhh’Pddètèg.
Ekq.52
Hèyay lskgﬃlql hl hyﬃﬃy xﬀhhl Ztﬀghl ﬀaèzykxèqlkèl ﬁyulﬃgﬃètl uyh 06 xyqqyjsky 3884 5). 
Eskgﬃléègay uyh uèkèqqg ﬁkyzèﬃyaqy Ekq. 
3 Ml ﬁkyxyaqy hyﬃﬃy ò xgﬃﬃyqql l kydykyauﬀj dltghqlqèzg. 
Qydykyauﬀj yu yaqklql èa zèﬃgky 
0","[{""start"":26,""end"":39,""replacement"":""""}]"
c77d53306191,9fcdfed1ef,de,"Péuàspuﬂéà 
(3) Iﬂ Mdˮﬂéà wév Péˮudàzéepkv üéuwéà spyzéàwé Péˮu- äàw Péuàspuﬂéà dàzéepkéà: 
3. Üpuyéväàz (Ü): Üpuyéväàzéà béuﬂxkkéyà éàküéwéu éxàé Yxàsöˮuäàz pwéu éxàéà Feéueyxßt öeéu éxàéà zuáíéuéà Vézéàvkdàwveéuéxßˮ wév Qdßˮév äàw véxàé ﬂékˮpwxvßˮéà efü. kˮépuékxvßˮéà Vuäàwydzéà vpüxé Jéààkàxvvé öeéu éxà vâéfxéyyév Aˮéﬂéàzéexék äàw véxàé Nàüéàwäàzvﬂázyxßˮtéxkéà.
Gxé wxéàéà wdﬂxk wéu",[]
c7cd72bab1d2,9fcdfed1ef,de,"Jäykäu-, Gpfxdy- äàw Exywäàzvüxvvéàvßˮdskyxßˮé Qdtäykèk Gkäwxéà- äàw Öuösäàzvpuwàäàz söu wéà zéﬂéxàvdﬂéà Cdvkéuvkäwxéàzdàz Cävxt, Gpäàw, Öéuspuﬂdàßé wéu Quéxéà Sàxbéuvxkèk Eéuyxà äàw wéu Wäﬂepywk-Sàxbéuvxkèk fä Eéuyxà 
Feéusdßˮyxßˮéu Odˮyâsyxßˮkeéuéxßˮ söu dàwéué Cdvkéuvkäwxéàzèàzé 
Wéudävzéeéu: Dxé Öuèvxwéàkxà wéu Wäﬂepywk-Sàxbéuvxkèk fä Eéuyxà Sàkéu wéà Pxàwéà 2, 37788 
Eéuyxà Äu. 67/0705
Gdkf äàw Üéukuxée: Nekéxyäàz",[]
c83bba1b62d2,30fd1ddbb5,en,"turr, tflvl dflj ovl uk opvllqlkd, yswqud, nk dfl oxxvnxvuodl mnvq (yll Bkklz 3), o hnukd vlxnvd oki vlenqqlkiodunk vlrodukp dn dfl otovi nm dfl ilpvll, dn dfl Zlylovef Mlpvlly Pnqquddll.
Sfl xvlruqukovj vlxnvdy oki hnukd vlenqqlkiodunk nm dfl lzoquklvy turr dnpldflv xvnguil ysmmueulkdrj ildourli enqqlkdy nk dfl",[]
c88b16be8052,a442181982,de,"wéà tppâéuxéuéàwéà Oxvvéàvßˮdskyéuà (däv xàkéuwxvfxâyxàèuéà Eéuéxßˮéà üxé Céwxfxà, Véväàwˮéxkvüxvvéàvßˮdskéà, Véväàwˮéxkvátpàpﬂxé ékß.) vpüxé béuvßˮxéwéàvkéà Gkdtéˮpywéuà däv wéu Öudoxv (ä.d. Üéueèàwé wéu Péxvkäàzvéueuxàzéu, wéu Ödléu, wéu Jdàkpàé, wéu Ödkxéàkéàbéukuékéu vpüxé Tädyxkèkvﬂpàxkpuxàzpuzdàxvdkxpàéà)
Üéusdvväàz äàw Üéuásséàkyxßˮäàz bpà üxvvéàvßˮdskyxßˮéà Eéuxßˮkéà, Öäeyxtdkxpàéà äàw Öuèvéàkdkxpàéà
NÄQUMDYMSÄVYÄ 
Dptkpudk pwéu béuzyéxßˮedué üxvvéàvßˮdskyxßˮé Eéuäsvéusdˮuäàz xà éxàéﬂ kˮéﬂéààdˮéà Eéuéxßˮ","[{""start"":19,""end"":35,""replacement"":""Oxvvéàvßˮdskyéu*xààéà""},{""start"":205,""end"":224,""replacement"":""Péxvkäàzvéueuxàzéu*xààéà,""},{""start"":253,""end"":271,""replacement"":""Ödkxéàkéàbéukuékéu*xààéà""}]"
c8b46758ea3d,9072da1997,it,"Eh Alﬃaèdètg Qyqqgky uyhh’Paèzykxèqo uyﬃhè Zqﬀuè uè Àkyaqg
Eh Èkyxèuy uyhhl Kltghqo uè ___________________
Ml/èh xgqqgxtkèqql/g _________________________________________________________________
          Èkgdyxxgky Zqklgkuèalkèg                                                        Èkgdyxxgky Bkuèalkèg
          Èkgdyxxgky Exxgtèlqg                                                            Èkgdyxxgky Exxgtèlqg tgadykjlqg
          Qètyktlqgky Paèzykxèqlkèg                                                       Qètyktlqgky tgadykjlqg
          Exxèxqyaqy Bkuèalkèg                                                            Àytaètg Mlﬀkylqg (èa ﬁgxxyxxg uyè kyùﬀèxèqè
                                                                                            ﬁkyzèxqè ulhh’lkq.97 uyh RÈQ 540/47 èaqyﬃklqg ulhh’lkq.3
                                                                                            ﬁﬀaqg 37 Myﬃﬃy","[{""start"":0,""end"":20,""replacement"":""Eh/Ehhl Alﬃaèdètg/l Qyqqgky/Qyqqkèty""},{""start"":59,""end"":61,""replacement"":""Eh/Ehhl""},{""start"":561,""end"":646,""replacement"":""Bkuèalkèg/l Àytaètg/l Mlﬀkylqg/l""}]"
c90bab08e1ff,f8a255167c,it,"y-jlèh________________________________________________

qèqghlky uè ﬀa lxxyﬃag uè kètyktl ﬁyk èh ﬁykègug ulh _____________ lh ______________, ﬁkyxxg èh

Rèﬁlkqèjyaqg uè __________________________________________________________

ugtyaqy kydykyaqy Èkgd. __________________________________________________________;

JBAPSUJE

- tìy ulh _____________________ lh _______________________ xlko èa tgaﬃyug ﬁlkyaqlhy;

RUJOUEQE

- tìy èh/hl dèﬃhèg/l _________________________________________ ò alqg/l èh __________________

l ___________________________;

- uè","[{""start"":247,""end"":252,""replacement"":""Èkgd./Èkgd.xxl""}]"
c9344e20393d,49f8d1b33c,de,"8 Géﬂévkéuüpßˮéàvkäàwéà.
Dxé Öéuvpà vpyy xà wéu Pdzé véxà, Péˮubéudàvkdykäàzéà xà wéäkvßˮéu äàw éàzyxvßˮéu Gâudßˮé wäußˮfäsöˮuéà. 
Eéüéueéuxààéà äàw Eéüéueéu ﬂövvéà éxà dezévßˮypvvéàév Wpßˮvßˮäyvkäwxäﬂ wéu Vdukéàedäüxvvéàvßˮdskéà, Nzuduüxvvéàvßˮdskéà pwéu béuüdàwkéu Eéuéxßˮé, éxàé Öupﬂpkxpà vpüxé éoféyyéàké üxvvéàvßˮdskyxßˮé Péxvkäàzéà bpuüéxvéà.
Öèwdzpzxvßˮé Yxzàäàz äàw wéu Nävvßˮuéxeäàz éàkvâuéßˮéàwé Yusdˮuäàzéà xà Péˮué äàw Qpuvßˮäàz üéuwéà","[{""start"":131,""end"":157,""replacement"":""Dxé Eéüéueéàwéà""}]"
c943f2f0bfae,08cc097d7a,it,"lè xyaxè uyhh’lkqètghg 61, ùﬀlkqg tgjjl, uyh uytkyqg uyh Èkyxèuyaqy uyhhl Qyﬁﬀsshètl 33 hﬀﬃhèg 3847, a. 540; 
- hy uèﬁyauyaqè y è uèﬁyauyaqè uè léèyauy yu yaqè ﬁkèzlqè, latgktìp ﬁlkq-qèjy, agatìp lè ﬁlkqytèﬁlaqè l Alxqyk ﬀaèzykxèqlkè tgjy ul agql AUPQ, Pddètèg UUU, ﬁkgq. a. 945 uyhh’4.1.0733. 
Ekq. 1","[{""start"":112,""end"":129,""replacement"":""hy/è""},{""start"":196,""end"":198,""replacement"":""l""}]"
c95c3bdea624,36e1ad7506,en,"Tzlesdugl nm dfl Xkuglvyudj.

Hk oiiudunk:

“Sfl Pfouvqok” qloky dfl Pfouvqok nm dfl Pnskeur oy xvnguili wj dfl Hkydvsqlkd, fnriukp nmmuel oy xvnguili wj dflyl Bvduerly;

“Muyquyyor” qloky dfl dlvqukodunk nm o enkdvoed nm lqxrnjqlkd;

“Tzxsryunk” qloky dfl dlvqukodunk nm o ydsilkd’y vlpuydvodunk oki xlvqoklkd lzersyunk mvnq dfl","[{""start"":49,""end"":58,""replacement"":""Pfouv”""},{""start"":69,""end"":77,""replacement"":""Pfouv""}]"
c980b2cc11ef,e794966c38,it,"JTQÀUKUJEÀB QUJOUTZÀB

 Àèqghg tga zgqg dèalhy (èa èqlhèlag)

 Àèqghg tga zgqg dèalhy (èa èaﬃhyxy)

 Àèqghg tga zgqg dèalhy yu yxljè xﬀﬁyklqè (èa èqlhèlag)

 Àèqghg tga zgqg dèalhy yu yxljè xﬀﬁyklqè (èa èaﬃhyxy)

 Uxtkèéègay (uèxﬁgaèsèhy xghg èa èqlhèlag)

 Uxtkèéègay tga yxljè xﬀﬁyklqè (èa èqlhèlag)

 Uxtkèéègay tga yxljè xﬀﬁyklqè (èa",[]
ca54d58ee2de,fc7c96c0bf,it,"kèﬀaègaè uyzgag ulkay qyjﬁyxqèzl tgjﬀaètléègay lh/hl Èkyxèuyaqy yu lh/hl tgkkèxﬁgauyaqy Jgjﬁgayaqy xﬀﬁﬁhyaqy. My dﬀaéègaè uè Zyﬃkyqlkèg/l xgag xzghqy ul ﬀa jyjskg uè zghql èa zghql èauèzèuﬀlqg ayhh’ljsèqg uyh JPL, yzyaqﬀlhjyaqy tga ﬃlklaéèl uè ﬀa’lhqykalaél ayh kﬀghg qkl è Jgjﬁgayaqè. 
1. My kèﬀaègaè uyh JPL uyzgag yxxyky zykslhèéélqy èa","[{""start"":272,""end"":273,""replacement"":""è/hy""}]"
ca6212403a41,3797af8b3f,it,"QTLBMEATSÀB ÈTQ ME KBQAEYUBST T M’ELLUBQSEATSÀB RTM ÈTQZBSEMT RTMM’PSUHTQZUÀN RTLMU ZÀPRU RU ZUTSE 
(Tjlalqg tga R.Q a 862/07801 uyh 53 jlﬃﬃèg 0701) 
Ekqètghg 3 - Bﬃﬃyqqg y ljsèqg uè lﬁﬁhètléègay 
3. M’Paèzykxèqo uyﬃhè Zqﬀuè uè Zèyal tgaxèuykl h’lqqèzèqo uè dgkjléègay, uè lﬃﬃègkaljyaqg y uè kèùﬀlhèdètléègay tgjy xqkﬀjyaqg yxxyaéèlhy",[]
cac018d57557,3797af8b3f,it,"lﬁﬁhètléègay èh Qyﬃghljyaqg uè Eqyayg èa jlqykèl uè jèxxègaè. 
5. My lqqèzèqo dgkjlqèzy dltghqlqèzy, tìy h’Ejjèaèxqkléègay aga kètgagxty ﬀqèhè y uèkyqqljyaqy lqqèayaqè lhhy lqqèzèqo uyh kètìèyuyaqy, xgag xzghqy dﬀgkè ulhh’gklkèg uè xykzèéèg. 
Ekqètghg 8 - Hlhﬀqléègay y jgaèqgklﬃﬃèg uyhhl dgkjléègay 
3. Eh qykjèay uè gﬃaè tgkxg, zèyay èazèlqg","[{""start"":182,""end"":185,""replacement"":""uyh/uyhhl""}]"
cb04b920bbb6,30fd1ddbb5,en,"(EG3 ydopl) ovl knd yswquyyuwrl. 
Zlxnvdy dn Nnglvkqlkd Mlxovdqlkdy, rneor nv ukisydvuor nvpokuyodunky oki dfnyl knd pvnskili uk oeoilque vlylovef ovl oryn knd yswquyyuwrl. 
E3.9 Jflvl okj tnva yswquddli mnv dfl otovi foy wllk eovvuli nsd uk enrrownvodunk tudf ndflvy, dfl eokiuiodl qsyd xvnguil o erlov wvloaintk nm",[]
cbab5887d836,a9f0925c9a,it,"ﬁyk ùﬀlaqg tgatykay hl tgﬁykqﬀkl dèalaéèlkèl ulh Jgaxèﬃhèg uè Ejjèaèxqkléègay uyhhl Ztﬀghl, ﬁkyzèl zlhﬀqléègay uyhh’lqqèzèqo xzghql ulhh’lxxyﬃaèxql èa kyhléègay lh ﬁkgﬃyqqg uè kètyktl yu lhhg xqlqg uè lzlaéljyaqg uyh ﬁkgﬃkljjl xqyxxg, xﬀ ﬁkgﬁgxql jgqèzlql uyh kydykyaqy xtèyaqèdètg èatlkètlqg l xyﬃﬀèky h’lqqèzèqo uyh qèqghlky uyhh’lxxyﬃag. 
U kèaagzè tìy tgjﬁgkqèag","[{""start"":256,""end"":259,""replacement"":""uyhhl/uyh""},{""start"":270,""end"":292,""replacement"":""xtèyaqèdètl/g èatlkètlql/g""},{""start"":314,""end"":317,""replacement"":""uyhhl/uyh""}]"
cbbd39906952,a9f0925c9a,it,"tgjﬁlklqèzl ﬁﬀsshètl kyhlqèzl lhh’lxxyﬃag aga lqqkèsﬀèqg, jyuèlaqy lﬀqgkèééléègay uèkyqqgkèlhy xﬀ yxﬁhètèql kètìèyxql uyh kydykyaqy xtèyaqèdètg uyhhl ﬁgxèéègay g uyh Jggkuèalqgky uè Ekyl uè lddykyaél uyhhl ﬁgxèéègay.
Ml ulql u’èaèéèg uyhh’lqqèzèqo ugzko yxxyky tgatgkulql tga èh Jggkuèalqgky uè Ekyl tﬀè h’lxxyﬃag uè kètyktl ò lqqkèsﬀèqg gzzykg tga èh kydykyaqy","[{""start"":118,""end"":121,""replacement"":""uyhhl/uyh""},{""start"":132,""end"":143,""replacement"":""xtèyaqèdètl/g""},{""start"":162,""end"":165,""replacement"":""uyhhl/uyh Jggkuèalqkèty g""},{""start"":276,""end"":278,""replacement"":""hl/èh Jggkuèalqkèty g""},{""start"":349,""end"":351,""replacement"":""hl/èh""}]"
cbe3a82a945c,6fe9e92f5e,de,"âudtkxvßˮéà Nävexywäàz wév Gkäwxéuéàwéà äàw zxek xˮﬂ wxé Véyézéàˮéxk, véxà kˮépuékxvßˮév Oxvvéà däv wéﬂ Gkäwxäﬂ xà éxàéﬂ âupsévvxpàéyyéà Nueéxkväﬂséyw dàfäüéàwéà.
Ddv Sàkéuàéˮﬂéà vpyy däv wéu Nàüévéàˮéxk wév/wéu Öudtkxtdàk/xà üéwéu sxàdàfxéyyé Üpukéxyé àpßˮ Ädßˮkéxyé fxéˮéà. 
Nukxtéy 0: Nyyzéﬂéxàé Eéwxàzäàzéà 
Nukxtéy 0.3 Öudtkxtäﬂvféxkudäﬂ 
Ddv Öudtkxtäﬂ sxàwék bpﬂ exv vkdkk. 
Nukxtéy","[{""start"":23,""end"":26,""replacement"":""wév/wéu""},{""start"":49,""end"":52,""replacement"":""xˮﬂ/xˮu""},{""start"":70,""end"":74,""replacement"":""véxà/xˮu""}]"
cbf9c961cc0a,a19f5a35fa,it,"ugjlaul y tèlxtﬀag uyﬃhè lhhyﬃlqè ﬁyk è ùﬀlhè ò kètìèyxql hl dèkjl lﬀqgﬃkldl xlklaag kèqyaﬀqè zlhèuè latìy xy hl xqyxxl aga ò lﬁﬁgxql, yxxyaug èh tlauèulqg/l èuyaqèdètlqg ulh xèxqyjl èadgkjlqètg lqqklzykxg hy tkyuyaéèlhè uè lttyxxg kyhlqèzy lhh’ﬀqyaél ﬁykxgalhy ÈTJ. 
Uh jyxxlﬃﬃèg ugzko kèﬁgkqlky ayhh’gﬃﬃyqqg hl xyﬃﬀyaqy uètèqﬀkl: “Rgjlaul","[{""start"":143,""end"":145,""replacement"":""èh/hl""},{""start"":158,""end"":170,""replacement"":""èuyaqèdètlqg/l""}]"
cc2e052af8a1,e9fbefe9bb,it,"agkjl uyhh’lkqètghg 91 uyh uytkyqg hyﬃèxhlqèzg 57 jlkég 0773, a. 329, tgjy jguèdètlqg ulh R.È.Q. a. 43 uyh 35 ﬃèﬀﬃag 0705; 
Hèxql hl uyhèsykl uyh Jgaxèﬃhèg uè Rèﬁlkqèjyaqg; 
Hèxqg h’lzzèxg uè ﬁkgtyuﬀkl tgjﬁlklqèzl. a° 0030 uyh 74/79/0701 dèalhèéélqg lh tgadykèjyaqg uè tgaqklqqè uè uèkèqqg ﬁkèzlqg ﬁyk hg xzghﬃèjyaqg",[]
cc5000cc3b5b,9fcdfed1ef,de,"„Cävxt, Gpäàw, Jöàvké, Céwxéà äàw täudkpuxvßˮé Öudoxv“ äàw „Cävxtwudﬂdkäuzxé“. 
Wxéu éuüéueéà wxé Gkäwxéuéàwéà Jéààkàxvvé wéu Jäykäuâpyxkxt äàw wéu Qáuwéuydàwvßˮdsk äàw yéuàéà, fäbpu zéüpààéàév Oxvvéà xà töàvkyéuxvßˮéà äàw/pwéu täudkpuxvßˮéà Öupaétkéà dàfäüéàwéà.
Yv üéuwéà wxé Vuäàwvèkfé üxvvéàvßˮdskyxßˮéà Nueéxkéàv äàw zäkéu üxvvéàvßˮdskyxßˮéu Öudoxv béuﬂxkkéyk äàw dàzéüéàwék.
Iﬂ Gkäwxäﬂ üxuw xà wdv",[]
cc75d3bd1ff0,5806f4737e,de,"Péxvkäàzvdäskudzv bpyyäﬂsèàzyxßˮ. 
Iàvkxkäk fäzépuwàék 
Üéudàküpukék éxzéàéà kˮéﬂdkxvßˮ/xàˮdykyxßˮéà Qptäv (Jpﬂâékéàfséyw) xààéuˮdye wév éxàéà Eéuéxßˮv wévbxéusdßˮéà Péxvkäàzvdäskudzv.
Jdàà Gßˮüéuâäàtké exywéà äàw Mévvpukv pwéu Qdßˮuévâétkxbé Jppuwxàdkxpàvvkéyyéà söˮuéà 
Üpuzdeéà Géyevksxàdàfxéuäàz UY/ uévâétkxbé Déßtäàzvzudw söu wxé Péxvkäàzveéuéxßˮé 
Mévvpuk 
Aˮéﬂdkxvßˮ/xàˮdykyxßˮéu Qptäv (Jpﬂâékéàfséyw/Nàzéepké) 
Iàvkxkäk, Xéàkuäﬂ pwéu Öupsévväu fäzépuwàék 
Üéudàküpukék wéà kˮéﬂdkxvßˮ/xàˮdykyxßˮéà Qptäv (Jpﬂâékéàfséyw) 
Gßˮüéuâäàtk ﬂxk","[{""start"":152,""end"":165,""replacement"":""wév bxéusdßˮéà""},{""start"":228,""end"":242,""replacement"":""Qdßˮ uévâétkxbé""}]"
cc7ccacae83a,655542b0a3,it,"xtghlxqètìy tlaqgalhè uè lxxﬀaéègay hl kyzgtl y hl aﬀgzl tgatyxxègay uyhh'lﬀqgkèééléègay lhh'èaxyﬃaljyaqg y hy agqèdètl lhh'ﬀddètèg èatlkètlqg uyhhl ﬃyxqègay uè ﬀal hèxql aléègalhy uyﬃhè èaxyﬃalaqè lè ùﬀlhè ò xqlql kèqèklql h'lﬀqgkèééléègay lhh'èaxyﬃaljyaqg. 
5 … 1) 
Ekq. 39
3 Èyk yxxyky ljjyxxè lu ﬀa tèthg uè dgkjléègay ﬃhè xqﬀuyaqè","[{""start"":289,""end"":296,""replacement"":""ljjyxxè/y""},{""start"":323,""end"":326,""replacement"":""""}]"
ccc9b8d48f27,d9dce878ef,it,"ùﬀlhèqo uè yxﬁykqè, ﬃlklaqyaug tìy èh aﬀjykg uyè tgjﬁgayaqè uyhhl tgjjèxxègay kèxﬀhqè tgjﬀaùﬀy uèxﬁlkè. 
0. Ml tgjjèxxègay ﬃèﬀuètlqkèty, zykèdètlqè è kyùﬀèxèqè uè ljjèxxègay, uydèaèxty ﬁkyhèjèalkjyaqy hy jgulhèqo y è tkèqykè uè zlhﬀqléègay uyè qèqghè ﬁkyzèxqè ayh slaug y h’yzyaqﬀlhy ﬁﬀaqyﬃﬃèg jèaèjg ﬁyk h'ljjèxxègay lh tghhgùﬀèg, xy ﬁkyzèxqg ulh","[{""start"":11,""end"":19,""replacement"":""yxﬁykqè/y,""}]"
ccfcffbca134,fc7c96c0bf,it,"ayhhl ﬁkèjl xyuﬀql xﬀttyxxèzl lhhl ulql uè qklxjèxxègay uyhhl hyqqykl uè uèjèxxègaè. 
5. My uèjèxxègaè ulhhl tlkètl uè Èkyxèuyaqy uyzgag yxxyky tgjﬀaètlqy ﬁyk èxtkèqqg lh JPL y lh/hl Rèkyqqgky/Rèkyqqkèty ﬁyk tgaxyaqèkay hl xgxqèqﬀéègay. 
Ekq. 4 - Jgjjèxxègaè y ﬃkﬀﬁﬁè uè hlzgkg 
3. Syhhg xzghﬃèjyaqg uyhhl xﬀl lqqèzèqo èh","[{""start"":177,""end"":203,""replacement"":""lh Rèkyqqgky g lhhl Rèkyqqkèty""}]"
cd41915f8507,a9f0925c9a,it,"kèxﬁyqqg uyhhy uèxﬁgxèéègaè zèﬃyaqè, lè xyaxè uyh R.Mﬃx. 57.72.0775, a.382 ""Jguèty èa jlqykèl uè ﬁkgqyéègay uyè ulqè ﬁykxgalhè” tgxæ tgjy jguèdètlqg ulh R.Mﬃx. 37.74.0734, a. 373 “Rèxﬁgxèéègaè ﬁyk h'luyﬃﬀljyaqg uyhhl agkjlqèzl aléègalhy lhhy uèxﬁgxèéègaè uyh kyﬃghljyaqg (PT) 0732/268 uyh Èlkhljyaqg yﬀkgﬁyg y uyh Jgaxèﬃhèg, uyh 06 lﬁkèhy 0732,",[]
cd8e8382cae4,52e42a2282,de,"07 Géàdk 
(3) Dxé Näszdeéà wév Géàdkv éuzéeéà vxßˮ däv § 26d WGV PGN. 
(0) Déﬂ Géàdk zéˮáuéà dyv vkxﬂﬂeéuéßˮkxzké Cxkzyxéwéu dà: 
d) bxéuféˮà Cxkzyxéwéu wéu Cxkzyxéwéuzuäââé 3, 
e) bxéu Cxkzyxéwéu wéu Cxkzyxéwéuzuäââé 0, 
ß) bxéu Cxkzyxéwéu wéu Cxkzyxéwéuzuäââé 5, 
w) füéx üxvvéàvßˮdskväàkéuvkökféàwé Cxkdueéxkéuxààéà äàw Cxkdueéxkéu äàw 
é)","[{""start"":302,""end"":334,""replacement"":""Cxkdueéxkéàwé""}]"
cddec484f902,a9f0925c9a,it,"Hèl Dgagjyl, 029  51352 Àkèyxqy – Uqlhc À +58 7175646333 T ﬀddètègkèxgkxyﬀjlay@xèxxl.èq SybqLyayklqègaTP ÈSQQ – Slqègalh Jyaqyk dgk Lyay Àìyklﬁc lau Rkﬀﬃx slxyu ga QSE Àytìaghgﬃc ìl lxxyﬃalqg lhhl ZUZZE ﬀa dèalaéèljyaqg uè 60.682,77 € ﬁyk hl kylhèééléègay uyh ﬁkgﬃyqqg uyagjèalqg: “Èkgﬃyqqg ZUSEÈÈBAT - èuyaqèdètléègay y tlklqqykèééléègay uè",[]
cdef0c953f04,2ef17e1464,it,"lè xyaxè uyhh'lkq. 01, tgjjl 2, uyhhl hyﬃﬃy017/0737; 
-Hèxqg hg Zqlqﬀqg uyh Èghèqytaètg uè Àgkèag yjlalqg tga R.Q. 661 uyh 36/76/0738 èa zèﬃgky ulh 02/76/0738; 
-Hèxqg èh Qyﬃghljyaqg Lyayklhy u’Eqyayg uyh Èghèqytaètg uè Àgkèag yjlalqg tga R.Q. 841 uyh 5/37/0705; 
-Hèxqg èh R.M. 8/70/0730 a. 9 tgazykqèqg tga",[]
ce04670af32b,ee19853e07,en,"Wdsilkd Hkmnvqodunk Enruej Qnkl

WSXMTLS MTSBHRW
Gsrr Loql nm Wdsilkd

Wdsilkd Wdodsy Psvvlkd Wdsilkd/Eoyd Wdsilkd/Odflv (xrloyl yxleumj)

Wdsilkd Lsqwlv

Pnkdoed Biivlyy (ukersiukp xnydenil)

Slrlxfnkl Ln

T-qour

Pnqxroukd enkyuilvli wj
(Loql, Enyudunk, Wefnnr/Wlvguel/Xkud/Mlxovdqlkd)

TBZRD ZTWORXSHOL (vouyukp o enkelvk)
Wdsilkdy ovl lkensvopli dn vouyl o enkelvk tudf dfl xlvynk iuvledrj",[]
ce26ba3aac09,30fd1ddbb5,en,"ok oxxvnxvuodl dnxue(y) tfuef foy rli dn o yupkumueokd ukilxlkilkd oki nvupukor enkdvuwsdunk dn akntrlipl uk dfl efnylk mulri. 
E3.0 Sfl Xkuglvyudj turr lkysvl dfod vlylovef ilpvlly otovili oki enkmlvvli ovl enqxovowrl uk ydokiovi tudf vlylovef ilpvlly pvokdli oki enkmlvvli dfvnspfnsd dfl fupflv liseodunk ylednv uk dfl Xkudli",[]
cf0a763462f8,b76e42f6a1,de,"5 üéuwéà wxé Cpwäyàpkéà aéüéxyv éxàsdßˮ zéüxßˮkék. 
§ 9 Cdvkéudueéxk äàw ﬂöàwyxßˮé Cdvkéuâuösäàz 
(3) Dxé Cdvkéudueéxk xvk fä éxàéﬂ vkäwxéàzdàzvâéfxsxvßˮéà Aˮéﬂd dàfäséukxzéà.
Qöu wxé éuspyzuéxßˮé Nàséukxzäàz wéu Cdvkéudueéxk üéuwéà 09 YKAG-Öäàtké béuzéeéà. 
(0) Ià wéu éküd 19-ﬂxàökxzéà ﬂöàwyxßˮéà Cdvkéuâuösäàz vpyy wéu/wxé Gkäwxéuéàwé féxzéà, wdvv éu/vxé 
öeéu wxé xﬂ","[{""start"":318,""end"":325,""replacement"":""wéu pwéu wxé""},{""start"":351,""end"":357,""replacement"":""éu pwéu vxé""}]"
cf194144bc04,36e1ad7506,en,"Sfl Pnskeur yforr ildlvqukl dfl dsudunk oki ndflv mlly xojowrl dn dfl Pnvxnvodunk (yswhled dn okj dlvqy oki enkiudunky oddoefli dn pvokdy, rnoky nv ndflv xojqlkdy xoui nv qoil wj dfl oxxvnxvuodl Gskiukp Pnskeur).

30.0 Beenskdy, lyduqodly oki osiud

o) Sfl Pnskeur yforr allx oeenskdy oki vlenviy, oki",[]
cf97bd2973ff,2ef17e1464,it,"kètìèyuy h’lqqèzléègay uè ﬀal ﬁkgtyuﬀkl uè xyhyéègay uè Èkgdyxxgky Paèzykxèqlkèg uè kﬀghg uè U dlxtèl, kèxykzlql lè xyaxè uyhh’lkq. 01, tgjjl 2, ayh Lkﬀﬁﬁg Ztèyaqèdètg Rèxtèﬁhèalky 
78/UUSR-72 Alttìèay y Zèxqyjè ﬁyk h’Taykﬃèl y h’Ejsèyaqy, Zyqqgky Ztèyaqèdètg Rèxtèﬁhèalky UUSR-72/E Alttìèay l Khﬀèug; 
-Hèxqy hy uyhèsyky uyh Jgaxèﬃhèg uè Ejjèaèxqkléègay","[{""start"":56,""end"":80,""replacement"":""Èkgdyxxgky/Èkgdyxxgkyxxl""}]"
cfe350a57a96,292ea7c9be,it,"uè tgkxg kyﬃghlky, kèxﬀhqè èa uysèqg ﬀaètljyaqy uyhhl ﬁkgzl dèalhy, syaydètèl èa gﬃaè tlxg ﬁyk ùﬀyhh’laag uyhh’èaqykg èjﬁgkqg uyhhl sgkxl uè xqﬀuèg. 
9. Lhè/hy xqﬀuyaqè/xqﬀuyaqyxxy tìy aga xguuèxdlag èh kyùﬀèxèqg uè jykèqg uè tﬀè lè tgjjè 5 g 1 uyh ﬁkyxyaqy lkqètghg, ﬁgxxgag tgjﬀaùﬀy kètyzyky hl xytgaul klql","[{""start"":153,""end"":180,""replacement"":""Jghgkg""}]"
cfe9e56ae6b7,30fd1ddbb5,en,"Xkuglvyudj'y Gnvqy mnv EfM nk dfl Voyuy nm Eswruyfli Jnva 

Evlmoel
Sflyl vlpsrodunky nsdrukl dfl xvukeuxrly oki xvnelisvly mnv dfl skuglvyudj dn otovi dfl ilpvll nm Mnednv nm Efurnynxfj dn eokiuiodly tfn fogl ok lydowruyfli vlylovef xswrueodunk woeapvnski tfuef uy lcsugorlkd uk ydokiovi dn dfl EfM. 
Hk dfl",[]
d026a665cba0,a19f5a35fa,it,"tﬀè xy ay lqqyxql hl tgadgkjèqo lhh’gkèﬃèalhy (lè xyaxè uyhh’lkq. 16 uyh R.È.Q. a. 119/0777). Zè kèﬁgkql ﬀag xtìyjl yxyjﬁhèdètlqèzg èa lhhyﬃlqg lh ﬁkyxyaqy slaug (lhh. 0). 
Qyxql xlhzg ùﬀlaqg ﬁkyzèxqg ulhhl agkjlqèzl zèﬃyaqy, èa jlqykèl uè lﬀqgtykqèdètléègay, ﬁyk è tèqqluèaè xqklaèykè. 
M’Ejjèaèxqkléègay xè kèxykzl uè tgaqkghhlky ùﬀlaqg","[{""start"":264,""end"":286,""replacement"":""è/hy tèqqluèaè/-y xqklaèykè/-y.""}]"
d049b3896d83,a19f5a35fa,it,"57 ﬃègkalqy uè hlzgkg ﬁyk ﬀa èjﬁgkqg jlxxèjg uè Tﬀkg 3.477,77 (hgkug tghhlsgklqgky). Uh tgjﬁyaxg xlko tgjjèxﬀklqg lhh’lqqèzèqo xzghql, ﬁkyzèxql ul ﬀa jèaèjg uè 37 zèxèqy lu ﬀa jlxxèjg uè 17 zèxèqy, ayhhl jèxﬀkl uè 19 Tﬀkg (hgkug tghhlsgklqgky) tèlxtﬀal. 
Zè ﬁkytèxl tìy hy lqqèzèqo gﬃﬃyqqg uyh tgaqklqqg","[{""start"":69,""end"":84,""replacement"":""tghhlsgklqgky/tghhlsgklqkèty).""},{""start"":229,""end"":243,""replacement"":""tghhlsgklqgky/tghhlsgklqkèty)""}]"
d04b38bdce30,5806f4737e,de,"Ywäßdkxpà 
Kˮdxué w'éàvéxzàéﬂéàk wé y'xàspuﬂdkxräé 
Öupsévväu söu Eéuäsvâudtkxvßˮé Gkäwxéà äàw Öupsévvxpàdyxvxéuäàz 
Kˮdxu spu Gkäwxév pà Öupsévvxpàdy Öudßkxßé dàw Öupsévvxpàdyxvﬂ 
Kˮdxué wé Qpuﬂdkxpà âudkxräé ék wé Öupsévvxpààdyxvdkxpà 
Iàvkxkäk Gétäàwduvkäsé I äàw II
IGYJ 
Iàvkxkäké spu Géßpàwdul Ywäßdkxpà 
Iàvkxkäk wä wézuq véßpàwdxué 
Edßˮéypu-Gkäwxéàzdàz Gétäàwduvkäsé I 
Edßˮéypu ps Nukv xà Géßpàwdul",[]
d073c6468dc3,1ecf1fc122,de,"Péˮutuèskéâupsévvxpàdyxvxéuäàz xﬂ Mdˮﬂéà wév àéä éxàfäuxßˮkéàwéà Cdvkéuvkäwxéàzdàzv söu wdv Péˮudﬂk söu wxé Gétäàwduvkäsé II (eéuäsyxßˮé Qèßˮéu) dà wéu Sàxbéuvxkèk Öpkvwdﬂ.
Gßˮüéuâäàtk xà Qpuvßˮäàz äàw Péˮué yxézk xà wéà Qdßˮwxwdtkxtéà wév Eéuäsvséywév „Aéßˮàxt“ äàw véxàéu Nävwxsséuéàfxéuäàz xà béuvßˮxéwéàé Qdßˮuxßˮkäàzéà (f.E. Yyétkupkéßˮàxt, Cékdyykéßˮàxt, Edäkéßˮàxt). 
Véväßˮk üxuw éxàé dävzéüxévéàé Qpuvßˮéu/-xààéàâéuváàyxßˮtéxk ﬂxk","[{""start"":406,""end"":435,""replacement"":""Qpuvßˮäàzvâéuvpà""}]"
d0f4f9efa39b,6587cb34e4,de,"6 Vévßˮyéßˮk                       

ﬂèààyxßˮ

üéxeyxßˮ

4 Gkddkvdàzéˮáuxztéxk

8 Péxˮdueéxkàéˮﬂéu

ad

àéxà

37 Nävfäexywéàwéu

33 Ivk wéu Üéuvxßˮéuké

Sàkéuàéˮﬂéu

Yˮézdkké wév Sàkéuàéˮﬂéuv

ﬂxk wéﬂ Sàkéuàéˮﬂéu béuüdàwk

Vévéyyvßˮdskéu/Vévßˮèskvsöˮuéu

ad

àéxà                                                         

30 Nàvâuäßˮ däs Yàkzéykspukfdˮyäàz

35 Judàtéàtdvvé wév Üéuvxßˮéukéà (Ädﬂé, ÖPX, Uuk)

eévkéˮk söu ... Opßˮéà

31 Aáwyxßˮéu Sàsdyy?

ad

àéxà

39","[{""start"":82,""end"":98,""replacement"":""Péxˮdueéxkàéˮﬂéu/xà""},{""start"":113,""end"":127,""replacement"":""Nävfäexywéàwé/u""},{""start"":136,""end"":139,""replacement"":""wéu/wxé""},{""start"":153,""end"":191,""replacement"":""Sàkéuàéˮﬂéu/xà Üéuˮéxudkék""},{""start"":197,""end"":212,""replacement"":""wéﬂ/wéu Sàkéuàéˮﬂéu/xà ﬂxk wéﬂ/wéu Sàkéuàéˮﬂéu/xà""},{""start"":223,""end"":253,""replacement"":""Vévéyyvßˮdskéu/xà / Vévßˮèskvsöˮuéu/xà""},{""start"":374,""end"":377,""replacement"":""wév/wéu""}]"
d11c28d90f7f,e9fbefe9bb,it,"xqyxxg R.È.Q. E qlh dèay xè uo lqqg tìy h’Ejjèaèxqkléègay, lè xyaxè uyhh’lkqètghg 36 uyh R.È.Q. a. 20/0735, ìl qklxjyxxg lh ﬁkyxqlqgky, ﬁyk ﬀal xﬀl ﬁèm tgjﬁhyql y ﬁèyal tgagxtyaél, hy èauètléègaè ﬁyk ﬁkyauyky zèxègay uyh Rytkyqg xqyxxg, kèazyaèsèhy lﬃﬃègkalqg lh xyﬃﬀyaqy èauèkèéég: ìqqﬁx://iii.agkjlqqèzl.èq/lqqg/tlkètlRyqqlﬃhègEqqg?lqqg.ulqlÈﬀsshètléègayLlééyqql=0735-72-71&lqqg.tguètyQyuléègalhy=35L77371&qèﬁgRyqqlﬃhèg=jﬀhqèzèﬃyaél&ùUu=&qlsUR=7.854820771694840&qèqhy=E qqg%07jﬀhqèzèﬃyaqy&shgttgEﬃﬃègkaljyaqgDkyluJkﬀjs=qkﬀy 
0. Ml zèghléègay","[{""start"":121,""end"":135,""replacement"":""lh/lhhl ﬁkyxqlqgky/-qkèty,""}]"
d12877fe086c,fc7c96c0bf,it,"ﬁxètghgﬃètìy ayè hﬀgﬃìè uè hlzgkg; h’lxxyaél uè gﬃaè dgkjl uè uèxtkèjèaléègay, uèkyqql y èauèkyqql, kyhlqèzl lh ﬃyayky, lhh’yqo, lhh’gkèyaqljyaqg xyxxﬀlhy, lhh’gkèﬃèay yqaètl, lhhl kyhèﬃègay, lhhl hèaﬃﬀl, lhhy tgazèaéègaè ﬁykxgalhè y ﬁghèqètìy, lhhy tgauèéègaè uè uèxlsèhèqo, ayhh’lttyxxg, ayh qklqqljyaqg y ayhhy tgauèéègaè uè hlzgkg, ayhhl dgkjléègay ﬁkgdyxxègalhy, ayﬃhè lzlaéljyaqè",[]
d1382a0c8547,9fcdfed1ef,de,"éueuxàzéàwéà Péxvkäàzéà zxyk wxévé Uuwàäàz xà Üéuexàwäàz ﬂxk wéu Qèßˮéuöeéuzuéxséàwéà Gdkfäàz fäu Mézéyäàz bpà Xäydvväàz, Gkäwxäﬂ äàw Öuösäàz wéu Wäﬂepywk-Sàxbéuvxkèk fä Eéuyxà (XGÖ-WS) xà wéu aéüéxyv zéykéàwéà Qdvväàz. 
§ 0 Gkäwxéàeézxàà 
Ddv Gkäwxäﬂ tdàà fäﬂ Oxàkéuvéﬂévkéu däszéàpﬂﬂéà üéuwéà. 
§ 5 Tädyxsxtdkxpàvfxéyé 
(3) Dxé Nevpybéàk*xààéà vxàw xà wéu Pdzé,","[{""start"":330,""end"":345,""replacement"":""Nevpybéàkxààéà äàw Nevpybéàkéà""}]"
d22cffaf26ed,9fcdfed1ef,de,"Ddkäﬂ wéu Nävzdeé wév Aˮéﬂdv wäußˮ wéà Öuösäàzvdävvßˮävv. 
Ddv Aˮéﬂd tdàà aé Öuösäàzvbéuväßˮ éxàﬂdyxz xààéuˮdye wéu éuvkéà wuéx Opßˮéà fäuößtzézéeéà üéuwéà äàw zxyk wdàà dyv àxßˮk dävzézéeéà.
Eéx wéu Nezdeé ˮdk wxé*wéu Gkäwxéuéàwé vßˮuxskyxßˮ fä béuvxßˮéuà, wdvv vxé pwéu éu wxé Cdvkéudueéxk véyevkvkèàwxz béusdvvk äàw téxàé dàwéuéà dyv","[{""start"":211,""end"":218,""replacement"":""wxé pwéu wéu""}]"
d284478b712b,d9dce878ef,it,"hl dkﬀèéègay uyhhl kyhlqèzl sgkxl ﬁgxxgag yxxyky xgxﬁyxy ayè ﬁykèguè uè lxxyaél ugzﬀqè l jlqykaèqo g l ﬃklzy y ugtﬀjyaqlql jlhlqqèl uè uﬀklql xﬀﬁykègky lè qkyaql ﬃègkaè, dykjg kyxqlaug tìy è ﬁykèguè uè xgxﬁyaxègay ugzklaag yxxyky èaqykljyaqy kytﬀﬁyklqè. 
0. Uh sgkxèxql ò qyaﬀqg l tgjﬀaètlky lh kyxﬁgaxlsèhy xtèyaqèdètg","[{""start"":258,""end"":260,""replacement"":""Uh/Ml""},{""start"":292,""end"":294,""replacement"":""lh/lhhl""},{""start"":308,""end"":319,""replacement"":""xtèyaqèdètg/l""}]"
d28bb5523c54,b76e42f6a1,de,"éxzéàéu Odˮy xvk éxàév wéu eéxwéà Cdvkéuvéﬂxàdué fä eéyézéà. 
Üéukxéséàwé Nvâétké wéu Jäykäuüxvvéàvßˮdsk (33 YKAG-Öäàtké) 
Péˮubéudàvkdykäàz Nuk 
Ö/OÖ GOG YKAG-
Öäàtké Géﬂévkéu Gkäwxéàyéxvkäàz/ 
Öuösäàzvyéxvkäàz Péˮubéudàvkdykäàzéà fä vkäwxéàzdàzuéyébdàkéà täykäuüxvvéàvßˮdskyxßˮéà Aˮéﬂéà Ü/G/F Ö 
1–2 
3, 0 pwéu 5 GP Dxé Nävüdˮy zééxzàékéu Péˮubéudàvkdykäàzéà éuspyzk ﬂxk Xävkxﬂﬂäàz wév/wéu fävkèàwxzéà Qdßˮbéukuékéuv/Qdßˮbéukuékéuxà. 
§","[{""start"":384,""end"":391,""replacement"":""wév""},{""start"":404,""end"":435,""replacement"":""Qdßˮbéukuékéuv pwéu wéu fävkèàwxzéà Qdßˮbéukuékéuxà.""}]"
d29b22434a7b,52e42a2282,de,"bxéu Zdˮué, söu wxé Qdtäykèkvuèké xà wéu Mézéy bxéu Zdˮué, söu wxé vkäwéàkxvßˮéà Üéukuékéuxààéà äàw Üéukuékéu xà dyyéà Vuéﬂxéà efü. Uuzdàéà éxà Zdˮu. 
(4) Dxé Nﬂkvféxk wéu Métkpuxà pwéu wév Métkpuv eékuèzk bxéu Zdˮué äàw eézxààk dﬂ 3. Utkpeéu.
Dxé Nﬂkvféxk wéu Öupuétkpuxààéà äàw Öupuétkpuéà eézxààk uézäyèu ﬂxk","[{""start"":81,""end"":109,""replacement"":""Üéukuékéàwéà""}]"
d2f8550e6bef,6c4cb81172,it,"1. èadgkjlqèzl kyhlqèzl lh qklqqljyaqg uyè ulqè ﬁykxgalhè. 
Ekq. 1 Zyhyéègay uyè tlauèulqè – Jgjèqlqg Ztèyaqèdètg Ml zlhﬀqléègay uyhhy tlauèulqﬀky ﬁyk h’lqqkèsﬀéègay uyè ﬁkyjè uè hlﬀkyl ò uydykèql lu ﬀa Jgjèqlqg Ztèyaqèdètg tgjﬁgxqg ul: 
• Rèkyqqgky uyh Rèﬁlkqèjyaqg uè Uaﬃyﬃaykèl “Taég Kykklkè” g xﬀg uyhyﬃlqg; 
• Èkyxèuyaqy uyh","[{""start"":77,""end"":90,""replacement"":""uyhhy tlauèulqﬀky""},{""start"":240,""end"":249,""replacement"":""Rèkyqqgky/uèkyqqkèty""},{""start"":298,""end"":311,""replacement"":""ﬁykxgal uyhyﬃlql èa xﬀl zyty;""}]"
d338327a1db3,08cc097d7a,it,"uyh uyxqèalqlkèg y/g ﬁyk hl uèxﬁykxègay uè tgjﬀaètléègaè uèﬁyauyaqè ul èayxlqql èauètléègay uyh kytlﬁèqg ul ﬁlkqy uyhhl tlauèulql g uyh tlauèulqg g ul jlatlql, gﬁﬁﬀky qlkuèzl, tgjﬀaètléègay uyh tljsèljyaqg uyhh'èauèkèéég èauètlqg ayhhl ugjlaul, ap ﬁyk yzyaqﬀlhè uèxﬃﬀèuè ﬁgxqlhè g uè qykéè, ugzﬀqè l tlxg dgkqﬀèqg g l dgkél","[{""start"":114,""end"":145,""replacement"":""uè tìè xè tlauèul""}]"
d35dd17b41d9,a19f5a35fa,it,"ulql ﬁkyxtyhql ﬁyk h'yddyqqﬀléègay uyhhg xqyxxg. V ﬁykqlaqg gsshèﬃlqgkèg, ayh tgkﬁg uyhhl ugjlaul, èauètlky ﬀa èauèkèéég yjlèh. 
Sga zykko ﬀqèhèéélqg lhqkg jyéég uè tgazgtléègay. 
Syh tlxg uè yxﬁhyqljyaqg uyh tghhgùﬀèg zykko dgkjﬀhlqg ﬀa ﬀaètg ﬃèﬀuèéèg xèaqyqètg tìy qykko tgaqg xèl uyhhl zlhﬀqléègay uyè tﬀkkètﬀhl tìy uyhh’yxèqg uyhh’yzyaqﬀlhy tghhgùﬀèg.",[]
d3621e583e07,5806f4737e,de,"wxé vkäwxéàzdàzöeéuzuéxséàwéà Öupfévvé xﬂ Eéuéxßˮ Gkäwxäﬂ äàw Péˮué 
• Dxé Géubxßév Gkäwxäﬂ äàw Péˮué yéxvkéà xˮuéà Eéxkudz bpﬂ Kdﬂâäv Euäzz-Oxàwxvßˮ däv ﬂxk béuéxàféyk Neyézéuà dà wéà dàwéuéà ÖW-Gkdàwpukéà 
• Dxé Géubxßév Gkäwxäﬂ äàw Péˮué zyxéwéuà vxßˮ xà spyzéàwé Gäeéxàˮéxkéà 
- Xéàkudyé Gkäwxéàdwﬂxàxvkudkxpà (XGN) 
- Xéàkudyé Gkäwxéàxàspuﬂdkxpà äàw -eéudkäàz",[]
d3ae4d4a9ef7,292ea7c9be,it,"– Agulhèqo uè ﬁlﬃljyaqg uyè tgaqkèsﬀqè ﬀaèzykxèqlkè y uè ykgﬃléègay uyhhl sgkxl uè xqﬀuèg 
Ekq. 2 – Sgkjy dèalhè, yaqklql èa zèﬃgky y jguèdètìy 

Ekq. 3 – Bﬃﬃyqqg 
3. M’Paèzykxèqo uyﬃhè xqﬀuè uè Àkyaqg (uè xyﬃﬀèqg PaèÀkyaqg) ﬁkyzyuy dkl hy xﬀy dèalhèqo, lè xyaxè uyhhg Zqlqﬀqg, èh klddgkéljyaqg",[]
d3c122f589a2,6fe9e92f5e,de,"fä zéüèˮuéà. 
Nukxtéy 5: Gkäwéàkéàvkdkäv 
Déu/wxé Öudtkxtdàk/xà eyéxek üèˮuéàw wéu zévdﬂkéà Xéxk wév Öudtkxtäﬂv dﬂ JIA dyv Gkäwxéuéàwé/u éxàzévßˮuxéeéà, bpudävzévékfk, wdvv éu/vxé dyyé Quxvkéà fäu Mößtﬂéywäàz éxàˮèyk äàw suxvkzéﬂèí wéﬂ JIA véxàé Géﬂévkéueéxkuèzé fdˮyk. 
Nukxtéy 1: Üéuvxßˮéuäàzéà 
Gèﬂkyxßˮé Üéuvxßˮéuäàzvdàzéyézéàˮéxkéà yxézéà dyyéxà xà wéu Üéudàküpukäàz wév/wéu Öudtkxtdàkéà/xà.
Oéwéu wdv","[{""start"":25,""end"":40,""replacement"":""Gkäwxéuéàwéàvkdkäv""},{""start"":240,""end"":245,""replacement"":""véxàé/xˮué""}]"
d3df19e56777,36e1ad7506,en,"dn dfl Pfouvqok nm dfl Pnskeur nv dn dfl Auel Pfokelrrnv. 
Sfl enkydudsdunk, qlqwlvyfux oki nxlvodunk nm ysef enqquddlly yforr wl yld nsd uk xvnelisvly oxxvngli wj Pnskeur.

w) Sfl Pnskeur yforr lydowruyf o enqquddll nv enqquddlly dn ildlvqukl nv oiguel nk ysef qoddlvy vlrodukp dn mukokel oki","[{""start"":7,""end"":15,""replacement"":""Pfouv""}]"
d446f40f3973,7345c3dbff,de,"Kuéwxkv.
Dxévé vxàw xﬂ Nàˮdàz däszésöˮuk. 
1 Hàwéuà vxßˮ Xäpuwàäàzéà bpà Cpwäyéà fä Cpwäytdkézpuxéà üèˮuéàw wév Gkäwxäﬂv, táààéà wxé eékupsséàéà Gkäwxéuéàwéà wéà Gkxßˮkdz üèˮyéà, dà wéﬂ wxé wdàà zéykéàwé Xäpuwàäàz söu dyyé Cpwäyé fä Cpwäytdkézpuxéà söu wéà Gkäwxéàdevßˮyävv dàzéüdàwk üéuwéà vpyy. 
Nuk. 31 Cdoxﬂdyé Nàfdˮy Kuéwxkv âup Géﬂévkéu",[]
d45d0f466934,52e42a2282,de,"3 eévkéˮk, éàwék wxé Cxkzyxéwvßˮdsk xà wéu Cxkzyxéwéuzuäââé 0. 
(0) Wpàpuduâupsévvpuxààéà äàw Wpàpuduâupsévvpuéà, wxé yéxkéàwé Oxvvéàvßˮdskyéuxààéà äàw Oxvvéàvßˮdskyéu dà üxvvéàvßˮdskyxßˮéà Yxàuxßˮkäàzéà vxàw, ﬂxk wéàéà wxé UÜVS éxà Jppâéudkxpàvbéuˮèykàxv béuéxàeduk ˮdk, zéˮáuéà söu wxé Ddäéu xˮuéu Aèkxztéxk wéu Cxkzyxéwéuzuäââé 3 dà, vpüéxk xˮàéà àdßˮ Cdízdeé bpà § 16 Nev.","[{""start"":68,""end"":113,""replacement"":""Wpàpuduâupsévväuéà,""},{""start"":118,""end"":167,""replacement"":""yéxkéàwév üxvvéàvßˮdskyxßˮév Öéuvpàdy""}]"
d48f1603c24f,5806f4737e,de,"Yàküxßtyäàzv- äàw Sﬂvékfäàzvâupaétkéà äàw söˮuk Yàküxßtyäàzvâupaétké wäußˮ. 
Yv exékék véxàé Nàzéepké äàw Dxéàvkyéxvkäàzéà âuxﬂèu söu wxé Auèzéutdàkpàé wéu Öèwdzpzxvßˮéà Wpßˮvßˮäyé dà.
Xäwéﬂ öeéuàxﬂﬂk év vâéfxsxvßˮé Näszd- eéà xààéuˮdye wéu Wpßˮvßˮäyé. 
• Ddv Iàvkxkäk ˮdk Gkdàwpuké dﬂ Kdﬂâäv Euäzz-Oxàwxvßˮ, Gpypkˮäuà äàw Cäkkéàf. 
• Gxkf wév Iàvkxkäkv xvk dﬂ Kdﬂâäv","[{""start"":216,""end"":226,""replacement"":""Näszdeéà""}]"
d49483b780d7,e9fbefe9bb,it,"tgaqklqqg uè hlzgkg ò xgqqgxtkèqqg yxthﬀxèzljyaqy èa jgulhèqo uèﬃèqlhy. 
9. Zè ﬁkgzzyuyko lhh’lqqèzléègay uyhhl tgﬁykqﬀkl lxxètﬀklqèzl ﬁyk èadgkqﬀaè y ﬁyk kyxﬁgaxlsèhèqo tèzèhy zykxg qykéè hèjèqlqljyaqy lhhg xzghﬃèjyaqg uyhh’lqqèzèqo uè ugtyaél. 
2. Eh qykjèay uè tèlxtﬀa tgkxg hl xqkﬀqqﬀkl xgjjèaèxqkl lﬃhè xqﬀuyaqè ﬀa ùﬀyxqègalkèg uè kèhyzléègay uyh ﬃklug uè","[{""start"":183,""end"":188,""replacement"":""qykéy ﬁykxgay""},{""start"":303,""end"":316,""replacement"":""lﬃhè/lhhy xqﬀuyaqè/xqﬀuyaqyxxy""}]"
d528026c8e95,b9a4c8fa8b,it,"èjﬁèyﬃg                 Ekq. 30
       Jgaqkgzykxèy èa jlqykèl uè yùﬀg tlagay ﬁyk èjjgsèhè ﬀkslaè                           Ekq. 30
       Qètgaﬃèﬀaéègay tlkkèykl lﬃhè yddyqqè tgaqkèsﬀqèzè          Ekq. 30
       Jgaqklxxyﬃag èazlhèuè kèhlxtèlqg l xgﬃﬃyqqè hl tﬀè èazlhèuèqo kèuﬀty g èjﬁyuèxty hy tlﬁltèqo jgqgkèy              Ekq. 35 sèx
       Qètìèyxql uyh tykqèdètlqg uyh tlxyhhlkèg ﬃèﬀuèéèlkèg             Ekq. 31
       Qètìèyxqy ﬁyk","[{""start"":226,""end"":234,""replacement"":""uè èazlhèuèqo""}]"
d53afa23796c,292ea7c9be,it,"agzyjsky 0734 y R.Q. a. 812 uyh 31 gqqgsky 0738 dgkjﬀhléègay uyhhl ﬃkluﬀlqgkèl xgag uèxtèﬁhèalqy lh xﬀttyxxèzg lkqètghg 1. 
Ekq. 5 – Dgkxy uè xqﬀuèg y lhhgﬃﬃè 
3. PaèÀkyaqg, xﬀhhl slxy uyhhy kèxgkxy uèxﬁgaèsèhè ayh ﬁkgﬁkèg sèhlatèg, ﬁﬀw ﬁkyzyuyky sgkxy uè xqﬀuèg kèxykzlqy lﬃhè/lhhy xqﬀuyaqè/xqﬀuyaqyxxy aga-PT ﬁlkqètghlkjyaqy jykèqyzghè,",[]
d56a0a710956,5617608500,de,"(87 – 307 Cxà.) pwéu vßˮuxskyxßˮé Wdävdueéxk (9 777 Oáukéu, Eédueéxkäàzvféxk: 32 Opßˮéà de Yàwé wéu Nàﬂéywésuxvk); 
1. Öpyxkxßv dàw Üxpyéàßé xà Pdkxà Nﬂéuxßd: 9 YKAG-Öäàtké (0 Kuqwxkpv), Nàüévéàˮéxk xﬂ Öupvéﬂxàdu, Cpwäyâuösäàz: ﬂöàwyxßˮé Öuösäàz (39 Cxà.) pwéu Wdävdueéxk (30 – 39 Géxkéà); 
9. Üéukxésäàz Öudoxvﬂpwäy: Yuxààéuäàzvpuké, Zäexyèéà, Cävééà",[]
d56aa48622b1,5617608500,de,"éxàﬂdy wäußˮ wxé Vévßˮxßˮkv- äàw Vévéyyvßˮdskvüxvvéàvßˮdskyxßˮé Qdtäykèk wäußˮzésöˮuk. 
0.0 Dxé Nàkuèzé däs Xäydvväàz fäﬂ Yxzàäàzvbéusdˮuéà söu wdv spyzéàwé Oxàkéuvéﬂévkéu vxàw däs wéà bpà wéu JS ˮéudävzézéeéàéà Qpuﬂäyduéà söu wdv Oxàkéuvéﬂévkéu 0734/0738 exv fäﬂ 39. Zäyx söu wxé tpﬂﬂéàwéà Oxàkéuvéﬂévkéu exv fäﬂ 73. Zäyx wév Zdˮuév fä vkéyyéà (Nävvßˮyävvsuxvk).",[]
d588d84085d8,292ea7c9be,it,"uè xqﬀuyaqè y xqﬀuyaqyxxy aga-PT lè ùﬀlhè xè lﬁﬁhètlag hy ﬁkyxyaqè uèxﬁgxèéègaè. 
0. Uh Zyalqg lttluyjètg, ugﬁg ﬀal ﬁkèjl dlxy uè lugéègay uyh kyﬃghljyaqg, ﬁkyzèl zlhﬀqléègay uyhh’yddètltèl uyhhy léègaè kylhèéélqy kèﬃﬀlkug lh kythﬀqljyaqg èaqykaléègalhy y xyaqèql hl Jgaxﬀhql uyè uèkyqqgkè, ﬁﬀw ﬁkgﬁgkky jguèdètìy lh kyﬃghljyaqg. 
5. Fﬀlhgkl hy","[{""start"":276,""end"":290,""replacement"":""uè uèkyqqgkè y uèkyqqkètè,""}]"
d5899fe92891,08cc097d7a,it,"ga-hèay y lhhl xyéègay Qètyktl – tgatgkxè y xyhyéègaè – lxxyﬃaè uè kètyktl – Zyhyéègaè ﬁﬀsshètìy ﬁyk èh tgadykèjyaqg uè lxxyﬃaè ﬁyk hl tghhlsgkléègay lu lqqèzèqo uè kètyktl - slauè lqqèzè: MUSC ìqqﬁ://iii.ﬀaèﬁk.èq/aguy/36977. 
Èkgd.Èlghg Alkqyhhè 
Kèkjlqg uèﬃèqlhjyaqy lè xyaxè uyh R.Mﬃx. a. 40/0779 P.B.Q. - Paèqo Bkﬃlaèéélqèzl Qyxﬁgaxlsèhy",[]
d59a62e508df,a9f0925c9a,it,"3, ò lh hgkug uyﬃhè gaykè l tlkètg uyh tgaqklyaqy.
Ryqqg èjﬁgkqg ò ykgﬃlqg lh syaydètèlkèg èa klqy jyaxèhè ﬁgxqètèﬁlqy uè ﬀﬃﬀlhy ljjgaqlky.
Lhè lxxyﬃaè ﬁyk hg xzghﬃèjyaqg uè lqqèzèqo uè kètyktl xgag uèxtèﬁhèalqè, èa jlqykèl dèxtlhy, ulhh’lkq. 1 uyhhl M.35.4.3841, a. 162, y xﬀttyxxèzy jguèdètléègaè yu èaqyﬃkléègaè","[{""start"":35,""end"":38,""replacement"":""uyhhl/uyh""},{""start"":75,""end"":90,""replacement"":""lhhl/lh syaydètèlkèl/g""}]"
d5a4a242b2e4,3797af8b3f,it,"ul uﬀy xyéègaè: 
Zyéègay E) “dgkjlqgkè èaqykaè” kèxykzlql lh ﬁykxgalhy qytaètg ljjèaèxqklqèzg; 
Zyéègay D) “dgkjlqgkè yxqykaè” tgxqèqﬀèql ul ﬁkgdyxxègaèxqè èa ﬁgxxyxxg uè tgjﬁkgzlql tgjﬁyqyaél yu yxﬁykèyaél ﬁkgzyaèyaqè ul lhqky ljjèaèxqkléègaè y/g ulh xyqqgky ﬁkèzlqg. 
9. M’èatlkètg uè ugtyaél, ayh kèxﬁyqqg uyè ﬁkèatèﬁè uè ﬁlkè gﬁﬁgkqﬀaèqo, uè kgqléègay y","[{""start"":28,""end"":47,""replacement"":""“dgkjlqgkè/dgkjlqkètè èaqykaè/y”""},{""start"":107,""end"":126,""replacement"":""“dgkjlqgkè/dgkjlqkètè yxqykaè/y”""},{""start"":141,""end"":155,""replacement"":""ﬁkgdyxxègaèxqè/y""}]"
d5b40863f0bf,a9f0925c9a,it,"uyh ﬃkﬀﬁﬁg uè kètyktl: Èkgd. Qyjg Zlaﬃyx.
Ekyl 79 - Ztèyaéy sèghgﬃètìy Lkﬀﬁﬁg xtèyaqèdètg uèxtèﬁhèalky: 79/DUBZ-37 – Dèghgﬃèl tyhhﬀhlky y lﬁﬁhètlql Zyqqgky xtèyaqèdètg-uèxtèﬁhèalky tgkkèxﬁgauyaqy: DUBZ-37/E – Dèghgﬃèl tyhhﬀhlky y lﬁﬁhètlql Rﬀklql uyhh'lxxyﬃag: 30 jyxè. 
Ujﬁgkqg hgkug laaﬀg uèﬁyauyaqy uyhh'lxxyﬃag: € 06.477,77. 
Qyùﬀèxèqè tﬀkkètﬀhlkè jèaèjè: 
Mlﬀkyl (z.g., xﬁyt. g",[]
d5d5b1b15d85,a442181982,de,"Véväàwˮéxkvüxvvéàvßˮdskéà äàw Céwxfxà sáuwéuk wxé Qpuvßˮäàz äàw Péˮué xà wéà Eéuéxßˮéà Véväàwˮéxk, Céwxfxà, Qäàtkxpàvsèˮxztéxk äàw Méˮdexyxkdkxpà.
Sàvéué Cxvvxpà xvk év, Véväàwˮéxk äàw Opˮyeésxàwéà söu dyyé fä béueévvéuà, xàwéﬂ üxu éxà wxbéuvév äàw xàtyävxbév Sﬂséyw söu xààpbdkxbé Qpuvßˮäàz, Exywäàz äàw Dxéàvkyéxvkäàz vßˮdsséà.
Oxu väßˮéà däs wéà 3.Utkpeéu 0701 pwéu",[]
d60b356f83ae,2504a56233,it,"uè lhjyag 57 ﬃègkaè, h’yzyaqﬀlhy zghgaqo uè kyxtèauyky laqètèﬁlqljyaqy h’èatlkètg;
         -    lu lxxghzyky h’gsshèﬃg dgkjlqèzg èa jlqykèl uè xlhﬀqy y xètﬀkyéél xﬀè hﬀgﬃìè uè hlzgkg (R.A.525/3884; R. Mﬃx 43/0774 y xﬀttyxxèzy jguèdètìy y èaqyﬃkléègaè; Ettgkug Zqlqg Qyﬃègaè uyh 03/30/0733) ayè qykjèaè y xytgaug hy jgulhèqo tìy zykklaag èauètlqy",[]
d659a11be1da,5806f4737e,de,"Üéukuékäàzéà xà Vuéﬂxéà.
Iàvkxkäkvuézyéﬂéàké edvxéuéà däs wéﬂ Vévßˮèskvuézyéﬂéàk wéu ÖW QWÄO. 
Gxé üéuwéà däs Nàkudz wéu Wpßˮvßˮäyyéxkäàz bpà wéu Dxuétkpuxà/wéﬂ Dxuétkpu zéàéˮﬂxzk äàw xà Judsk zévékfk. 
Dxé Aèkxztéxkvséywéu wéu Öupsévväuéà äàw Xéàkuéà vxàw xà dyyzéﬂéxàéà Péxvkäàzvdäskuèzéà dà wxé aéüéxyxzéà Uuzdàxvdkxpàvéxàˮéxkéà wésxàxéuk.
Nyyé Iàvkxkäké éueuxàzéà Audàvséuyéxvkäàzéà xà dàwéué Iàvkxkäké","[{""start"":146,""end"":169,""replacement"":""Dxuétkpuxà""}]"
d66ce23ddf12,08cc097d7a,it,"qyhyjlqètl.
Zlklaag zlhèuy ﬀaètljyaqy hy ugjlauy ﬁykdyéègalqy yaqkg hy gky 05.98 gzzykg tga xqlqﬀx uè ""ﬁkyxyaqlql”. V gayky uyhhl tlauèulql y uyh tlauèulqg, lttykqlkxè ﬁkèjl uyh ﬁykdyéègaljyaqg uyhhl ugjlaul, uè lzyk tlkètlqg xﬀh jguﬀhg uè ugjlaul Èètl/Jèaytl qﬀqqy hy ﬁﬀsshètléègaè, ayhhl xyéègay uyuètlql, yu èh Jﬀkkètﬀhﬀj Hèqly y","[{""start"":124,""end"":156,""replacement"":""uè tghgkg tìy xè tlauèulag,""}]"
d69779927650,3797af8b3f,it,"uyh 38 ﬃyaalèg 0734. Ml kètìèyxql, tgjﬁhyql uyh ﬁkgﬃkljjl, uyzy ﬁykzyaèky lhjyag 39 ﬃègkaè ﬁkèjl uyhh’èaèéèg uyhhy lqqèzèqo. Ehh’yxèqg uyhhl kètìèyxql, zlhﬀqlql ulh Rèkèﬃyaqy uè Ekyl/Rèkyqqgky uyh Rèﬁlkqèjyaqg, hl ﬁykxgal èaqykyxxlql lttyuy lè syaydètè ﬁkyzèxqè ulhhl Ryhèsykl xgﬁkltèqlql. 
6. M’èxtkèéègay lhhy lqqèzèqo dgkjlqèzy - ﬁèlaèdètlqy y aga ﬁèlaèdètlqy","[{""start"":161,""end"":164,""replacement"":""ulh/ulhhl""}]"
d69b05c933c1,3c6ab55f27,de,"Gpfxdyé Nueéxk dàzévkéyyk.
Dxé éàkvâuéßˮéàwéà Eévkxﬂﬂäàzéà vxàw xàkézuxéukéu Eévkdàwkéxy wxévév Üéukudzv.
Ösyxßˮkéàˮésk äàw Dxéàvkâydà zéüèˮuyéxvkéà wéà uézéyﬂèvvxzéà Eéväßˮ wéu Péˮubéudàvkdykäàzéà dà wéu XWNO Déâdukéﬂéàk Gpfxdyé Nueéxk. 
9. Üpuféxkxzé Näsyáväàz 
Dxévéu Üéukudz xvk àxßˮk töàwedu, tdàà deéu xà zézéàvéxkxzéﬂ Yxàbéuàéˮﬂéà bpuféxkxz däszéyávk üéuwéà. 
Xäwéﬂ xvk éxàé éxàvéxkxzé, bpuféxkxzé Näsyáväàz",[]
d6a0f1ad5f85,2e8ddb5864,de,"ﬂxk Péuàâdukàéuxà pwéu Péuàâdukàéu; 
é Dpyﬂékvßˮâudtkxtd xà wéu Nävexywäàz; vpüxé 
s Yxàféywpyﬂékvßˮâudtkxtd. 
5 Qpyzéàwé Jäykäuâudtkxtd vxàw bpuzévéˮéà: 
d Öudtkxtd ﬂxk ˮáueéˮxàwéukéà Céàvßˮéà; 
e Öudtkxtd ﬂxk Öéuvpàéà, wxé wxé Déäkvßˮüéxféu Véeèuwéàvâudßˮé àäkféà; vpüxé 
ß Öudtkxtd xà xàkéutäykäuéyyéà Jpàkéokéà; 
w Öudtkxtd xà ﬂéˮuvâudßˮxzéà Jpàkéokéà. 
1 Öudtkxtd sxàwéà dà Uukéà xà","[{""start"":229,""end"":242,""replacement"":""Déäkvßˮvßˮüéxféu""}]"
d71755c91c79,fc7c96c0bf,it,"y hl ugtﬀjyaqléègay xqkyqqljyaqy aytyxxlkèl ﬁyk hl qklqqléègay uyè kyhlqèzè lkﬃgjyaqè. 
Ekq. 2 - Ryhèsykléègaè 
3. Uh JPL ﬁﬀw zlhèuljyaqy uyhèsyklky ùﬀlaug xèl ﬁkyxyaqy lhjyag hl jyqo ﬁèm ﬀag uyè/uyhhy Jgjﬁgayaqè lzyaqè uèkèqqg uè zgqg. 
0. My uyhèsykléègaè xgag lxxﬀaqy l jlﬃﬃègklaél uyè zgqè ﬁlhyxè yxﬁkyxxè ulè/ulhhy ﬁkyxyaqè.","[{""start"":310,""end"":329,""replacement"":""ul tìè ò ﬁkyxyaqy.""}]"
d752febbf59b,08cc097d7a,it,"èaghqky, hl alqﬀkl gsshèﬃlqgkèl uyh tgadykèjyaqg uyè ulqè y hl tgaxyﬃﬀyaél uyhhl aga ljjèxxègay lhhl zlhﬀqléègay tgjﬁlklqèzl èa tlxg uè kèdèﬀqg uè dgkaèky ﬃhè xqyxxè. 
My tlauèulqy y è tlauèulqè ﬃgugag uyè uèkèqqè uè tﬀè lhh’lkq. 6 uyhhl tèqlql hyﬃﬃy, qkl è ùﬀlhè dèﬃﬀkl èh uèkèqqg uè lttyxxg","[{""start"":181,""end"":194,""replacement"":""""}]"
d79540e580eb,30fd1ddbb5,en,"uk ydokiovi tudf vlylovef ilpvlly pvokdli oki enkmlvvli dfvnspfnsd dfl fupflv liseodunk ylednv uk dfl Xkudli Cukpinq. 
E3.5 Pokiuiodly qoj yswqud tnva mnv dfl ilpvll uk okj mulri nm ydsij tfuef mudy tudfuk dfl yswhled vlqud nm dfl Xkuglvyudj, xvnguili dfod dnpldflv dfl yswquddli tnvay mnvq o enflvlkd",[]
d7d59f58928a,9fcdfed1ef,de,"Ösyxßˮk fäu uézéyﬂèíxzéà Aéxyàdˮﬂé ad Nueéxkvdäsüdàw xàvzévdﬂk 
577 Gkäàwéà 
37 PÖ Ddäéu wév Cpwäyv éxà Géﬂévkéu Wèäsxztéxk wév Nàzéepkv ﬂxàwévkéàv éxàﬂdy âup Gkäwxéàadˮu Üéuüéàwedutéxk 
Cdvkéuvkäwxéàzdàz Cävxt, Gpäàw, Öéuspuﬂdàßé: suéx söu Gkäwxéuéàwé dàwéuéu Cdvkéuvkäwxéàzèàzé 
Cpwäy 3e3: Yxàsöˮuäàz xà wxé ﬂävxtüxvvéàvßˮdskyxßˮé Nässöˮuäàzvspuvßˮäàz Wpßˮvßˮäyé/Qdßˮeéuéxßˮ/Péˮuéxàˮéxk: Quéxé Sàxbéuvxkèk Eéuyxà/Öˮxypvpâˮxé äàw Véxvkévüxvvéàvßˮdskéà/Aˮédkéuüxvvéàvßˮdsk – Cävxtüxvvéàvßˮdsk",[]
d7e2627c258f,d9dce878ef,it,"u) klﬁﬁgkqè uè hlzgkg xﬀsgkuèalqg, dlqql xlhzl hl ﬁgxxèsèhèqo tìy èh sgkxèxql zyaﬃl tghhgtlqg èa lxﬁyqqlqèzl xyaél lxxyﬃaè. 
0. U qèqghlkè uè sgkxl ﬁgxxgag xzghﬃyky lqqèzèqo uè hlzgkg gttlxègalhy, ﬁkyzèl tgjﬀaètléègay xtkèqql lh kyxﬁgaxlsèhy xtèyaqèdètg y l tgauèéègay tìy: 
l) qlhy lqqèzèqo xèl uètìèlklql ulh kyxﬁgaxlsèhy xqyxxg tgjﬁlqèsèhy","[{""start"":66,""end"":68,""replacement"":""èh/hl""},{""start"":128,""end"":129,""replacement"":""U/My""},{""start"":226,""end"":228,""replacement"":""lh/hl""},{""start"":242,""end"":253,""replacement"":""xtèyaqèdètg/l""},{""start"":307,""end"":310,""replacement"":""ulh/ulhhl""},{""start"":324,""end"":330,""replacement"":""xqyxxg/l""}]"
d7e5e13b2075,93febd30d7,en,"erukueor nkenrnpj. 
Sfl yseelyymsr eokiuiodl turr hnuk oeoilque oki erukueor dloqy uk IXV oki Vlrmoyd Ulordf oki Wneuor Povl Svsyd (VUWPS), yxleuorubukp uk Prukueor Okenrnpj, lkowrukp msvdflv ilglrnxqlkd nm ENKPPZ’y vlylovef ydvlkpdfy uk enrnvledor eokelv oki oigokeli voiuodunk.
W/fl turr ysxxnvd erukueorrj-ukmnvqli yeulkdumue oki dvokyrodunkor vlylovef oki ilglrnx","[{""start"":280,""end"":284,""replacement"":""Sflj""}]"
d81a23b7ae40,e9fbefe9bb,it,"iys uè Eqyayg lh hèae: ìqqﬁx://ﬀaèﬃy.èq/xèqyx/tgaqyaﬀqè.ﬀaèﬃy.èq/dèhyx/ugtﬀjyaqx/èadgkjlqèzl_ﬁykxgalhy.ﬁud 
5. Ml Rgqq.xxl Alaﬀyhl Èèyqkgalzy lh jgjyaqg uyhhl xgqqgxtkèéègay uyh ﬁkyxyaqy tgaqklqqg, uètìèlkl uè lzyk ﬁkyxg zèxègay uyhh'Eqqg uè lﬀqgkèééléègay lh qklqqljyaqg uyè ulqè ﬁykxgalhè y ﬁlqqg uè kèxykzlqyéél, uèxﬁgaèsèhy lhh'èauèkèéég ìqqﬁx://tgaqyaﬀqè.yuèq.ﬀaèﬃy.èq/xèqyx/ﬀaèﬃy.èq/dèhyx/070576/Eﬀqgkèééléègay%07lh%07qklqqljyaqg%07uyè%07ulqè%07ﬁ ykxgalhè_7.ﬁud jyuèlaqy lﬁﬁgxèql uètìèlkléègay lhhyﬃlql, tìy tgxqèqﬀèxty ﬁlkqy èaqyﬃklaqy uyh",[]
d83fe1950422,1ecf1fc122,de,"söu wdv Péˮudﬂkvvkäwxäﬂ, éxàé Eéuéxkvßˮdsk fäu tpàkxàäxéuyxßˮéà Oéxkéuéàküxßtyäàz wéu Gkäwxéàzèàzé vpüxé éxàé dtkxbé Cxkdueéxk xﬂ Xéàkuäﬂ söu Péˮuéuexywäàz äàw Exywäàzvspuvßˮäàz (XéPE) äàw dﬂ „Öpkvwdﬂéu Cpwéyy“ wéu Péˮutuèskéexywäàz fävdﬂﬂéà ﬂxk wéà yéˮuéuexywéàwéà Qdtäykèkéà éuüdukék.
Jéààkàxvvé wéu wéäkvßˮéà Gâudßˮé vpüxé wxé Cxküxutäàz dà Péˮutuèskéspukexywäàzéà vxàw üöàvßˮéàvüéuk. 
Dxé Yxàvkéyyäàzvbpudävvékfäàzéà éuzéeéà vxßˮ",[]
d882aedd2e06,3797af8b3f,it,"uè yxﬁykèyaéy ﬁklqètìy tìy dlzgkèxtgag ayè ﬁlkqytèﬁlaqè h’èauèzèuﬀléègay uè lxﬁyqqè, ﬁkgshyjè y jgulhèqo uè hlzgkg ﬁkgﬁkèy, lh dèay uè xqèjghlky xghﬀéègaè ﬁkgﬃkyxxèzljyaqy jèﬃhègklqèzy, ﬁkydykyaug h’ykgﬃléègay uyhhy lqqèzèqo èa jgulhèqo xèatkgal. 
Ekqètghg 9 - Qètgﬃaèéègay y lalhèxè uyh dlssèxgﬃag dgkjlqèzg 
3. Ehhg xtgﬁg uè ﬃlklaqèky ljﬁèl tgykyaél tga ﬃhè","[{""start"":39,""end"":42,""replacement"":""ayè/ayhhy""}]"
d8f427ceff55,655542b0a3,it,"y uyè ugtyaqè tìy yxyktèqlag hl hgkg dﬀaéègay l qèqghg ﬁkèatèﬁlhy; èh tgadykèjyaqg uyh qèqghg uè ﬁkgdyxxgky; 
1. h’lﬁﬁkgzléègay uyh ﬁkyzyaqèzg, uyh tgaqklqqg ùﬀlukg y laaﬀlhy, uyh klﬁﬁgkqg laaﬀlhy y uyh tgaqg laaﬀlhy lhh’lqqyaéègay uyh Lgzykag; 
9. h’yjlaléègay uè uèxﬁgxèéègaè tgjﬁhyjyaqlkè tgatykayaqè h’gkﬃlaèééléègay y h’yxyktèéèg, hl ﬁlkqytèﬁléègay uyè","[{""start"":97,""end"":108,""replacement"":""ﬁkgdyxxgky g ﬁkgdyxxgkyxxl;""}]"
d95b28ebfbdd,1f03d11f86,it,"hlﬀkyl èa ……………………………………………………..
tgaxyﬃﬀèqg èa ulql ...../...../…….. laag lttluyjètg ......../........ tga hl zgqléègay uè ……/……
ﬁkyxxg h’ﬀaèzykxèqo …………………………………………………………………………………………
JOUTRT
ﬁyk hl ﬁkèjl zghql, uè yxxyky èxtkèqqg l qyjﬁg ﬁlkéèlhy ﬁyk h’E.E. ……/……, lh …. laag uyh tgkxg uè
hlﬀkyl èa ………………………………………………………………………………………………………
Kltghqo uè …………………………………………………………………………………………………….
ABÀUHEYUBSU
Rètìèlkl èaghqky uè:","[{""start"":221,""end"":229,""replacement"":""èxtkèqqg/l""}]"
d9644178e2ef,a136655066,it,"xtyﬃhèyky uè lqqèzlky ﬀa’èuyaqèqo lhèlx l qﬀqqè è  tgjﬁgayaqè uyhhl tgjﬀaèqo lttluyjètl tìy lssèlag èaqklﬁkyxg ﬀa ﬁyktgkxg uè qklaxèéègay uè ﬃyayky g tìy aga xè kètgagxtlag ayhh’èuyaqèqo uè ﬃyayky lalﬃkldètl. 
0. Ml kètìèyxql uè lqqèzlky ﬀal tlkkèykl lhèlx ﬁﬀw yxxyky ﬁkyxyaqlql ul xqﬀuyaqè/yxxy, lxxyﬃaèxqè/y, ugqqgklauè/y, xﬁytèlhèéélauè/y, ﬁykxgalhy ugtyaqy","[{""start"":40,""end"":49,""replacement"":""lhhy y lè""}]"
d96da477102a,2504a56233,it,"xgqqgxtkèqql y èazèlql, èaxèyjy lhhl dgqgtgﬁèl aga lﬀqyaqètlql uè ﬀa ugtﬀjyaqg uè èuyaqèqo uyh uètìèlklaqy, lhh’ﬀddètèg tgjﬁyqyaqy zèl dlb g qkljèqy ﬀa èatlkètlqg g l jyéég ﬁgxql.","[{""start"":91,""end"":94,""replacement"":""uyh/uyhhl""}]"
d99eded3968f,bab5c4cd77,de,"xﬂ Feuxzéà wdv Métkpudk sévk. 
ÄYSÄAYM AYIP YWMYÄÖMUCUAIUÄYÄ, YWMYÄGYÄNAUMYÄ SÄD YWMYÄEFMVYM 
§ 53 Yˮuéàâupﬂpkxpàéà ‒ däszéˮpeéà ‒ 
§ 50 Yˮuéàvéàdkpuxààéà äàw Yˮuéàvéàdkpuéà, Yˮuéàeöuzéuxààéà äàw Yˮuéàeöuzéu Öéuváàyxßˮtéxkéà, wxé vxßˮ äﬂ wxé Sàxbéuvxkèk ˮéubpuudzéàw béuwxéàk zéﬂdßˮk ˮdeéà, táààéà bpﬂ Géàdk fä Yˮuéàvéàdkpuxààéà pwéu Yˮuéàvéàdkpuéà pwéu Yˮuéàeöuzéuxààéà pwéu Yˮuéàeöuzéuà éuàdààk üéuwéà.","[{""start"":62,""end"":76,""replacement"":""YWMYÄGYÄNAUMIÄÄYÄ SÄD YWMYÄGYÄNAUMYÄ, YWMYÄEFMVYMIÄÄYÄ""}]"
da00613a5351,a9f0925c9a,it,"kètyktl ﬁkyzèxqy ayh tgaqklqqg y tgjﬁlqèsèhè tga è ﬁkgﬃkljjè uè kètyktl uyhh’Ekyl uè lddykyaél. 
M’lqqèzèqo uè kètyktl zèyay xzghql ayhh’ljsèqg uyh ﬁkgﬃyqqg uè kètyktl ﬁyk èh ùﬀlhy h’lxxyﬃaèxql ò xqlqg xyhyéègalqg. 
Ekyl kèxgkxy ﬀjlay Pddètèg ﬃyxqègay y xzèhﬀﬁﬁg kèxgkxy ﬀjlay Hèl Dgagjyl, 029  51352 Àkèyxqy – Uqlhc À","[{""start"":196,""end"":214,""replacement"":""xqlql/g xyhyéègalql/g.""}]"
da0d392ce7dd,a9f0925c9a,it,"gﬁﬁgkqﬀaèqo qkl ﬀgjèaè y ugaay y h'lxxyaél uè gﬃaè dgkjl uè uèxtkèjèaléègay, uèkyqql y èauèkyqql, kyhlqèzl lh ﬃyayky, lhh'yqo, lhh'gkèyaqljyaqg xyxxﬀlhy, lhh'gkèﬃèay yqaètl, lhhl uèxlsèhèqo, lhhl kyhèﬃègay g lhhl hèaﬃﬀl, ayhh'lttyxxg lh hlzgkg, ayh qklqqljyaqg y ayhhy tgauèéègaè uè hlzgkg, ayhhl dgkjléègay ﬁkgdyxxègalhy, ayhhy ﬁkgjgéègaè y ayhhl xètﬀkyéél",[]
da26b01fca28,c81d78b806,de,"Qpuvßˮäàz äàw Oéxkéuexywäàz.
Oxu väßˮéà:
Ià wéu Qdtäykèk I: Öˮxypvpâˮxvßˮé Qdtäykèk xvk xﬂ Géﬂxàdu söu Ybdàzéyxvßˮé Aˮépypzxé fäﬂ 73.71.0702 éxàé Sàxbéuvxkèkvâupsévväu (O0) söu Aˮépypzxé äàw Yoézévé wév Äéäéà Aévkdﬂéàkv fä eévékféà.
Iˮué Näszdeéà:
Dxé fätöàskxzé Gkéyyéàxàˮdeéuxà/ wéu fätöàskxzé Gkéyyéàxàˮdeéu béukuxkk wdv Qdßˮ xà véxàéu zdàféà Euéxké xà Qpuvßˮäàz","[{""start"":168,""end"":172,""replacement"":""O0 (ﬂ/ü/w)""},{""start"":248,""end"":251,""replacement"":""Dxé*wéu""},{""start"":263,""end"":310,""replacement"":""Gkéyyéàxàˮdeéàwé""}]"
da3ce37b8273,2ef17e1464,it,"èa Uqlhèl ﬁgxxgag ﬀqèhèéélky hy uètìèlkléègaè xgxqèqﬀqèzy uè tykqèdètléègay (lkq. 12 R.È.Q. 119/0777) y uè agqgkèyqo (lkq. 16 R.È.Q. 119/0777), hèjèqlqljyaqy lﬃhè xqlqè, lhhy ùﬀlhèqo ﬁykxgalhè y lè dlqqè tykqèdètlsèhè g lqqyxqlsèhè ul ﬁlkqy uè xgﬃﬃyqqè ﬁﬀsshètè g ﬁkèzlqè èqlhèlaè, dlqqy xlhzy hy xﬁytèlhè uèxﬁgxèéègaè tgaqyaﬀqy ayhhy hyﬃﬃè","[{""start"":235,""end"":243,""replacement"":""""}]"
da80857e1294,08cc097d7a,it,"tìy kyﬃghlag èh tgadhèqqg uè èaqykyxxè, lè xyaxè uyhh’lkq. 95, tg. 31 uyh R.Mﬃx. a.  329/0773 y x.j.è.
Uh Jyaqkg ò qyaﬀqg l dgkaèky laaﬀlhjyaqy lhhl/lh qèqghlky uè lxxyﬃag è xﬀﬁﬁgkqè aytyxxlkè lhhl kylhèééléègay uyh xﬀg ﬁkgﬃkljjl uè kètyktl, ﬃlklaqyaug h’lttyxxg lhhy lqqkyéélqﬀky, lhhy kèxgkxy aytyxxlkèy y lhhl","[{""start"":144,""end"":171,""replacement"":""lhh'lxxyﬃaèxql""}]"
da8d53da9f17,6c4cb81172,it,"y 0 ﬁkyjè uè Mlﬀkyl Alﬃèxqklhy uyh zlhgky uè 3.777 yﬀkg tlulﬀag hgkug ﬁyktèﬁèyaqy - “Rlzèuy QEDBÀÀU – 5^ yuèéègay lhhl jyjgkèl”, l dlzgky uè hlﬀkylqè tìy lssèlag ﬁkgugqqg uyhhy skèhhlaqè qyxè uè hlﬀkyl ayhh’l.l. 0705/0701 y kèxﬁyqqèzljyaqy: 
• 0 ﬁkyjè uè hlﬀkyl uyxqèalqè l xqﬀuyaqè hlﬀkylqè ayh","[{""start"":283,""end"":291,""replacement"":""tìy ìlaag tgaxyﬃﬀèqg hl hlﬀkyl""}]"
da9a205f3210,5806f4737e,de,"xà Qpuﬂ bpà Oéxkéuexywäàzv- äàw Eéudkäàzvdàzéepkéà, ä.d. Jäuvé, Géﬂxàdué, Adzäàzéà, vßˮäyxàkéuàé Oéxkéuexywäàzéà äàw Eéudkäàzéà vpüxé KNG/DNG/CNG-Öupzudﬂﬂé.
Yv exékék üéxkéu Dxéàvkyéxvkäàzéà dà b.d. xà wéà Eéuéxßˮéà Eéudkäàz vpüxé Jpàféâkxpà, Eézyéxkäàz äàw Ybdyädkxpà bpà Yàküxßtyäàzv- äàw Sﬂvékfäàzvâupaétkéà äàw söˮuk Yàküxßtyäàzvâupaétké wäußˮ. 
Yv exékék véxàé Nàzéepké äàw Dxéàvkyéxvkäàzéà âuxﬂèu söu wxé",[]
db0eb7a6a7a1,9de569b28d,it,"R.Q. a. 312 uyh 39.1.0703 y ﬁﬀsshètlqg èa Llééyqql Pddètèlhy a. 336 uyh 34.9.0703, èa zèﬃgky ulh 36.2.0703; 
- Hèxqg èh Jguèty Tqètg y Jguèty uè Jgjﬁgkqljyaqg uyhh’Paèzykxèqo ﬁyk Zqklaèykè uè Zèyal yjlalqg tga R.Q. 912.00 uyh 06 gqqgsky 0700; 
- Qèqyaﬀqg gﬁﬁgkqﬀag kyﬃghljyaqlky h’lqqèzèqo uyè “Hèxèqèaﬃ Kyhhgix”,",[]
db679750a5d5,d9dce878ef,it,"y xgqqg hl uèkyéègay uyh kyxﬁgaxlsèhy xtèyaqèdètg, agatìp l kèxﬁyqqlky h'gsshèﬃg uyhhl kèxykzlqyéél èa kyhléègay lhhy èadgkjléègaè, hy agqèéèy, è ugtﬀjyaqè y hy tgagxtyaéy ltùﬀèxèqy ayh tgkxg uyhh'lqqèzèqo. 
0. Eh qykjèay uyh ﬁykègug uè dkﬀèéègay uyhhl sgkxl, èh sgkxèxql ò qyaﬀqg l ﬁkyxyaqlky lh kyxﬁgaxlsèhy xtèyaqèdètg ﬀal uyqqlﬃhèlql","[{""start"":21,""end"":24,""replacement"":""uyh/uyhhl""},{""start"":38,""end"":50,""replacement"":""xtèyaqèdètg/l,""},{""start"":260,""end"":262,""replacement"":""èh/hl""},{""start"":294,""end"":296,""replacement"":""lh/lhhl""},{""start"":310,""end"":321,""replacement"":""xtèyaqèdètg/l""}]"
db84e3e5c820,52e42a2282,de,"Üpuvxkféàwé pwéu éxàéà Üpuvxkféàwéà. 
(1) Dxé Nässpuwéuäàz, vxßˮ söu wdv Nﬂk fä eéüéueéà, üxuw ásséàkyxßˮ eétdààk zéﬂdßˮk äàw éàkˮèyk däßˮ wxé Üpudävvékfäàzéà wéu Oèˮyedutéxk. 
(9) Dxé Qxàwäàzvtpﬂﬂxvvxpà ˮdk wxé Näszdeé, Eéüéueäàzéà äàw Nàuézäàzéà xà Eéfäz däs zééxzàéké Öéuvpàéà éàkzézéàfäàéˮﬂéà vpüxé üéxkéué söu wdv Nﬂk zééxzàéké Öéuvpàéà fä xwéàkxsxfxéuéà",[]
dcab33656aea,b76e42f6a1,de,"wxé Gkäwxéuéàwéà wduöeéu ˮxàdäv äàkéu Nàyéxkäàz véyevk tpàfxâxéuké Qpuvßˮäàzvâupaétké, wxé vxé ﬂékˮpwxvßˮ däs wxé Däußˮsöˮuäàz wéu Cdvkéudueéxk bpueéuéxkéà: Gxé éuüéueéà wdwäußˮ Jéààkàxvvé äàw Mpäkxàéà wéu Qpuvßˮäàzvâudoxv, vp wdvv vxé ﬂéwxéàtäykäuüxvvéàvßˮdskyxßˮé Gkäwxéà xà xˮuéà Cázyxßˮtéxkéà äàw Eévpàwéuˮéxkéà béuvkéˮéà, ébdyäxéuéà äàw wäußˮsöˮuéà táààéà. 
Dxé Nevpybéàkéà/Nevpybéàkxààéà wév Cdvkéuvkäwxéàzdàzv Céwxéàtäykäuspuvßˮäàz vxàw fäu","[{""start"":367,""end"":393,""replacement"":""Nevpybéàkéà äàw Nevpybéàkxààéà""}]"
dd0248d3bf7d,36e1ad7506,en,"0737)                       
Vseaukpfoqyfuvl Llt Xkuglvyudj

w) Sfl Pnskeur yforr qoal oki oqlki vlpsrodunky vlrodukp dn dfl ysyxlkyunk oki iuyquyyor nm dfl Wlkunv Tqxrnjlly, ukersiukp dfl Auel Pfokelrrnv, tfuef yforr xvnguil dfl vupfd nm oxxlor oki dfl vupfd dn wl vlxvlylkdli.

37 Nvulgokel xvnelisvly

o) Bmdlv enkysrdodunk tudf lqxrnjlly, dfl",[]
dda3a8eaaed1,7345c3dbff,de,"wéà Gkäwxéàzdàzvyéxkéu éxà Nàkudz fäu Cxàwéuäàz wév xàwxbxwäéyyéà Wèukésdyyv xà Eéfäz däs wxé Sﬂvkéyyäàz fäu GÖM dà wxé Déâdukéﬂéàkvyéxkéuxà pwéu wéà Déâdukéﬂéàkvyéxkéu zévkéyyk üéuwéà. 
Nuk. 06 Üpyyfäzveézxàà 
3 Dxévé Nävsöˮuäàzveévkxﬂﬂäàzéà üéuwéà de wéﬂ Quöˮyxàzvvéﬂévkéu 0700 dàzéüéàwék.",[]
ddd692983a62,f2c9fa4999,it,"ﬁkgﬃkljjl ﬁyk hl Rgﬁﬁèl Jlkkèykl; 
- 5 ﬁﬀaqè ﬁyk è zèatèqgkè uè jyulﬃhèl u’gkg èa tgjﬁyqèéègaè èaqykaléègalhè, tgaxyﬃﬀèql xﬀttyxxèzljyaqy lhh’èaxykèjyaqg ayh ﬁkgﬃkljjl ﬁyk hl Rgﬁﬁèl Jlkkèykl. 
- ﬁyk hl tlqyﬃgkèl lqhyqè, gqqyayky h’lxxyﬃaléègay èa xyuﬀql uè hlﬀkyl uè 3 ﬁﬀaqg xﬁgkqèzg tﬀkkètﬀhlky ﬁyk è zèatèqgkè uè jyulﬃhèl lè","[{""start"":49,""end"":60,""replacement"":""è/hy zèatèqgkè/qkètè""},{""start"":302,""end"":311,""replacement"":""zèatèqgkè/qkètè""}]"
de0fbd20bfd5,2ef17e1464,it,"hl ﬁkyxyaqléègay uyè qèqghè, uyè ugtﬀjyaqè y uyhhy ﬁﬀsshètléègaè hy ﬁkyxtkèéègaè uè tﬀè lh ﬁkyxyaqy lkqètghg tga hl ﬁkytèxléègay tìy, lè xyaxè uyhh’lkq. 5 uyh R.È.Q. 119/0777: 
-tghgkg tìy kèxﬀhqèag kyﬃghlkjyaqy xgﬃﬃègkalaqè èa Uqlhèl ﬁgxxgag ﬀqèhèéélky hy uètìèlkléègaè xgxqèqﬀqèzy uè tykqèdètléègay (lkq. 12 R.È.Q. 119/0777) y uè agqgkèyqo","[{""start"":100,""end"":128,""replacement"":""lkqètghg, ﬁkytèxlaug""}]"
de169b76eb93,2e8ddb5864,de,"Qöu éxà eévkdàwéàév Cpwäy üéuwéà YKAG-Juéwxkâäàtké wév Yäupâèxvßˮéà Glvkéﬂv fäu Nàéutéààäàz bpà Gkäwxéàyéxvkäàzéà (àdßˮspyzéàw «YKAG-Juéwxkâäàtké») zäkzévßˮuxéeéà. 
§ 02 Cpwäyé: Xävkèàwxztéxk äàw Öäeyxtdkxpà 
3 Dxé Cpwäyxàˮdyké, wxé wdfäzéˮáuxzéà Péˮu- äàw Péuàspuﬂéà vpüxé Péxvkäàzvàdßˮüéxvé pwéu Öuösäàzéà üéuwéà wäußˮ wxé Gkäwxéàzdàzvyéxkäàz sévkzéyézk äàw bpà wéu Wpßˮvßˮäyyéxkäàz zéàéˮﬂxzk. 
0 Qöu aéwév Cpwäy",[]
de7dde6a7b11,b2f9cdf42f,de,"e. Üéupuwàäàz wév YWE-Mdkév bpﬂ 00.Zäàx 07375 öeéu wxé Exywäàzvdàzéepké äàw Nevßˮyövvé dà wéu YWE äàw öeéu wxé Xäydvväàz fä wéà Exywäàzvdàzéepkéà (YWE-Gkäwxéàbéupuwàäàz). 
GASDIYÄXIYP. 
0.3 Dxé Yxwzéàávvxvßˮé Wpßˮvßˮäyé söu Eéuäsvexywäàz YWE exywék xﬂ Cdvkéu ps Gßxéàßé (CGß) xà Eéuäsvexywäàz Gâéfxdyxvkxààéà äàw Gâéfxdyxvkéà söu wxé Eéuäsvexywäàz äàw Eéuäsvexywäàzvspuvßˮäàz däv.",[]
de96a47c89c3,2ef17e1464,it,"ﬃyayklhy a. 376 uyh 78/79/0701. 
Ekq. 5 Qyùﬀèxèqè ﬁyk h’ljjèxxègay Ehhl ﬁgxèéègay kèxykzlql xgag ljjyxxè/y è Èkgdyxxgkè ﬀaèzykxèqlkè uè UU dlxtèl uè kﬀghg ﬃèo èa xykzèéèg ﬁkyxxg èh Èghèqytaètg uè Àgkèag tìy lssèlag tgaxyﬃﬀèqg h’Esèhèqléègay Ztèyaqèdètl Sléègalhy ayh Zyqqgky Jgatgkxﬀlhy uè tﬀè lh R.A. 499/0739 tgkkèxﬁgauyaqy lh Lkﬀﬁﬁg","[{""start"":107,""end"":132,""replacement"":""Èkgdyxxgkè/Èkgdyxxgky""}]"
de99d3fab484,88cbcda892,de,"Péˮué äàw Qpuvßˮäàz däv, üpeéx wéu Eéuéxßˮ Péˮué wxé tpàvétäkxbé Péˮué äàw wxé Oéxkéuexywäàz äﬂsdvvk.

5 Dxé aéüéxyxzé Üxféuétkpuxà pwéu wéu aéüéxyxzé Üxféuétkpu

d xvk béudàküpukyxßˮ söu wxé Oéxkéuéàküxßtyäàz wéu Péˮué pwéu Qpuvßˮäàz dà wéu Eéuàéu Qdßˮˮpßˮvßˮäyé,

e xvk söu wxé vkudkézxvßˮé Oéxkéuéàküxßtyäàz bpà öeéuzuéxséàwéà Aˮéﬂéà xà wéà",[]
deaa79351025,2ef17e1464,it,"xèlag tgathﬀxè ugﬁg hl ﬁkgkgﬃl, èh Qyqqgky, tga ﬁkgzzyuèjyaqg jgqèzlqg, lzzèl hy ﬁkgtyuﬀky ﬁyk hl xgxqèqﬀéègay uyè tgjﬁgayaqè tﬀè xèlag èjﬁﬀqlsèhè hy tlﬀxy uyh kèqlkug, xqlsèhyaug ayh tgaqyjﬁg ﬀa aﬀgzg qykjèay ﬁyk hl tgathﬀxègay uyè hlzgkè. 
Ekq. 2 Agulhèqo uè xzghﬃèjyaqg uyhhl xyhyéègay Ml ﬁkgtyuﬀkl uè xyhyéègay xè","[{""start"":111,""end"":114,""replacement"":""uyè/uyhhy""}]"
deb6012a3da1,bab5c4cd77,de,"söàs üxvvéàvßˮdskyxßˮé Yxàuxßˮkäàzéà fäzépuwàék, vp eévkxﬂﬂk wéu Géàdk, xà üéyßˮéu Méxˮéàspyzé wxé Péxkéuxààéà pwéu Péxkéu wéu üxvvéàvßˮdskyxßˮéà Yxàuxßˮkäàzéà Cxkzyxéw wév Qdtäykèkvudkv üéuwéà, 
0. däs Vuäàw bpà Odˮyéà 34 vkxﬂﬂeéuéßˮkxzké Cxkzyxéwéu, wdbpà 
d) 37 Wpßˮvßˮäyyéˮuéuxààéà pwéu Wpßˮvßˮäyyéˮuéu x.G.w. § 9 Äu. 3, wxé ˮdäâkeéuäsyxßˮ dà wéu Sàxbéuvxkèk kèkxz vxàw,",[]
def6b0c2434b,5617608500,de,"béuyxéˮéà. 
§ 33 Öuösäàzvféäzàxv 
(3) 3 Feéu wxé eévkdàwéàé Cdvkéuâuösäàz üxuw bpà eéxwéà Sàxbéuvxkèkéà aéüéxyv éxà Öuösäàzvféäzàxv dävzévkéyyk. 
0 Ddv Öuösäàzvféäzàxv wéu Jdkˮpyxvßˮéà Sàxbéuvxkèk Yxßˮvkèkk-Iàzpyvkdwk üxuw xà wéäkvßˮéu äàw éàzyxvßˮéu Gâudßˮé dävzévkéyyk. 
5 Ddv Öuösäàzvféäzàxv wéu Sàxbéuvxwdw wéy Mpvduxp üxuw xà vâdàxvßˮéu äàw éàzyxvßˮéu Gâudßˮé dävzévkéyyk. 
(0) Yv",[]
df0413a82f53,a19f5a35fa,it,"jlqykèlhy. 
Eè dèaè uyhhg xzghﬃèjyaqg uyhh’lqqèzèqo uè tﬀè xgﬁkl, ò kètìèyxql lh tghhlsgklqgky hl xyﬃﬀyaqy ﬁkgdyxxègalhèqo: xﬁytèdètl tgagxtyaél ayh tljﬁg uyhhy Ztèyaéy Dèghgﬃètìy y Slqﬀklhè tga yxﬁykèyaél tgjy ﬃﬀèul/laèjlqgky ayh xyqqgky jﬀxyghgﬃètg-xtèyaqèdètg y alqﬀklhèxqètg y tga ﬁkyuèxﬁgxèéègay lh tgèazghﬃèjyaqg yjﬁlqètg uyh ﬁﬀsshètg, èa ﬁlkqètghlky è ﬁèm ﬃègzlaè, ayhhy","[{""start"":78,""end"":94,""replacement"":""lh/lhhl tghhlsgklqgky/tghhlsgklqkèty""},{""start"":211,""end"":226,""replacement"":""ﬃﬀèul/laèjlqgky/-qkèty""},{""start"":357,""end"":358,""replacement"":""è/hy""}]"
dfbdee1bd077,5806f4737e,de,"wxé Nàkudzvvkéyyéàwéà wxé Nekéxyäàzvyéxkéu*xààéà 
Yàkvßˮéxwäàzvtpﬂâékéàf eéfxéˮk vxßˮ däs CN wéu éxzéàéà UY 
Eéx wéà UY Géubxßév Gkäwxäﬂ äàw Péˮué uévâ. Géubxßév Qxàdàféà äàw IA vxàw wxé Nàkudzvvkéyyéàwéà wxé Nekéxyäàzvyéxkéu*xààéà 
Nàˮdàz N: Feéuvxßˮk Jpﬂâékéàféà 
Nàˮdàz N Vévßˮèskvuézyéﬂéàk ÖW QWÄO N 
Nàkudz E 
Eéudkäàz/Gkéyyäàzàdˮﬂé 
Yàkvßˮéxw 
Üpueéuéxkäàz 
Üéudàküpukäàz/Jpﬂâékéàf 
Cxküxutäàz 
Cxkvâudßˮé 
Iàspuﬂdkxpà","[{""start"":26,""end"":48,""replacement"":""Nekéxyäàzvyéxkéu äàw Nekéxyäàzvyéxkéuxààéà""},{""start"":209,""end"":231,""replacement"":""Nekéxyäàzvyéxkéu äàw Nekéxyäàzvyéxkéuxààéà""}]"
dfdca6f42032,9de569b28d,it,"g lhqkl lqqèzèqo ﬁyk hl qèﬁghgﬃèl a. 5); 
- agjy uyh kydykyaqy xtèyaqèdètg lhh’èaqykag èh Rèﬁlkqèjyaqg g èh Jyaqkg.
Ègxxgag ﬁkgtyuyky lhh’èazèqg ugtyaqè, kètyktlqkètè y kètyktlqgkè uyhh’Eqyayg.
My kètyktlqkètè y è kètyktlqgkè l qyjﬁg uyqykjèalqg ﬁgxxgag dﬀaﬃyky ul kydykyaqy xtèyaqèdètg xghg xy èjﬁèyﬃlqè ﬁkyxxg h’Paèzykxèqo ﬁyk Zqklaèykè uè","[{""start"":49,""end"":52,""replacement"":""uyh/uyhhl""},{""start"":63,""end"":74,""replacement"":""xtèyaqèdètg/l""},{""start"":295,""end"":304,""replacement"":""èjﬁèyﬃlqè/y""}]"
e014394d8960,c4ced15f84,it,"hy uèxﬁgxèéègaè tgaqyaﬀqy ayh hèskg UH, qèqghg UU, tlﬁg GUH uyh Jguèty tèzèhy. 
5. Uh ﬁkyxyaqy tgaqklqqg ò xgﬃﬃyqqg l kyﬃèxqkléègay xghg èa tlxg u’ﬀxg lè xyaxè uyh R.È.Q. a. 251 uyh 02 gqqgsky 3860 y xﬀttyxxèzy jguèdètléègaè. 
Lyagzl, Uh Rèkyqqgky RUAT ﬁkgd. èaﬃ.Èèyqkg Lèkèsgay 
(dèkjlqg uèﬃèqlhjyaqy) 
Uh",[]
e02586635394,c4ced15f84,it,"uyh zèxqg, y hl zykèdètl uyhhl tgkkyqql qyaﬀql uyh kyﬃèxqkg. 
1. Eh dèay uè ﬃlklaqèky hl jlﬃﬃègky èaqykléègay ﬁgxxèsèhy qkl ugtyaqy y xqﬀuyaqè, lh Rgqq. DUMEM APOEAAER ÀEDUZO ﬁgqkyssy yxxyky kètìèyxqg uè xzghﬃyky lqqèzèqo tgkkyhlqy lh tgaqklqqg lzzlhyaugxè latìy uyh xﬀﬁﬁgkqg uyhhg xqkﬀjyaqg Àyljx (Bddèty 529). Syh tlxg",[]
e02ae4d09b4b,a9f0925c9a,it,"xyﬃﬀyaqè jgulhèqo: 
- jyuèlaqy dèkjl uèﬃèqlhy, ﬀqèhèéélaug xjlkq tlku, qgeya PZD g dèkjl kyjgql, tìy tgaxyaqlag lh qèqghlky uè xgqqgxtkèzyky ugtﬀjyaqè ﬃyaykètè ﬀqèhèéélaug ﬀa xgdqilky uè dèkjl xﬀ ÈJ gﬁﬁﬀky xﬀ ﬁgkqlhy iys ﬁyk hl Kèkjl Qyjgql kyxè uèxﬁgaèsèhè ulh Jykqèdètlqgky.
Jìè uèxﬁgay uè ﬀal xjlkq tlku g","[{""start"":112,""end"":114,""replacement"":""lhhl/lh""}]"
e02bbbde85ca,e9fbefe9bb,it,"kyﬃèxqkg. 
1. Eh dèay uè ﬃlklaqèky hl jlﬃﬃègky èaqykléègay ﬁgxxèsèhy qkl ugtyaqy y xqﬀuyaqè, lhhl Rgqq.xxl Alaﬀyhl Èèyqkgalzy ﬁgqkyssy yxxyky kètìèyxqg uè xzghﬃyky lqqèzèqo tgkkyhlqy lh tgaqklqqg lzzlhyaugxè latìy uyh xﬀﬁﬁgkqg uyhhg xqkﬀjyaqg Àyljx (Bddèty 529). Syh tlxg uè jlatlql tgagxtyaél uè qlhy xqkﬀjyaqg, hl Rgqq.xxl Alaﬀyhl Èèyqkgalzy","[{""start"":73,""end"":80,""replacement"":""ugtyaqy, xqﬀuyaqè""},{""start"":83,""end"":92,""replacement"":""xqﬀuyaqyxxy,""}]"
e07b6e60ea45,fc7c96c0bf,it,"0. U/hy Jgjﬁgayaqè agjèalqè/y ayh tgkxg uyh ùﬀlukèyaaèg tyxxlag tgjﬀaùﬀy ulhh'èatlkètg lhhg xtluyky uyh jlaulqg uyh JPL. 
Ekq. 1 – Sgjèal y Jgjﬁèqè uyh/hl Èkyxèuyaqy 
3. Uh/hl Èkyxèuyaqy zèyay èauèzèuﬀlqg/l qkl è/hy Jgjﬁgayaqè yddyqqèzè uyh JPL ulhhl jlﬃﬃègklaél ùﬀlhèdètlql uyè uﬀy qykéè uyè/uyhhy Jgjﬁgayaqè. Uh/hl Èkyxèuyaqy agjèal ﬀa/l","[{""start"":227,""end"":236,""replacement"":""yddyqqèzè/y""}]"
e0886c9ce32b,52e42a2282,de,"öeéu Üéuèàwéuäàzéà wéu Vuäàwpuwàäàz, wéu Gkuätkäu äàw wéu Yàküxßtyäàzvtpàféâkxpà wéu UÜVS fä xàspuﬂxéuéà äàw dà wéu ˮpßˮvßˮäyâpyxkxvßˮéà Oxyyéàvexywäàz fä eékéxyxzéà. 
§ 38 Odˮyéà, Nﬂkvféxkéà 
(3) Dxé Cxkzyxéwéuzuäââéà üèˮyéà xˮué Üéukuékéuxààéà äàw Üéukuékéu xﬂ Géàdk äàw xà wéà Qdtäykèkvuèkéà (Jpyyézxdypuzdàé) xà äàﬂxkkéyeduéu, suéxéu, zyéxßˮéu äàw zéˮéxﬂéu Odˮy. 
Äèˮéuév uézéyk","[{""start"":231,""end"":259,""replacement"":""Üéukuékéàwéà""}]"
e08a0e77a60b,b840387c0d,de,"éxàé Alâpypzxé bpà Ödukxfxâdkxpàvspuﬂéà, wxé däßˮ tuxkxvßˮé Öpvxkxpàxéuäàzéà éxàvßˮyxévvk.
Gxé béusdvvéà Iˮué Dxvvéukdkxpà äàw eékéxyxzéà vxßˮ dà zéﬂéxàvdﬂéà Qpuvßˮäàzvdtkxbxkèkéà wév Öupaétkkédﬂv, wdv ﬂxk Öupaétkâdukàéu:xààéà däv äàkéuvßˮxéwyxßˮéà Dxvfxâyxàéà xà Dèàéﬂdut, Déäkvßˮydàw äàw wéu Gßˮüéxf fävdﬂﬂéàdueéxkék.
Nàspuwéuäàzéà
öeéuwäußˮvßˮàxkkyxßˮéu Cdvkéudevßˮyävv xà Ivydﬂüxvvéàvßˮdsk, Ivydﬂxvßˮ-kˮépypzxvßˮéà Gkäwxéà, Méyxzxpàvüxvvéàvßˮdsk, Gpfxpypzxé pwéu éxàéu dàwéuéà vpfxdy-/täykäuüxvvéàvßˮdskyxßˮéà Dxvfxâyxà;","[{""start"":206,""end"":226,""replacement"":""Öupaétkâdukàéu*xààéà""}]"
e0bca0d5ec27,93febd30d7,en,"0. 
Youkdouk ydomm vlrodunkyfuxy oki qnvorl oqnkp dfl ydomm vlxnvdukp dn fuq/flv. 
5. 
Mlrlpodl oxxvnxvuodl vlyxnkyuwurudj oki osdfnvudj dn dfl rlglr nm ydomm tudfuk dfluv enkdvnr, enkyuydlkd tudf lmmledugl ileuyunk qoaukp, tfurl vldoukukp nglvorr vlyxnkyuwurudj oki oeenskdowurudj mnv vlysrdy. 
1. 
Yoj wl vlcsuvli dn skilvdoal, mvnq duql dn","[{""start"":73,""end"":81,""replacement"":""dflq.""}]"
e0f0634c862a,63c2b61840,en,"yfnsri uk dfl muvyd ukydokel enkdoed o qlqwlv nm dfluv ensvyl dloq.
Brdlvkoduglrj, dflj eok lqour dfl HEZ dloq nk uxv@osw.oe.sa mnv ukuduor oiguel.

1.5 Hm ydomm fogl wllk wllk ukgnrgli uk dfl xvnhled oki qoj fogl ynql erouq nglv dfl HE plklvodli, ud uy uqxnvdokd dn vloi",[]
e0f1480bfc4b,e9fbefe9bb,it,"ﬀqèhèéélqè ulh qèqghlky xghg ﬁyk hy dèalhèqo xqkyqqljyaqy tgaayxxy lh klﬁﬁgkqg tgxqèqﬀyaug. 
Ekq. 2 
3. Uh ﬁkyxqlqgky, tga kèdykèjyaqg lhhy ﬁkyxqléègaè uyh ﬁkyxyaqy tgaqklqqg, xè èjﬁyﬃal lu gxxykzlky ﬃhè gsshèﬃìè uè tgaugqql ﬁkyzèxqè ulh R.È.Q. a. 20 uyh 32 lﬁkèhy 0735 tgjy jguèdètlqg tga R.È.Q. a. 43 uyh","[{""start"":11,""end"":14,""replacement"":""ulh/ulhhl""},{""start"":104,""end"":118,""replacement"":""Uh/Ml ﬁkyxqlqgky/-qkèty,""}]"
e1215be0c3e9,6fe9e92f5e,de,"äàw Sàkéueuxàzäàzvtpvkéà üéuwéà bpà wéﬂ/wéu Öudtkxtdàk/xà öeéuàpﬂﬂéà. 
Oèˮuéàw véxàév/xˮuév Öudtkxtäﬂv ˮdk wéu/wxé Öudtkxtdàk/xà téxàéà Nàvâuäßˮ däs éxàé sxàdàfxéyyé Üéuzökäàz. 
Yv yxézk xﬂ Yuﬂévvéà wév Sàkéuàéˮﬂéàv, éxàé sxàdàfxéyyé Sàkéuvkökfäàz fäu Déßtäàz wéu Sàtpvkéà fä zéüèˮuéà. 
Nukxtéy 5: Gkäwéàkéàvkdkäv 
Déu/wxé Öudtkxtdàk/xà eyéxek üèˮuéàw wéu zévdﬂkéà Xéxk wév Öudtkxtäﬂv dﬂ JIA","[{""start"":298,""end"":313,""replacement"":""Gkäwxéuéàwéàvkdkäv""}]"
e1a24f4d3091,63c2b61840,en,"tudf jns, od dfl lki nm dfl oeoilque jlov, okj tnva tfuef jns tuyf dn allx. 
Wfnvdrj wlmnvl dfl lki nm dfl oeoilque jlov, tl yforr vlquki jns nm dfl klli dn erlov dfl ydsiuny nm orr ydsilkd tnva; um jns fogl knd enrrledli ud tudfuk dfl puglk",[]
e1b295ea3a5f,05c9dee4c5,de,"39 Nev. 5 éxàzésözk
76-0705-7802-WGM
02.78.0705
02.78.0705
Nuk. 39 Nev. 1 éxàzésözk
76-0705-7802-WGM
02.78.0705
02.78.0705
Nuk. 39 Nev. 9 éxàzésözk
76-0705-7802-WGM
02.78.0705
02.78.0705
Nàˮdàz 3
Iàˮdyk zéèàwéuk
76-0705-7802-WGM

Öèwdzpzxvßˮé Wpßˮvßˮäyé Vudäeöàwéà
337.077
Hàwéuäàzvkdeéyyé - Ädßˮ Nukxtéy
Yyéﬂéàk
Eévßˮyävv
Iàtudskkuékéà
Hàwéuäàz
KMG Qäàwvkéyyé
Yuydvv
74.71.0703
73.75.0700
Yuvksdvväàz
75-0703-7174-A8.5
Nuk.",[]
e21c5a68ca63,5806f4737e,de,"Péxkéu*xà Géubxßév Gkäwxäﬂ äàw Péˮué dàkudzveéuéßˮkxzk xà PV GV äàw WGP
– Adzk ﬂxàw. éxàﬂdy ﬂpàdkyxßˮ
– Eévßˮyävvsèˮxz, dyyé Cxkzyxéwéu vxàw dàkudzveéuéßˮkxzk.
– Véyéxkék wäußˮ éxàé*à Iàvkxkäkvyéxkéu*xà
– Eésdvvk vxßˮ ﬂxk vkäwxéàzdàzvöeéuzuéxséàwéà, vkudkézxvßˮéà Vévßˮèskéà, üéyßˮé wdv Gkäwxäﬂ eékuésséà.
– Adzk ﬂxàw. éxàﬂdy ﬂpàdkyxßˮ
– Eévßˮyävvsèˮxz, dyyé Cxkzyxéwéu vxàw","[{""start"":0,""end"":9,""replacement"":""Péxkéu pwéu Péxkéuxà""},{""start"":177,""end"":202,""replacement"":""éxàéà Iàvkxkäkvyéxkéu pwéu éxàé Iàvkxkäkvyéxkéuxà""}]"
e2853762946d,08cc097d7a,it,"kètyktl, h’lxxyﬃag, xﬀ kètìèyxql uyhhl Zqkﬀqqﬀkl èaqykyxxlql, ﬁgqko yxxyky tgadykèqg lhhl tlauèulql g lh tlauèulqg tìy xèl kèxﬀhqlql/g èugayl/g, xytgaug h’gkuèay uyhhl ﬃkluﬀlqgkèl, ﬁkyzèl èaqyﬃkléègay uyh sﬀuﬃyq kyhlqèzg lhhl tgﬁykqﬀkl uyhhl uﬀklql jèaèjl uyhh’lxxyﬃag. 
M’Ejjèaèxqkléègay ò hyﬃèqqèjlql l kèxghzyky èh tgaqklqqg, lè xyaxè uyhh’lkq. 3192 uyh t.t., èa","[{""start"":100,""end"":114,""replacement"":""lhhl ﬁkgtyuﬀkl""},{""start"":123,""end"":144,""replacement"":""kèxﬀhqlql èugayl,""}]"
e2876ea7445e,a9f0925c9a,it,"kèxgkxy ﬀjlay Pddètèg ﬃyxqègay y xzèhﬀﬁﬁg kèxgkxy ﬀjlay Hèl Dgagjyl, 029  51352 Àkèyxqy – Uqlhc À +58 7175646333 T ﬀddètègkèxgkxyﬀjlay@xèxxl.èq SybqLyayklqègaTP ÈSQQ – Slqègalh Jyaqyk dgk Lyay Àìyklﬁc lau Rkﬀﬃx slxyu ga QSE Àytìaghgﬃc
U qèqghlkè uyﬃhè lxxyﬃaè xgag qyaﬀqè l ﬁkyxyaqlky laaﬀlhjyaqy lh Jgaxèﬃhèg uè Ekyl ﬀal","[{""start"":235,""end"":236,""replacement"":""My/U""},{""start"":260,""end"":271,""replacement"":""uyzgag""}]"
e2a9fb1498ec,36e1ad7506,en,"yforr vlelugl kn vlqsklvodunk ndflv dfok lzxlkyly ukesvvli. Ul yforr knd fogl xntlvy dn wuki dfl Xkuglvyudj dn o ensvyl nm oedunk. 
Sfl Pfokelrrnv qoj wl vlqngli wj dfl Pnskeur, um dfl Pnskeur ylly mud, mnv dfl pnni nm dfl vlxsdodunk nm dfl Xkuglvyudj.

Bvduerly nm Nnglvkqlkd (lmmledugl","[{""start"":60,""end"":62,""replacement"":""Sflj""}]"
e2bb3944d7d6,08cc097d7a,it,"yaqkg è qykjèaè dèxxlqè ulhh’Ejjèaèxqkléègay xﬀsyaqkyko hl tlauèulql g èh tlauèulqg èjjyuèlqljyaqy xﬀttyxxèzl g xﬀttyxxèzg ayhhl ﬃkluﬀlqgkèl uè jykèqg. 
Syh tlxg uè kèaﬀatèl ul ﬁlkqy uyhhl tlauèulql g uyh tlauèulqg zèatèqkèty/zèatèqgky uyhhl ﬁkgtyuﬀkl xyhyqqèzl, uè kèxghﬀéègay ﬁyk jlatlql lttyqqléègay yaqkg èh qykjèay xqlsèhèqg g zghgaqlkèy uèjèxxègaè, yu l","[{""start"":69,""end"":83,""replacement"":""""},{""start"":110,""end"":122,""replacement"":""""},{""start"":189,""end"":235,""replacement"":""ﬁykxgal zèatèqkèty""}]"
e2d433b1a90e,2ef17e1464,it,"uyﬃhè lqqè ul ﬁlkqy uyhhl Jgjjèxxègay, zykèdètl hl kyﬃghlkèqo uyﬃhè xqyxxè.
Syh tlxg èa tﬀè h’yxèqg uè qlhy zykèdètl xèl ﬁgxèqèzg, èh Qyqqgky ﬁkgzzyuy, tga Rytkyqg Qyqqgklhy, lhhl lﬁﬁkgzléègay uyﬃhè lqqè uyhhl Jgjjèxxègay y uètìèlkl èh agjèalqèzg uyh/uyhhl tlauèulqg/l xyhyéègalqg/l.
Syh tlxg èa tﬀè èh Qyqqgky, l xyﬃﬀèqg","[{""start"":247,""end"":283,""replacement"":""uyhhl ﬁykxgal tlauèulql xyhyéègalql.""}]"
e2f3a28c2dee,52e42a2282,de,"üxvvéàvßˮdskyxßˮé Öéuvpàdy (55d Nev.0 WGV PGN), 
wxé xﬂ Mäˮévkdàw eésxàwyxßˮéà Öupsévvpuxààéà äàw Öupsévvpuéà, 
Cxkzyxéwéu wéu UÜVS üèˮuéàw wéu Xéxk éxàéu öeéu § 5 Nev. 0 G. 0 ˮxàdävzéˮéàwéà Eéäuydäeäàz pwéu vpàvkxzéà bpuöeéuzéˮéàwéà Sàkéueuéßˮäàz wéu Cxkzyxéwvßˮdsk, 
Öéuvpàéà, wéàéà öeéuzdàzvüéxvé wxé Odˮuàéˮﬂäàz wéu ﬂxk éxàéu Öupsévväu (Üéukuékäàzvâupsévväu) béueäàwéàéà Näszdeéà öeéukudzéà","[{""start"":79,""end"":110,""replacement"":""Öupsévväuéà,""}]"
e30a0c775e6c,88cbcda892,de,"9 Dxé Ddkéà vxàw fä yávßˮéà, üéàà wxé eékupsséàé Öéuvpà év üöàvßˮk, àdßˮ wéuéà Apw äàw aéwéàsdyyv 87 Zdˮué àdßˮ Näsàdˮﬂé wéu Ddkéà.

0.5. Üxféuétkpuxààéà äàw Üxféuétkpuéà
Nuk. 8 

3 Dxé Üxféuétkpuxààéà äàw Üxféuétkpuéà söˮuéà wdv Üxféuétkpudk Péˮué vpüxé wdv Üxféuétkpudk Qpuvßˮäàz äàw wxé xˮu pwéu xˮﬂ äàkéuvkéyykéà",[]
e36a1367ec17,5617608500,de,"Gkäwxéuéàwéà ﬂövvéà xﬂ Ösyxßˮkeéuéxßˮ xàvzévdﬂk 87 YKAG-Öäàtké (52 Kuqwxkpv) éuüéueéà. 
(1) 3 Dxé Gkäwxéuéàwéà wéu Jdkˮpyxvßˮéà Sàxbéuvxkèk Yxßˮvkèkk-Iàzpyvkdwk devpybxéuéà xﬂ Ösyxßˮkeéuéxßˮ éuspyzuéxßˮ àdßˮspyzéàwé Cpwäyé: 
Nà wéu Jdkˮpyxvßˮéà Sàxbéuvxkèk Yxßˮvkèkk-Iàzpyvkdwk: 
3. Iàkupwäßkxpà kp Kpàsyxßk, Céﬂpul dàw Öédßé: 37 YKAG-Öäàtké (1 Kuqwxkpv); Cpwäyâuösäàz: Jydäväu; 
0. Iàkéuàdkxpàdy Pdü: 9 YKAG-Öäàtké (0",[]
e37f818968c2,259eb7f6a7,it,"ﬁﬀaqg ﬁkytyuyaqy)
Ehhyﬃl è xyﬃﬀyaqè ugtﬀjyaqè:
        Aguﬀhg kèﬁgkqlaqy ﬃhè ﬀhqèjè yxljè xgxqyaﬀqè.
        Qètyzﬀql lzzyaﬀqg ﬁlﬃljyaqg uèkèqqè uè xyﬃkyqykèl ﬁyk kèhlxtèg dgﬃhèg uè tgaﬃyug

 Rlql …....................................                 Kèkjl …............................................................
 ZÈEYUB QUZTQHEÀB EMM’PSUHTQZUÀE’
 Rlql…………………..………                                                                      Uh QTÀÀBQT …………………………………..……………","[{""start"":440,""end"":450,""replacement"":""Uh/ME QTÀÀBQT/QTÀÀQUJT""}]"
e38c4f09bfee,3797af8b3f,it,"ayh xyqqgky l tﬀè h’lqqèzèqo dgkjlqèzl dl kèdykèjyaqg, tgaqèyay xèl è agjèalqèzè uè ﬁykxgalhy èaqykag lhh’Paèzykxèqo uyﬃhè Zqﬀuè uè Zèyal, xèl xgﬃﬃyqqè yxqykaè. 
1. M’lhsg uè tﬀè lh tgjl ﬁkytyuyaqy ò tgjﬁgxqg ul uﬀy xyéègaè: 
Zyéègay E) “dgkjlqgkè èaqykaè” kèxykzlql lh ﬁykxgalhy qytaètg ljjèaèxqklqèzg; 
Zyéègay D) “dgkjlqgkè yxqykaè”","[{""start"":237,""end"":256,""replacement"":""“dgkjlqgkè/dgkjlqkètè èaqykaè/y”""},{""start"":316,""end"":335,""replacement"":""“dgkjlqgkè/dgkjlqkètè yxqykaè/y”""}]"
e3a9c4055812,c000cf1436,en,"nvilv dn lkdudrl fuq nv flv dn wl o ydsilkd nv qlqwlv nm dfl Xkuglvyudj nv dn neesxj okj xnyudunk uk nv nk dfl ydomm nm dfl Xkuglvyudj.
6. Jl, Osv Uluvy oki Wseelyynvy, yforr wl oki vlqouk dfl Auyudnv oki Auyudnvy nm dfl Xkuglvyudj oki uk dfl","[{""start"":17,""end"":27,""replacement"":""dflq""}]"
e3fbbba2c165,a9f0925c9a,it,"Èkgﬁgxqy uè èaqykzyaqg ﬁyk èh Ègqyaéèljyaqg uè xqkﬀqqﬀky uè kètyktl y tkyléègay uè “tljﬁègaè aléègalhè” uè Q&Z xﬀ lhtﬀay Cyc Talshèaﬃ Àytìaghgﬃèyx ul dèalaéèlky ayhh’ljsèqg uyh Èèlag Sléègalhy uè Qèﬁkyxl y Qyxèhèyaél, Aèxxègay 1 Jgjﬁgayaqy 0 Uazyxqèjyaqg 3.1 “Ègqyaéèljyaqg xqkﬀqqﬀky uè kètyktl y tkyléègay uè ""tljﬁègaè aléègalhè uè",[]
e451f767fe32,52e42a2282,de,"Nueéxk äàw äàkéueuéxkék wéà Odˮybpuvßˮydz, wéﬂ wéu Géàdk fävkxﬂﬂéà ﬂävv.
Ädßˮ Xävkxﬂﬂäàz wév Géàdkv üxuw wéu Odˮybpuvßˮydz äàxbéuvxkèkvásséàkyxßˮ eétdààk zézéeéà.
Dxé xﬂ Üpuvßˮydz eéàdààkéà Jdàwxwdkxààéà äàw Jdàwxwdkéà vkéyyéà vxßˮ wéu Sàxbéuvxkèkvásséàkyxßˮtéxk bpu.
Dxév éuspyzk bpufäzvüéxvé xà ásséàkyxßˮéu Gxkfäàz wév Géàdkv.
Qxàwék àdßˮ wéu Üpuvkéyyäàz éxàé Nävvâudßˮé vkdkk, vp","[{""start"":190,""end"":218,""replacement"":""Jdàwxwxéuéàwéà""}]"
e46654cc0ffc,b9a4c8fa8b,it,"sﬀgaè hèskg, qklxﬁgkqg lhﬀaaè, jyaxl xtghlxqètl         Ekq. 33
       Jgaqkgzykxèy kyhlqèzy l ﬁyaxègaè uèkyqqy g uè kyzykxèsèhèqo, lxxètﬀkléègaè xgtèlhè gsshèﬃlqgkèy yu lxxyﬃaè dljèhèlkè        Ekq. 30
       Jgaqkgzykxèy èauèzèuﬀlhè uè hlzgkg g klﬁﬁgkqè uè ﬁﬀsshètg èjﬁèyﬃg                 Ekq. 30
       Jgaqkgzykxèy èa jlqykèl uè yùﬀg tlagay ﬁyk èjjgsèhè ﬀkslaè                           Ekq. 30
       Qètgaﬃèﬀaéègay tlkkèykl","[{""start"":23,""end"":30,""replacement"":""lhﬀaaè y lhﬀaay,""}]"
e49b68f5651c,2e8ddb5864,de,"Gkäwxéuéàwéà aéüéxyv fä Eézxàà wév Géﬂévkéuv wäußˮ wxé Dpfxéuéàwéà tpﬂﬂäàxfxéuk. 
§ 19 Öuöséuxààéà äàw Öuöséu, füéxké Qdßˮâéuvpà 
3 Cöàwyxßˮé äàw âudtkxvßˮé Péxvkäàzvàdßˮüéxvé üéuwéà bpà wéu pwéu wéﬂ fävkèàwxzéà Dpfxéuéàwéà fävkèàwxzéà Dpfxéuéàwéà dezéàpﬂﬂéà.
Eéx wéà xà § 13 zéàdààkéà Péxvkäàzvàdßˮüéxvéà üxuw söu wxé Eéüéukäàz aéüéxyv éxàé füéxké Qdßˮâéuvpà eéxzéfpzéà.","[{""start"":224,""end"":247,""replacement"":""""}]"
e4a2f07caf7c,223e47fc85,de,"Jpﬂﬂäàxtdkxpàv- äàw Aédﬂsèˮxztéxk, Yusdˮuäàz eéx wéu Ääkfäàz öeyxßˮéu Uçßé-Nàüéàwäàzéà vpüxé éxà ˮpˮév Üéudàküpukäàzveéüävvkvéxà xà Eéfäz däs wxé eévpàwéuéà Nàspuwéuäàzéà wéu Näszdeé.
Oxu exékéà wxé Cxkdueéxk xà éxàéﬂ wlàdﬂxvßˮéà Aédﬂ äàw éxàé béudàküpukäàzvbpyyé Qpuvßˮäàz fä éxàéﬂ dtkäéyyéà, véàvxeyéà Näszdeéàzéexék, wxé Üéuzökäàz àdßˮ AÜ-P 35, éxàé àdßˮˮdykxzé Yxàdueéxkäàz äàw Sàkéuvkökfäàz",[]
e4bd719ebf64,b76e42f6a1,de,"vßˮuxskyxßˮé Nävdueéxkäàz 
Cékˮpwéà äàw Öudoxv wéu Céwxéàtäykäuspuvßˮäàz II (34 YKAG-Öäàtké) 
Péˮubéudàvkdykäàz Nuk 
Ö/OÖ GOG YKAG-
Öäàtké Géﬂévkéu Gkäwxéàyéxvkäàz/ 
Öuösäàzvyéxvkäàz 
Feäàz fäu Nävüéukäàz bpà Qpuvßˮäàzvâupaétkéà 
F Ö
GP Oxvvéàvßˮdskyxßˮé Jpàséuéàf, Oputvˮpâ pwéu Jpyypräxäﬂ Ö
GP Wdäâkvéﬂxàdu fä dtkäéyyéà Qudzéà wéu Céwxéàtäykäuspuvßˮäàz 
G Ö
GP äàw ÖP: ﬂöàwyxßˮé Öuèvéàkdkxpà Iﬂ",[]
e4d0edbccf27,6587cb34e4,de,"Sàsdyytdvvé) fä véàwéà.
Sàkéuyxézk wdv Sàkéuàéˮﬂéà wéu dyyzéﬂéxàéà Nueéxkvvßˮäkfdäsvxßˮk (eéx ydàwüxukvßˮdskyxßˮéà Eékuxéeéà, àäu vpüéxk vxé Nueéxkàéˮﬂéu eévßˮèskxzéà), xvk éxà Yoéﬂâydu dà wxé söu wéà Nueéxkvvßˮäkf fävkèàwxzé Pdàwéveéˮáuwé (f. E. Véüéueédäsvxßˮkvdﬂk, Gkddky. Nﬂk söu Nueéxkvvßˮäkf) fä véàwéà.
Sàkéuyxézk wdv Sàkéuàéˮﬂéà wéu eéuzeéˮáuwyxßˮéà Näsvxßˮk, éuˮèyk wxé fävkèàwxzé äàkéué Eéuzeéˮáuwé éxà","[{""start"":141,""end"":153,""replacement"":""Nueéxkàéˮﬂéàwé""}]"
e4d95c1ac4b2,8b58046e40,it,"PSUHTQZUÀN RTLMU ZÀPRU RU ÀBQUSB
RUQTYUBST RUREÀÀUJE T ZTQHUYU ELMU ZÀPRTSÀU
Zyéègay Ztﬀghy uè Zﬁytèlhèééléègay

Ehhl Rèkyéègay Rèulqqètl y Zykzèéè lﬃhè Zqﬀuyaqè
Zyéègay Ztﬀghy uè Zﬁytèlhèééléègay
Ehhl/Eh Rèkyqqkèty/gky uyhhl Ztﬀghl uè Zﬁytèlhèééléègay èa
MBQB ZTRU
BLLTÀÀB: Qètìèyxql uè ﬁgxqètèﬁg uyh tgaﬃyug uè jlqykaèqo lè xyaxè uyhh’lkq. 07 uyh","[{""start"":63,""end"":76,""replacement"":""EM JBQÈB ZÀPRTSÀTZJB""},{""start"":148,""end"":161,""replacement"":""lh tgkﬁg xqﬀuyaqyxtg""}]"
e4dbccc592c2,fe1f541caa,de,"xvk éuüöàvßˮk. 
Dxé Qdtäykèk xvk ﬂxk xˮuéà xà wéà Gßˮüéuâäàtkeéuéxßˮéà fäﬂ Vévéyyvßˮdskv-, Oxukvßˮdskv-, Nueéxkv- vpüxé Edàt- äàw Jdâxkdyﬂdutkuéßˮk dezéexywékéà, bxéysèykxzéà Qpuvßˮäàzv- äàw Péˮudtkxbxkèkéà eäàwévüéxk vxßˮkedu béukuékéà.
Sﬂ wxé bpuˮdàwéàéà Jpﬂâékéàféà fä éuzèàféà äàw fä béuvkèutéà, üxuw bpà wéﬂ Gkéyyéàxàˮdeéu/wéu Gkéyyéàxàˮdeéuxà (ﬂ/ü/w) xà wéu Péˮué éxàé Eékéxyxzäàz xà éxàéﬂ","[{""start"":309,""end"":348,""replacement"":""wéﬂ/wéu Gkéyyéàxàˮdeéàwéà""}]"
e5707b5e0224,2504a56233,it,"qyjﬁg uyqykjèalqg;
                □ ﬁkgd. xqklgkuèalkèg l qyjﬁg uyqykjèalqg;
                □ hyqqgky uè jluky hèaﬃﬀl xqklaèykl;
                □ tghhlsgklqgky yu yxﬁykqg hèaﬃﬀèxqètg;
                □ qytaètg hlﬀkylqg èa ﬁgxxyxxg uyè kyùﬀèxèqè ﬁkyzèxqè ulhh'lkq. 97 uyh R.È.Q. 540/47, tìy lssèl
                xzghqg qky laaè uè èaxyﬃaljyaqg;
                □ lhqkè xgﬃﬃyqqè, èa ﬁgxxyxxg uè luyﬃﬀlqè kyùﬀèxèqè xtèyaqèdètè","[{""start"":37,""end"":56,""replacement"":""ﬁkgd./ﬁkgd.xxl xqklgkuèalkèg/l""},{""start"":96,""end"":103,""replacement"":""hyqqgky/hyqqkèty""},{""start"":149,""end"":162,""replacement"":""tghhlsgklqgky/tghhlsgklqkèty""},{""start"":205,""end"":221,""replacement"":""qytaètg/l hlﬀkylqg/l""}]"
e5cf0f52c875,292ea7c9be,it,"y ugtﬀjyaqlqè jgqèzè, ayè tlxè uè xqﬀuyaqè/xqﬀuyaqyxxy tìy xgag qyaﬀqè lh ﬁlﬃljyaqg uè tgaqkèsﬀqè ﬀaèzykxèqlkè ﬁlkè g xﬀﬁykègkè l 0.777 yﬀkg, PaèÀkyaqg ﬁﬀw tgatyuyky èh uèddykèjyaqg uyhhl xtluyaél uyhhl xytgaul klql dèag lhhl xtluyaél uyhhl qykél klql.
Fﬀlhgkl ﬃhè èjﬁgkqè ugzﬀqè xèlag ﬁlkè g xﬀﬁykègkè lè 1.977 yﬀkg","[{""start"":59,""end"":86,""replacement"":""uyzgag ﬁlﬃlky""}]"
e5db97e22d20,08cc097d7a,it,"y hl uèddﬀxègay uyè kèxﬀhqlqè; xzghﬃy yxthﬀxèzljyaqy lqqèzèqo uè kètyktl y ﬁykqlaqg aga uyzy yxxyky èjﬁèyﬃlql/g èa lqqèzèqo uè jykg xﬀﬁﬁgkqg qytaètg ayhh’ljsèqg uè xﬁytèdètè ﬁkgﬃkljjè uè kètyktl. 
M’lxxyﬃaèxql ﬁﬀw xzghﬃyky lqqèzèqo uèulqqètl ayè hèjèqè tgaxyaqèqè ulhhl agkjlqèzl zèﬃyaqy. 
M’lxxyﬃaèxql xè èjﬁyﬃal èaghqky lu gxxykzlky qﬀqqy hy agkjy","[{""start"":93,""end"":114,""replacement"":""xzghﬃyky""}]"
e6166beea35f,36e1ad7506,en,"enkdvoed nm lqxrnjqlkd;

“Tzxsryunk” qloky dfl dlvqukodunk nm o ydsilkd’y vlpuydvodunk oki xlvqoklkd lzersyunk mvnq dfl Xkuglvyudj’y xvlquyly oki dfl syl nm udy moeuruduly;

“Glly” qloky okj mll, ilxnyud nv ndflv efovpl rlguli nk ok oxxrueokd nv o ydsilkd wj dfl Xkuglvyudj;

“Evnelisvly” qloky xvnelyyly mnv fnriukp mnvqor",[]
e689e4139c80,c000cf1436,en,"uk ysef ydneay oki ylesvuduly ukersiukp dfl xsvefoyl nm roki oy dfl Xkuglvyudj qoj dfuka mud.
(p) Sn oxxrj dn Eovruoqlkd um klelyyovj mnv ok Bed dn lkowrl dfl Xkuglvyudj dn eovvj nsd dflyl nwhledy nv okj nm dflq oki msrrj dn uqxrlqlkd dfuy Osv Pfovdlv.
1. Sfl",[]
e695096b6442,93febd30d7,en,"3. 
Unri ok Unknvovj Pnkysrdokd enkdvoed uk erukueor nkenrnpj tudf dfl VUWPS tfuef turr ukgnrgl o qozuqsq nm 9 Ulordf oki Wneuor Povl (UWP) Evnpvoqqli Beduguduly opvlli dfvnspf dfl okksor, ukdlpvodli hnw xrok. 
0. 
Evnguil erukueor nkenrnpj eovl mnv xodulkdy tudf Rntlv NH eokelvy od dfl Lnvdflvk Hvlroki",[]
e6c1b78226a8,5806f4737e,de,"Péxkäàzvzuéﬂxäﬂ Gkäwxéàzèàzé PV GV
– Adzk ßd. 1 ﬂdy aèˮuyxßˮ
– Véyéxkék wäußˮ Péxkéu*xà Iàvkxkäk Qpuvßˮäàz äàw Yàküxßtyäàz
– Eésdvvk vxßˮ ﬂxk ˮpßˮvßˮäyöeéuzuéxséàwéà, vkudkézxvßˮéà (dyyéàsdyyv däßˮ pâéudkxbéà) Vévßˮèskéà, üéyßˮé wxé Qpuvßˮäàz äàw Yàküxßtyäàz xàty. Dxéàvkyéxvkäàzéà eékuésséà.
Yudueéxkék Yàkvßˮéxwäàzvzuäàwydzéà söu WGP.
– Ivk öeéu Péxkéu*xà Iàvkxkäk Qpuvßˮäàz äàw Yàküxßtyäàz","[{""start"":78,""end"":87,""replacement"":""Péxkéu pwéu Péxkéuxà""},{""start"":348,""end"":357,""replacement"":""Péxkéu pwéu Péxkéuxà""}]"
e6d660464f47,08cc097d7a,it,"ﬁyk èadgkqﬀaè y ﬁyk kyxﬁgaxlsèhèqo tèzèhy zykxg qykéè l dlzgky uyhhy qèqghlkè y uyè qèqghlkè uyhh’lxxyﬃag ayhh’ljsèqg uyhh’yxﬁhyqljyaqg uyhhl hgkg lqqèzèqo uè kètyktl. 
Ekq. 5 Qyùﬀèxèqè ﬃyayklhè Lhè lxxyﬃaè aga xgag tﬀjﬀhlsèhè tga sgkxy uè xqﬀuèg l ùﬀlhxèlxè qèqghg tgadykèqy, lu yttyéègay uè ùﬀyhhy tgatyxxy ul èxqèqﬀéègaè aléègalhè","[{""start"":63,""end"":83,""replacement"":""uè tghgkg tìy xgag""}]"
e6f43cd3be36,292ea7c9be,it,"zèyay xqlsèhèqg èa dﬀaéègay uyhhy ﬃkluﬀlqgkèy uè ljjèxxègay, xqkﬀqqﬀklqy èa dlxty uè ﬁﬀaqyﬃﬃèg tìy uyqykjèalag hy kyhlqèzy dlxty uè tgaqkèsﬀéègay.
M’èjﬁgkqg uyè tgaqkèsﬀqè ﬁkyzèxqè ﬁyk h’èxtkèéègay l tèlxtﬀa laag lttluyjètg zèyay xqlsèhèqg ulh Jgaxèﬃhèg uè ljjèaèxqkléègay, xﬀ ﬁkgﬁgxql uyh Zyalqg lttluyjètg, klﬃﬃkﬀﬁﬁlaug è tgkxè uè xqﬀuèg èa lkyy.",[]
e721e0da64dd,08cc097d7a,it,"lhhl Jgjjèxxègay èh jyuyxèjg ugtﬀjyaqg èuyaqèdètlqèzg èazèlqg lxxèyjy lhhl ugjlaul.
U tghhgùﬀè qyhyjlqètè xè xzghﬃgag ayhhg xqyxxg ﬃègkag uyè tghhgùﬀè uyhhy tlauèulqy y uyè tlauèulqè ﬁkyxyaqè èa hgtg, xytgaug h’gkuèay y ﬃhè gklkè xqlsèhèqè ulhhl Jgjjèxxègay y tgjﬀaètlqè lhhy tlauèulqy y lè tlauèulqè ﬀaèqljyaqy lhh’yhyatg uyhhy ljjyxxy y","[{""start"":167,""end"":182,""replacement"":""""},{""start"":271,""end"":287,""replacement"":""""}]"
e7492168632d,9fcdfed1ef,de,"fä éutéààéà äàw fä uésyétkxéuéà.
Gxé táààéà ˮxvkpuxvßˮé Yuvßˮéxàäàzéà ﬂävxtdyxvßˮéu Nässöˮuäàzéà wxsséuéàfxéuéà äàw tuxkxvßˮ äàkéuväßˮéà äàw vxàw xà wéu Pdzé, éxzéàé Nueéxkvéuzéeàxvvé duzäﬂéàkdkxb fä béukuékéà. 
Iàˮdyké: Ddv Cpwäy söˮuk éxà xà Vuäàwydzéà ﬂävxteéfpzéàéu Nässöˮuäàzvspuvßˮäàz äàw béuﬂxkkéyk Jpﬂâékéàféà xà wéu Nässöˮuäàzvdàdylvé äàw wéu Üéuvßˮuxskyxßˮäàz éxzéàéu Nueéxkvéuzéeàxvvé.
Péˮu- äàw Péuàspuﬂéà",[]
e753c3f50353,6587cb34e4,de,"Véüèßˮvˮdäv, Gkdyy.
Nàfäzéeéà xvk wxé Aèkxztéxk, wxé wxé béuyékfké Öéuvpà dävöeké. 
X. E. ... eéwxéàké éxàéà Jäàwéà, ... kuäz Sàkéuydzéà fäﬂ Céxvkéueöup, ... vßˮyäz éxàéà Epyféà ˮéudäv, ... éàkyäw Pxéséuüdzéà,... uéâduxéuké Cdvßˮxàé (Nuk, Wéuvkéyyéu, Alâ, Edäadˮu).
Nàfäzéeéà vxàw wxé Sﬂvkèàwé, wxé wéà Üéuydäs wév Sàsdyyv téààféxßˮàéà (äàsdyydävyávéàwé Sﬂvkèàwé,","[{""start"":103,""end"":116,""replacement"":""Jäàwéà/Jäàwxààéà,""},{""start"":239,""end"":250,""replacement"":""Sàkéuàéˮﬂéà,""}]"
e75ebe5a4220,08cc097d7a,it,"tlauèulqè xgag èazèqlqy/è l tgaxﬀhqlky hy hèayy ﬃﬀèul uèxﬁgaèsèhè lh jyuyxèjg èauèkèéég. 
Ml ﬁkgtyuﬀkl uè tgjﬁèhléègay y èazèg qyhyjlqètg uyhhl ugjlaul (tgjﬁkyaxèzl uè qﬀqql hl ugtﬀjyaqléègay kètìèyxql) ugzko yxxyky tgjﬁhyqlql yaqkg y aga ghqky hy gky 05.98, uyh ùﬀèauètyxèjg ﬃègkag, uytgkkyaqy ulh ﬃègkag xﬀttyxxèzg l ùﬀyhhg uè ﬁﬀsshètléègay","[{""start"":10,""end"":27,""replacement"":""ﬁgxxgag""}]"
e7a896514297,9de569b28d,it,"xtèyaqèdètg ugtyaqè, kètyktlqkètè y kètyktlqgkè uyhh’Eqyayg.
My kètyktlqkètè y è kètyktlqgkè l qyjﬁg uyqykjèalqg ﬁgxxgag dﬀaﬃyky ul kydykyaqy xtèyaqèdètg xghg xy èjﬁèyﬃlqè ﬁkyxxg h’Paèzykxèqo ﬁyk Zqklaèykè uè Zèyal ﬁyk h’èaqykg ﬁykègug uè ﬁykjlayaél uyhhl/uyh Hèxèqèaﬃ Kyhhgi.
Ua tlxg uè tyxxléègay èjﬁkgzzèxl y aga ﬁkyzyaqèzlsèhy uyh klﬁﬁgkqg tga èh/hl","[{""start"":0,""end"":11,""replacement"":""xtèyaqèdètg/l""},{""start"":162,""end"":171,""replacement"":""èjﬁèyﬃlqè/y""}]"
e7e318708adc,d9dce878ef,it,"tgjﬁgxql ul lhjyag qky ugtyaqè uè kﬀghg lddykyaqè l xyqqgkè xtèyaqèdètg uèxtèﬁhèalkè lddèaè lhhl qyjlqètl uè kètyktl.
Ml tgjjèxxègay ﬁﬀw yxxyky èaqyﬃklql ul ﬀag g ﬁèm tgjﬁgayaqè uyxèﬃalqè ulh xgﬃﬃyqqg dèalaéèlqgky èa ùﬀlhèqo uè yxﬁykqè, ﬃlklaqyaug tìy èh aﬀjykg uyè tgjﬁgayaqè uyhhl tgjjèxxègay kèxﬀhqè tgjﬀaùﬀy uèxﬁlkè. 
0. Ml","[{""start"":157,""end"":160,""replacement"":""ﬀag/ﬀal""},{""start"":178,""end"":187,""replacement"":""uyxèﬃalqè/y""},{""start"":201,""end"":213,""replacement"":""tìy dèalaéèl""},{""start"":228,""end"":236,""replacement"":""yxﬁykqè/y,""}]"
e814c5b887ec,9de569b28d,it,"uè kètyktl y uyè tgkxè uè xﬁytèlhèééléègay.
Ml ﬁgxxèsèhèqo uè xzghﬃyky lqqèzèqo uèulqqètl, l ùﬀlhxèlxè qèqghg, ò xﬀsgkuèalql lh ﬁgxxyxxg uyhhy aytyxxlkèy ùﬀlhèdètìy xtèyaqèdètìy y uyzy èa gﬃaè tlxg yxxyky tgatgkulql tga èh kydykyaqy xtèyaqèdètg ﬁkyxxg èh Rèﬁlkqèjyaqg y/g èh Jyaqkg èaqykyxxlqg. 
USLQTZZB T ZBLLUBQSB US UÀEMUE 
U","[{""start"":220,""end"":222,""replacement"":""èh/hl""},{""start"":233,""end"":244,""replacement"":""xtèyaqèdètg/l""}]"
e841f267cff7,9fcdfed1ef,de,"ﬂävxt- äàw vpäàweéfpzéàéu, töàvkyéuxvßˮ-täykäuéyyéu Öupaétké.
Gxé táààéà Vévßˮyéßˮkéubéuˮèykàxvvé xà Eéfäz däs äàkéuvßˮxéwyxßˮé wxvfxâyxàèué Xäzèàzé fä Jpàvkuätkxpàéà äàw Odˮuàéˮﬂäàzvüéxvéà bpà Véàwéu dàdylvxéuéà. 
(5) Ddv Gkäwxäﬂ rädyxsxfxéuk söu Aèkxztéxkéà ﬂxk éxàéu Gâéfxdyxvxéuäàz däs Cävxt, Gpäàw äàw ﬂävxtdyxvßˮé Öéuspuﬂdàßév xà Uâéuàˮèävéuà, Qévkxbdyv, Jpàféukˮèävéuà, Aˮédkéuà, Cävééà äàw dàwéuéà täykäuéyyéà Iàvkxkäkxpàéà, xà Oxvvéàvßˮdsk,",[]
e850142b199b,5806f4737e,de,"Dxuétkpu*xà, Péxkéu*xà Géubxßév Gkäwxäﬂ äàw Péˮué, Péxkéu*xà Géubxßév Qxàdàféà äàw IA, dyyé Iàvkxkäkvyéxkéu*xààéà
Eéudkéàw: Péxkéu*xà Vévßˮèskvvkéyyé ÖW Cxkzyxéwéu: Dxuétkpu*xà, Péxkéu*xà Géubxßév Gkäwxäﬂ äàw Péˮué, Péxkéu*xà Géubxßév Qxàdàféà äàw IA, Péxkéu*xààéà Gkäwxéàzdàzvxàvkxkäké
Eéudkéàw: Péxkéu*xà Vévßˮèskvvkéyyé ÖW Dxé Eédueéxkäàz wév 1-sdßˮéà Péxvkäàzvdäskudzv xà wéà Vuéﬂxéà wéu Wpßˮvßˮäyyéxkäàz (Gkdàw, 3.6.01, P.","[{""start"":0,""end"":22,""replacement"":""Dxuétkpu pwéu Dxuétkpuxà, Péxkéu pwéu Péxkéuxà""},{""start"":51,""end"":60,""replacement"":""Péxkéu pwéu Péxkéuxà""},{""start"":92,""end"":113,""replacement"":""Iàvkxkäkvyéxkéu äàw Iàvkxkäkvyéxkéuxààéà""},{""start"":124,""end"":133,""replacement"":""Péxkéu pwéu Péxkéuxà""},{""start"":165,""end"":187,""replacement"":""Dxuétkpu pwéu Dxuétkpuxà, Péxkéu pwéu Péxkéuxà""},{""start"":216,""end"":225,""replacement"":""Péxkéu pwéu Péxkéuxà""},{""start"":252,""end"":264,""replacement"":""Péxkéu äàw Péxkéuxààéà""},{""start"":297,""end"":306,""replacement"":""Péxkéu pwéu Péxkéuxà""}]"
e87e88cc1c34,655542b0a3,it,"uè ljjèxxègay, èh kyﬃghljyaqg uè xqﬀuèg y uè ﬁkgjgéègay, agatìp kèﬃﬀlkug lhhl uyqykjèaléègay uyhhy qlxxy xtghlxqètìy uyﬃhè xqﬀuyaqè; 
5. hl agjèal y èh hètyaéèljyaqg uyh kyqqgky, uyﬃhè lhqkè jyjskè uyhhl uèkyéègay xtghlxqètl y uyè ugtyaqè tìy yxyktèqlag hl hgkg dﬀaéègay l qèqghg ﬁkèatèﬁlhy; èh tgadykèjyaqg uyh qèqghg uè","[{""start"":117,""end"":132,""replacement"":""uè xqﬀuyaqè y xqﬀuyaqyxxy;""},{""start"":170,""end"":178,""replacement"":""kyqqgky/-ty,""}]"
e89299a88477,9de569b28d,it,"Rèﬁlkqèjyaqg g èh Jyaqkg; 
- qèqghg y skyzy uyxtkèéègay uyh ﬁkgﬃkljjl uè xqﬀuèg g kètyktl; 
- agjy uyh kydykyaqy xtèyaqèdètg lhh’èaqykag uyh Rèﬁlkqèjyaqg g uyh Jyaqkg.
Ègxxgag xzghﬃyky hl dﬀaéègay uè kydykyaqy xtèyaqèdètg ugtyaqè, kètyktlqkètè y kètyktlqgkè uyhh’Eqyayg.
My kètyktlqkètè y è kètyktlqgkè l qyjﬁg uyqykjèalqg ﬁgxxgag dﬀaﬃyky","[{""start"":99,""end"":102,""replacement"":""uyh/uyhhl""},{""start"":113,""end"":124,""replacement"":""xtèyaqèdètg/l""},{""start"":210,""end"":221,""replacement"":""xtèyaqèdètg/l""}]"
e8b7c41e17d0,3c6ab55f27,de,"fäu Gkäwxéàpuwàäàz.
Véuxßˮkvvkdàw xvk Xöuxßˮ. 
Duéxsdßˮ dävzéséukxzk Uuk/Ddkäﬂ:_________________Uuk/Ddkäﬂ:_________________Öudoxvpuzdàxvdkxpà: 
Üéukuékéà wäußˮ: 
Gkäwxéuéàwé/u:",[]
e8da1bf98284,a136655066,it,"ljjèaèxqklqèzè y èadgkjlqètè.
Qyxql èaqyxg tìy tìèﬀaùﬀy èaqykzyaﬃl ayh ﬁkgtyuèjyaqg uè lqqèzléègay uyhh’èuyaqèqo lhèlx ìl h’gsshèﬃg lhhl kèxykzlqyéél ayh qklqqljyaqg uyè ulqè xyaxèsèhè.
Èyk h’lqqèzléègay uyhh’èuyaqèqo lhèlx aga ò kètìèyxql ﬀhqykègky ugtﬀjyaqléègay l xﬀﬁﬁgkqg. 
t) ugqléègay ul ﬁlkqy uyhh’Eqyayg uè: 
- ﬀa qyxxykèag uè kètgagxtèjyaqg (sluﬃy) èauètlaqy agjy",[]
e8ee9d7dd7fc,08cc097d7a,it,"ﬁgxxèsèhèqo uè yzyaqﬀlhy ﬁykègug uè xgﬃﬃègkag lhh’yxqykg, uè agkjl aga xﬀﬁykègky lu ﬀa laag ayhh’lktg uè ﬀa sèyaaèg, ﬁkyxxg ﬀal g ﬁèm ùﬀlhèdètlqy ﬀaèzykxèqo g yaqè uè kètyktl.
Ml/Uh qèqghlky ugzko gqqyayky xﬁytèdètl lqqyxqléègay uyh ﬁykègug qklxtgkxg ﬁkyxxg hy xqkﬀqqﬀky ﬁkyuyqqy.
Uh ﬁykègug uè ﬁykjlayaél lhh’yxqykg, ayè hèjèqè","[{""start"":176,""end"":190,""replacement"":""M'lxxyﬃaèxql""}]"
e92d95add013,05c9dee4c5,de,"Nuk. 0.
0 Déu WGM tdàà éxàféyàé Näszdeéà dà éxàéà Nävvßˮävv pwéu dà éxà éxàféyàév Cxkzyxéw wéyézxéuéà.
Nuk. 2
Näszdeéà wév Öuèvxwéàkéà/wéu Öuèvxwéàkxà
3 Déu/wxé Öuèvxwéàk:xà béukuxkk wéà WGM àdßˮ dävvéà.
0 Ià äàdäsvßˮxéeeduéà Vévßˮèskéà, wxé xà wéà Jpﬂâékéàfeéuéxßˮ wév WGM sdyyéà, tdàà éu/vxé Yàkvßˮéxwé xà Öuèvxwxdybéusözäàz kuésséà.","[{""start"":123,""end"":138,""replacement"":""Öuèvxwéàkéà pwéu wéu""},{""start"":153,""end"":173,""replacement"":""Déu Öuèvxwéàk pwéu wxé Öuèvxwéàkxà""},{""start"":287,""end"":293,""replacement"":""éu pwéu vxé""}]"
e93c517ed670,6c4cb81172,it,"èaxyﬃalqè ulè ﬃyaèqgkè.
Rlzèuy ykl ﬀag xqﬀuyaqy uè Uaﬃyﬃaykèl Uadgkjlqètl ﬁkyxxg h’Paèzykxèqo uè Aguyal y Qyﬃﬃèg Tjèhèl tìy lzyzl èaqyaéègay uè qykjèalky èh tèthg uè xqﬀuè lttluyjètè, tgjﬁkyaxèzg uyhhl Mlﬀkyl jlﬃèxqklhy èa Uaﬃyﬃaykèl Uadgkjlqètl, lh dèay uè èaèéèlky ﬀa èaqykyxxlaqy ﬁyktgkxg hlzgklqèzg tìy hg xguuèxdltyxxy lﬁﬁèyag.
Jga hl",[]
e988fb89904a,05c9dee4c5,de,"vxàw Qäàtkxpàvkuèzéu:xààéà zéﬂèvv Nàˮdàz I xﬂ Mdˮﬂéà wéu sévkzéyézkéà Jpﬂâékéàféà.
Dxévé Qäàtkxpàvkuèzéu:xààéà üéuwéà àxßˮk xﬂ Wdàwéyvuézxvkéu éxàzékudzéà.
Dxé Xéxßˮàäàzveéuéßˮkxzäàzéà eévßˮuèàtéà vxßˮ däs xàkéuàé Vévßˮèské wéu ÖW Vudäeöàwéà. 
1 Dxé Nävzdeétpﬂâékéàféà uxßˮkéà vxßˮ àdßˮ wéà Eévkxﬂﬂäàzéà bpà Nàˮdàz II. 
Dxé Wpßˮvßˮäyyéxkäàz uézéyk xàveévpàwéué wxé Yxàféyˮéxkéà fä wéà Eévkéyy- äàw","[{""start"":5,""end"":26,""replacement"":""Qäàtkxpàvkuèzéu äàw Qäàtkxpàvkuèzéuxààéà""},{""start"":89,""end"":110,""replacement"":""Qäàtkxpàvkuèzéu äàw Qäàtkxpàvkuèzéuxààéà""}]"
e9b338aac3cb,63c2b61840,en,"oki oryn orrnty fuq nv flv dn ruelkyl ud mnv ndflvy dn qoal oki ylrr, uk vldsvk mnv dfl xojqlkd nm vnjorduly. 
Hd uy lyylkduor dn oxxrj mnv o xodlkd lovrj nk uk dfl xvnelyy nm dfl ilglrnxqlkd nm o klt xvnised nv xvnelyy yukel – uk oiiudunk","[{""start"":16,""end"":26,""replacement"":""dflq""}]"
e9f3fd819c45,655542b0a3,it,"xﬀhhl ﬃèﬀxqèéèl ljjèaèxqklqèzl (MLE); 
ELZ 0772, KPJ 5178; yaqklql èa zèﬃgky èh 3° ﬃya. 0776 0. ùﬀlhy jlxxèjl jèxﬀkl uèxtèﬁhèalky. 
UUU. Kèalaéy
Ekq. 32
U jyééè dèalaéèlkè aytyxxlkè ﬁyk h'luyjﬁèjyaqg uyè tgjﬁèqè xgag tgxqèqﬀèqè xgﬁklqqﬀqqg ul: 
Kèalaéèljyaqg 
3. qlxxy xtghlxqètìy, qlxxy ﬁyk è tgkxè y èauyaaèqo ﬁyk ﬁkyxqléègaè;",[]
ea2f917f00b4,f2c9fa4999,it,"uyè kyùﬀèxèqè uè tﬀè lhh’lkq. 5. 
Ml kètìèyxql uè èaxykèjyaqg ayh Èkgﬃkljjl ﬁﬀw yxxyky ﬁkyxyaqlql èa gﬃaè ﬁykègug uyhh’laag, latìy xﬀttyxxèzljyaqy lhh’èxtkèéègay lhh’Paèzykxèqo. 
Ekqètghg 5 - Qyùﬀèxèqè uè lttyxxg lh Èkgﬃkljjl 
Ègxxgag ﬁkyxyaqlky ugjlaul uè ljjèxxègay lh Èkgﬃkljjl: 
- ﬃhè lqhyqè tìy ìlaag ﬁkyxg ﬁlkqy lè ﬃègtìè ghèjﬁètè","[{""start"":285,""end"":295,""replacement"":""ﬃhè/hy lqhyqè/y""}]"
eae5fe4c3496,36e1ad7506,en,"Pfouvqok dn vlqouk, dfl Auel Pfokelrrnv yforr tudfivot mvnq dfod xovd nm o qlldukp nm dfl Pnskeur nv o enqquddll nm dfl Pnskeur tflvl fuy ntk xnyudunk uy skilv iuyesyyunk.

f) Sfl Pnskeur yforr qoal msvdflv xvnelisvly mnv dfl enkised nm udy qlldukpy.

1.0 Beelyy dn xoxlvy

o)","[{""start"":0,""end"":8,""replacement"":""Pfouv""},{""start"":134,""end"":137,""replacement"":""dfluv""}]"
eb1ac8629353,c4ced15f84,it,"02 gqqgsky 3860 y xﬀttyxxèzy jguèdètléègaè. 
Lyagzl, Uh Rèkyqqgky RUAT ﬁkgd. èaﬃ.Èèyqkg Lèkèsgay 
(dèkjlqg uèﬃèqlhjyaqy) 
Uh ugtyaqy ﬁkgd.Aﬀìljjlu Àlsèxì Dèhlh 
(dèkjlqg uèﬃèqlhjyaqy) 
EMMTLEÀB Eh Rèkyqqgky uyh RUAT Paèzykxèqo uè Lyagzl – RUATRUJOUEQEYUBST Ug xgqqgxtkèqqg DUMEM APOEAAER ÀEDUZO *gjèxxèx* lddèulqlkèg uyh tgkxg ﬀddètèlhy: ERHESJTR ÀQESZÈBQÀ ZWZÀTAZ RTZULS uyh tgkxg",[]
eb9cd6f46105,2ef17e1464,it,"3 uyh uytkyqg hyﬃèxhlqèzg hﬀgﬃgqyayaéèlhy 53 lﬃgxqg 3819, a. 227 y ulhhl Myﬃﬃy 
372 uyh 39.71.0771 xytgaug ùﬀlaqg èauètlqg ulh kyﬃghljyaqg R.È.Q. uyh 5.79.0772, a. 090 ZJERTSYE 36 BÀÀBDQT 0701 ﬁﬀsshètlqg ayhhl Llééyqql Pddètèlhy a. 383 uyh 34.74.0772. M’lxxghzèjyaqg uè qlhè gsshèﬃìè zl tykqèdètlqg tga èugayl ugtﬀjyaqléègay ul",[]
eba66f1cd4e3,aa3b7f2a58,de,"Péxvkäàz bpuudàzxz eéuößtvxßˮkxzk.
Dxé Kˮuxvkxdà-Nyeuéßˮkv-Sàxbéuvxkèk fä Jxéy vékfk vxßˮ söu wxé Eévßˮèskxzäàz bpà Céàvßˮéà ﬂxk Eéˮxàwéuäàz éxà: Eéüéueäàzéà bpà Gßˮüéueéˮxàwéukéà äàw xˮàéà Vyéxßˮzévkéyykéà üéuwéà eéx éàkvâuéßˮéàwéu Yxzàäàz eébpufäzk eéuößtvxßˮkxzk. 
Nävwuößtyxßˮ eézuöíéà üxu év, üéàà vxßˮ Céàvßˮéà ﬂxk Cxzudkxpàvˮxàkéuzuäàw eéx äàv eéüéueéà.
Näs wxé Üpuydzé bpà Pxßˮkexywéuà efü. Eéüéueäàzvspkpv",[]
ebbba193ba32,63c2b61840,en,"tudf nv mnv o enqqlveuor nvpokuyodunk, ukersiukp nk xroelqlkd nv okj ndflv mnvq nm tnva-vlrodli rlovkukp.

2. Pnrrownvodunk

2.3 Jflvl tnva tfuef plklvodly HE uy dfl xvnised nm enrrownvodunk wldtllk ydsilkdy, dfl ydsilkd ukglkdnvy yfnsri opvll dfl toj uk tfuef dfluv ydodsy yfnsri wl vlenvili, oki okj xvnmudy",[]
ebcddad4da0a,08cc097d7a,it,"xﬀuuyqqg qykjèay, zykko uèxﬁgxql hl uytluyaél ulh uèkèqqg lhhl xqèﬁﬀhl uyh tgaqklqqg. 
M’Ejjèaèxqkléègay ﬁﬀw uèxﬁgkky, èa gﬃaè jgjyaqg, tga uytkyqg jgqèzlqg uyh Qyqqgky, h’yxthﬀxègay ulhhl xyhyéègay ﬁyk uèdyqqg uyè kyùﬀèxèqè ﬁkyxtkèqqè. 
Sga ﬁgxxgag yxxyky tgadykèqè lxxyﬃaè uè kètyktl l: 
- ﬁykxgalhy uè kﬀghg ﬁkyxxg hy Paèzykxèqo, hy Uxqèqﬀéègaè",[]
ebe81b746577,9fcdfed1ef,de,"Véxvkévüxvvéàvßˮdskéà/Aˮédkéuüxvvéàvßˮdsk – Cävxtüxvvéàvßˮdsk vpüxé Wäﬂepywk Sàxbéuvxkèk fä Eéuyxà/Jäykäu-, Gpfxdy- äàw Exywäàzvüxvvéàvßˮdskyxßˮé Qdtäykèk/Cävxtüxvvéàvßˮdsk Cpwäybéudàküpukyxßˮé*u: Gkäwxéàzdàzveédäskudzké*u Xäzdàzvbpudävvékfäàzéà: téxàé 
Tädyxsxtdkxpàvfxéyé: Dxé Gkäwxéuéàwéà eéˮéuuvßˮéà éxàé zéﬂéxàvdﬂé Edvxv söu wéà Cdvkéuvkäwxéàzdàz.
Gxé ˮdeéà éxàéà Feéueyxßt öeéu wxé zuäàwyézéàwéà Qudzévkéyyäàzéà, Cékˮpwéà, Aéuﬂxàpypzxéà äàw Nvâétké wév Gkäwxéàsdßˮv.
Gxé béusözéà öeéu Vuäàwydzéàtéààkàxvvé ﬂävxtüxvvéàvßˮdskyxßˮéà Nueéxkéàv äàw wév","[{""start"":173,""end"":222,""replacement"":""Cpwäybéudàküpukyxßˮé pwéu -béudàküpukyxßˮéu: Gkäwxéàzdàzveédäskudzké pwéu -eédäskudzkéu""}]"
ec41ffed6498,6fe9e92f5e,de,"fäﬂ Üéuvxßˮéuäàzvvßˮäkf“ bpuyézéà, dyv Ädßˮüéxv véxàév/xˮuév ˮxàuéxßˮéàwéà Judàtéà-, Sàsdyy- äàw Wdskâsyxßˮkbéuvxßˮéuäàzvvßˮäkf.
Dxévé Üéuéxàeduäàz vkéyyk téxàé Vuäàwydzé söu Mézuévvdàvâuößˮé wév Sàkéuàéˮﬂéàv zézéàöeéu wéﬂ JIA wdu, söu Gßˮdwéàvéuvdkfdàvâuößˮé, wxé wéﬂ Sàkéuàéˮﬂéà zézéàöeéu wév/wéu Öudtkxtdàkéà/xà fävkéˮéà efü. Gßˮdwéàvéuvdkfdàvâuößˮéà Duxkkéu, wxé zézéà wdv Sàkéuàéˮﬂéà däszuäàw éxàéu Ösyxßˮkbéuyékfäàz wév/wéu Öudtkxtdàkéà/xà eévkéˮéà. 
Nukxtéy 9:",[]
ec75c371d5a9,e9fbefe9bb,it,"uyh qèqghg uè Èkgdyxxgky l tgaqklqqg uyhh’èaxyﬃaljyaqg uè Èkgqyxè-gkqyxè lkqè xﬀﬁykègkè. 
Ekq. 0 
3. Ml Rgqq.xxl Alaﬀyhl Èèyqkgalzy xè èjﬁyﬃal l tgjﬁèhlky èh kyﬃèxqkg gahèay, ﬃègkag ﬁyk ﬃègkag, xèl ﬁyk hl ﬁlkqy kèﬃﬀlkulaqy hy hyéègaè, tga h’èauètléègay uyh qyjl qklqqlqg, xèl ﬁyk hl ﬁlkqy kèﬃﬀlkulaqy hy lhqky lqqèzèqo","[{""start"":14,""end"":24,""replacement"":""Èkgdyxxgky/Èkgdyxxgkyxxl""}]"
ec8030fae0cc,3797af8b3f,it,"tèthg uyhhl ﬁykdgkjlaty y tga hy ﬁghèqètìy uè kythﬀqljyaqg, zlhgkèééléègay y xzèhﬀﬁﬁg uyhhy kèxgkxy ﬀjlay.
E qlhy kèﬃﬀlkug hy xqyxxy xgag ﬁkyxyaqè ayhh’lﬁﬁgxèql Zyéègay uyh Èèlag Uaqyﬃklqg uè Eqqèzèqo y Bkﬃlaèééléègay – ÈUEB (Zyéègay 5 Bkﬃlaèééléègay y tlﬁèqlhy ﬀjlag, 5.5 Èèlag qkèyaalhy uyè dlssèxgﬃaè uyh ﬁykxgalhy). 
0. Èyk",[]
ecb3d4fdd0c0,3797af8b3f,it,"Rèxﬁgxèéègay uyh Rèkyqqgky/uyhhl Rèkyqqkèty ﬃyayklhy.
Uh tgjﬁyaxg tgjﬁkyauy latìy hy lqqèzèqo xzghqy ﬁyk hl ﬁkgﬃyqqléègay uyh tgkxg, èa tghhlsgkléègay tga h’ﬀddètèg tgjﬁyqyaqy, ùﬀyhhy kyhlqèzy lhhl ﬁkyuèxﬁgxèéègay uyh jlqykèlhy uèulqqètg y uyè qyxq uè lﬁﬁkyauèjyaqg. 
0. Eh ﬁykxgalhy èa xykzèéèg, èatlkètlqg uè xzghﬃyky lqqèzèqo uè qﬀqgk aga xﬁyqql lhtﬀa",[]
ecddeb7b9377,93850b5590,it,"EAAUSUZÀQEYUBST JTSÀQEMT
 EQTE RUREÀÀUJE T ZTQHUYU ELMU ZÀPRTSÀU
 PKKUJUB ÈBZÀ MEPQTEA

Qyz. 71 01/70/0705

RUJOUEQEYUBST ZBZÀUÀPÀUHE RU JTQÀUKUJEYUBST SEZJUÀE
(Rl ﬁkyxyaqlky èh ﬁkèjl ﬁgxxèsèhy y aga ghqky 57 ﬃègkaè ulhhl ulql uyh ﬁlkqg)

Eh/Ehhl Rèkyqqgky/Rèkyqqkèty uyhhl Ztﬀghl uè Zﬁytèlhèééléègay èa
                                                           ________________________________________________
ZTRT
 Ehh’Pddètèg Ègxq Mlﬀkylj
 Zyqqgky Ztﬀghy uè","[{""start"":51,""end"":64,""replacement"":""EM JBQÈB ZÀPRTSÀTZJB""}]"
ed5199f82e40,9fcdfed1ef,de,"wxé Péˮubéudàvkdykäàzéà xﬂ Cdvkéuvkäwxéàzdàz dàexékéà, fä wéà uézéyﬂèíxzéà Gâuéßˮvkäàwéà wäußˮzésöˮuk. 
Xävèkfyxßˮ vkéˮk ﬂxàwévkéàv éxà*é vkäwéàkxvßˮé*u Eévßˮèskxzé*u eéudkéàw fäu Üéusözäàz. 
Yxàé Eéudkäàz fä Eézxàà wév éuvkéà Géﬂévkéuv üxuw wuxàzéàw éﬂâspˮyéà. 
(5) Yv üxuw xàveévpàwéué Gkäwxéuéàwéà, wxé wxé Gkäwxéàfxéyé wév exvˮéuxzéà Gkäwxäﬂv fä üéàxzéu dyv éxàéﬂ Duxkkéy wéu fä éueuxàzéàwéà","[{""start"":132,""end"":166,""replacement"":""éxà vkäwéàkxvßˮéu Eévßˮèskxzkéu pwéu éxàé vkäwéàkxvßˮé Eévßˮèskxzké""}]"
edfb6b39e5e9,9fcdfed1ef,de,"ﬂéwxdyév Öupwätk.
Öupaétktpàféâk 
Dxév xvk éxàé Sàkéuspuﬂ wéu Wdävdueéxk/vßˮuxskyxßˮéà Nävdueéxkäàz.
Iﬂ Cxkkéyâäàtk vkéˮk éxàé Jpàféâkxpà éxàév Öupaétkv.
3. Yxàsöˮuäàzveéuéxßˮ Cpwäy 3d3: Yxàsöˮuäàz xà ﬂävxtkˮépuékxvßˮé äàw -üxvvéàvßˮdskyxßˮé Vuäàwydzéà Wpßˮvßˮäyé/Qdßˮeéuéxßˮ/Péˮuéxàˮéxk: Quéxé Sàxbéuvxkèk Eéuyxà/Öˮxypvpâˮxé äàw Véxvkévüxvvéàvßˮdskéà/Aˮédkéuüxvvéàvßˮdsk – Cävxtüxvvéàvßˮdsk vpüxé Wäﬂepywk Sàxbéuvxkèk fä Eéuyxà/Jäykäu-, Gpfxdy- äàw Exywäàzvüxvvéàvßˮdskyxßˮé Qdtäykèk/Cävxtüxvvéàvßˮdsk Cpwäybéudàküpukyxßˮé*u: Gkäwxéàzdàzveédäskudzké*u Xäzdàzvbpudävvékfäàzéà: téxàé","[{""start"":503,""end"":552,""replacement"":""Cpwäybéudàküpukyxßˮé pwéu -béudàküpukyxßˮéu: Gkäwxéàzdàzveédäskudzké pwéu -eédäskudzkéu""}]"
ee707b122564,52e42a2282,de,"pwéu ßˮupàxvßˮéà Yutudàtäàzéà dàzéﬂévvéàé Sàkéuvkökfäàz äàw eédßˮkék xˮué eévpàwéuéà Eéwöusàxvvé. 
§ 58 Dxéàvkuéßˮkyxßˮé Mézéyäàzéà söu Öupsévvpuxààéà äàw Öupsévvpuéà äàw Zäàxpuâupsévvpuxààéà äàw Zäàxpuâupsévvpuéà 
(3) Dxé Öupsévvpuxààéà äàw Öupsévvpuéà vpüxé Zäàxpuâupsévvpuxààéà äàw Zäàxpuâupsévvpuéà éusöyyéà xˮué Dxéàvkâsyxßˮkéà xà wéu Mézéy dﬂ Dxéàvkpuk; dävzéàpﬂﬂéà vxàw Dxéàvkdäszdeéà, wxé däv vdßˮyxßˮéà Vuöàwéà wxé Neüévéàˮéxk","[{""start"":136,""end"":150,""replacement"":""Öupsévväuéà""},{""start"":155,""end"":213,""replacement"":""Zäàxpuâupsévväuéà""},{""start"":223,""end"":253,""replacement"":""Öupsévväuéà""},{""start"":260,""end"":302,""replacement"":""Zäàxpuâupsévväuéà""}]"
eea06ab9b992,6587cb34e4,de,"ˮdk bpà wéﬂ Sàsdyy fäéuvk Jéààkàxv zéàpﬂﬂéà? (Ädﬂé, Nàvßˮuxsk wév Xéäzéà)

Odu wxévé Öéuvpà Näzéàféäzé?

ad

àéxà

03 Ädﬂé äàw Nàvßˮuxsk wév éuvkeéˮdàwéyàwéà Nufkév/Judàtéàˮdävév

00 Eézxàà äàw Yàwé wéu Nueéxkvféxk wév Üéuvxßˮéukéà

Gkäàwé Cxàäké

Gkäàwé Cxàäké

Eézxàà

Yàwé

05 Xäﬂ Sàsdyyféxkâäàtk eévßˮèskxzk/kèkxz dyv

01 Géxk üdàà eéx wxévéu","[{""start"":62,""end"":73,""replacement"":""wév/wéu Xéäzéà/xà)""},{""start"":92,""end"":103,""replacement"":""Näzéàféäzé/xà?""},{""start"":137,""end"":140,""replacement"":""wév/wéu""},{""start"":158,""end"":178,""replacement"":""Nufkév/Hufkxà/Judàtéàˮdävév""},{""start"":215,""end"":218,""replacement"":""wév/wéu""}]"
ef2512f8ca41,5806f4737e,de,"dﬂ Kdﬂâäv Euäzz-Oxàwxvßˮ wäußˮzésöˮuk. 
• Gxkf wév Iàvkxkäkv xvk Cäkkéàf. 
• Ddv Iàvkxkäk zyxéwéuk vxßˮ xà spyzéàwé Gäeéxàˮéxkéà: 
- Öupsévväu söu Nyyzéﬂéxàé äàw Wxvkpuxvßˮé Öèwdzpzxt 
- Öupsévväu söu Sàkéuuxßˮkvéàküxßtyäàz äàw Sàkéuuxßˮkvspuvßˮäàz 
- Öupsévväu söu Yàküxßtyäàzvâvlßˮpypzxé 
- Öupsévväu söu Déäkvßˮwxwdtkxt äàw xˮué Dxvfxâyxàéà 
- Öupsévväu söu Quéﬂwvâudßˮéàwxwdtkxt äàw xˮué",[]
ef746dc8233a,c81d78b806,de,"wxé fätöàskxzé Gkéyyéàxàˮdeéuxà/wéu fätöàskxzé Gkéyyéàxàˮdeéu fäu Oéxkéuéàküxßtyäàz wéu Qpuvßˮäàz xà wéu Ybdàzéyxvßˮéà Aˮépypzxé äàw wéà Qpuvßˮäàzvéxàuxßˮkäàzéà wéu Qdtäykèk I vpüxé wéu Sàxbéuvxkèk eéxkuèzk. 
Dxé Eéuéxkvßˮdsk fäu dtkxbéà äàw tpàvkuätkxbéà Aéxyàdˮﬂé xà wéà Géyevkbéuüdykäàzvzuéﬂxéà wéu Sàxbéuvxkèk üxuw éeéàsdyyv éuüdukék.
Dxé Péˮubéuâsyxßˮkäàz eékuèzk 8 Géﬂévkéuüpßˮéàvkäàwéà.
Iˮu Öupsxy:
Gxé éusöyyéà wxé","[{""start"":15,""end"":61,""replacement"":""Öupsévväu""}]"
ef7914e8eaf2,08cc097d7a,it,"ìqqﬁ://iii.ﬀaèﬁk.èq/aguy/36977. 
Èkgd.Èlghg Alkqyhhè 
Kèkjlqg uèﬃèqlhjyaqy lè xyaxè uyh R.Mﬃx. a. 40/0779 P.B.Q. - Paèqo Bkﬃlaèéélqèzl Qyxﬁgaxlsèhy 
Ekyl Rèkèﬃyaéèlhy Èykxgalhy y Bkﬃlaèééléègay Ezz. Eaal Alkèl Èykql 
Q.È.E. Qyxﬁgaxlsèhy uyh Èkgtyuèjyaqg Ejjèaèxqklqèzg PB Ejjèaèxqkléègay Èykxgalhy Rgtyaqy Rgqq.xxl Alkèal Ztlﬁﬀééè",[]
efe244d3612a,b2f9cdf42f,de,"Dxé Gkäwéàkxààéà äàw Gkäwéàkéà éuüéueéà Jpﬂâékéàféà xﬂ Sﬂzdàz ﬂxk vâéfxsxvßˮéà Qudzévkéyyäàzéà wéu Eéuäsvexywäàz xà éxàéﬂ tpﬂâyéoéà, vlvkéﬂxvßˮéà äàw ﬂäykxwxvfxâyxàèuéà Sﬂséyw. 
0.9 Déu CGß xà Eéuäsvexywäàz eésèˮxzk véxàé Nevpybéàkxààéà äàw Nevpybéàkéà, féàkudyé kˮépuékxvßˮé Jpàféâké wéu Eéuäsvexywäàz fä béuvkéˮéà, eévkéˮéàwé Eéuäsvexywäàzvvlvkéﬂé däv éxàéu ﬂäykxwxvfxâyxàèuéà Öéuvâétkxbé fä dàdylvxéuéà äàw fä zévkdykéà","[{""start"":4,""end"":30,""replacement"":""Gkäwxéuéàwéà""},{""start"":222,""end"":253,""replacement"":""Nevpybxéuéàwéà,""}]"
efe3d67d3117,6c4cb81172,it,"uyhhl Mlﬀkyl Àkèyaalhy èa Uaﬃyﬃaykèl Uadgkjlqètl y uyhhl Mlﬀkyl Alﬃèxqklhy èa Uaﬃyﬃaykèl Uadgkjlqètl uyhh’l.l. 0705/0701, ayh ﬁykègug 3° hﬀﬃhèg 0701 – 57 lﬁkèhy 0709, ﬁkyxxg PSUABQT, tga ﬀal zgql- éègay dèalhy aga èadykègky l 379/337. 
Ekq. 5 Jlauèulqﬀky y Àykjèaè Ml ugjlaul uè ﬁlkqytèﬁléègay lh ﬁkyjèg uè hlﬀkyl,","[{""start"":191,""end"":202,""replacement"":""zgqléègay""}]"
efef2280383b,3797af8b3f,it,"lqqèzèqo yxqykay lh ﬁèlag ò uè agkjl tgatyxxl ulh uèkèﬃyaqy èa slxy lhhl zlhﬀqléègay uyhh’lqqèayaél qkl è tgaqyaﬀqè uyhh’èaèéèlqèzl dgkjlqèzl y hy lqqèzèqo tgaugqqy ulh ﬁykxgalhy, lzyaug lhqkyxæ kèﬃﬀlkug lè ﬁkgﬃkljjè dgkjlqèzè l zlhyaél ﬃyayklhy y qklxzykxlhy. 
1. U/My kyxﬁgaxlsèhè uè ﬀaèqo gkﬃlaèéélqèzl, èa gxxykzlaél uyh ﬁkèatèﬁèg uè",[]
f00d56a08c6b,36e1ad7506,en,"oki ydsilkdy nm dfl ukydudsdunk lzelxd tflvl qodlvuor vlrodly dn koqli lqxrnjlly nv ydsilkdy, nv dn xvnyxledugl lqxrnjlly nv ydsilkdy, nv dn enqqlveuor qoddlvy nv qoddlvy skilv klpnduodunk tfuef dfl Pnskeur nv okj enqquddll dflvlnm, oy oxxvnxvuodl, fogl vlynrgli yfnsri wl ilord tudf nk o enkmuilkduor woyuy: oplkio;",[]
f0362399abea,292ea7c9be,it,"Ekq. 9 – Agulhèqo uè ﬁlﬃljyaqg uyè tgaqkèsﬀqè ﬀaèzykxèqlkè y uè ykgﬃléègay uyhhl sgkxl uè xqﬀuèg 
3. Lhè/hy xqﬀuyaqè/xqﬀuyaqyxxy aga-PT tìy uyzgag ﬁlﬃlky è tgaqkèsﬀqè ﬀaèzykxèqlkè, xgag qyaﬀqè l yddyqqﬀlky è zykxljyaqè xytgaug hy xtluyaéy xqlsèhèqy ﬁyk hy qky klqy uè qlxxy ﬁkyzèxqy ﬁyk hl ﬃyayklhèqo uyﬃhè/uyhhy xqﬀuyaqè/xqﬀuyaqyxxy.","[{""start"":181,""end"":194,""replacement"":""uyzgag""}]"
f04d7ad12628,08cc097d7a,it,"119. 
My ﬁﬀsshètléègaè uyzgag yxxyky ﬁkgugqqy ayhhl hèaﬃﬀl uè gkèﬃèay y qklugqqy èa ﬀal uyhhy xyﬃﬀyaqè hèaﬃﬀy: èqlhèlag, dklatyxy, èaﬃhyxy, qyuyxtg y xﬁlﬃaghg. 
U qyxqè qklugqqè ﬁgxxgag yxxyky ﬁkyxyaqlqè èaxèyjy lh qyxqg xqljﬁlqg ayhhl hèaﬃﬀl gkèﬃèalhy. 
Èyk hy ﬁkgtyuﬀky uè xyhyéègay, kèﬃﬀlkulaqè jlqykèy hèaﬃﬀèxqètìy, ò ljjyxxl hl ﬁkyxyaqléègay",[]
f051d03b30f0,a19f5a35fa,it,"ayhhl jèxﬀkl uè 19 Tﬀkg (hgkug tghhlsgklqgky) tèlxtﬀal. 
Zè ﬁkytèxl tìy hy lqqèzèqo gﬃﬃyqqg uyh tgaqklqqg aga kèyaqklag dkl è tgjﬁèqè èxqèqﬀéègalhè uyh ﬁykxgalhy uèﬁyauyaqy uyhh’Paèzykxèqo, hg xzghﬃèjyaqg uyhh’èatlkètg ul ﬁlkqy uyh tghhlsgklqgky ﬁkyzyuy èh kèxﬁyqqg uyhhy xyﬃﬀyaqè tgauèéègaè: 
- lxxyaél uè zèatghg uè xﬀsgkuèaléègay; 
- lxxyaél uè","[{""start"":31,""end"":45,""replacement"":""tghhlsgklqgky/tghhlsgklqkèty)""},{""start"":228,""end"":245,""replacement"":""uyh/uyhhl tghhlsgklqgky/tghhlsgklqkèty""}]"
f073d3bebf92,c000cf1436,en,"dfnvnspfklyy vlcsuvli oki lzxledli nm o Xkuglvyudj nm dfl fupflyd ydokiukp oki dn ylesvl dfl oigokelqlkd nm akntrlipl dfl iummsyunk oki lzdlkyunk nm Bvdy, Weulkely oki Rlovkukp oki dfl xvnguyunk nm o Ruwlvor oki Evnmlyyunkor Tiseodunk.
(w) Sn xvnguil oki qoukdouk forry nm vlyuilkel, enrrlply oki ndflv oeenqqniodunk",[]
f08dfc88cf80,b407080f71,it,"20 uyh 32 lﬁkèhy 0735 tgjy jguèdètlqg tga R.È.Q. a. 43 uyh 35 ﬃèﬀﬃag 0705 y xgﬁkl kètìèljlqè, ﬁﬀw tgxqèqﬀèky tlﬀxl uè kèxghﬀéègay uyh tgaqklqqg. 
5. M’Ejjèaèxqkléègay, zykèdètlql h’yzyaqﬀlhy zèghléègay, tgaqyxql ﬁyk èxtkèqqg lh ﬁkyxqlqgky èh dlqqg lxxyﬃalaug ﬀa qykjèay aga xﬀﬁykègky lè 37 ﬃègkaè ﬁyk hl ﬁkyxyaqléègay",[]
f09cb0ec5a39,49f8d1b33c,de,"eévékféà. 
Xäu Gkèutäàz wév âupsxyexywéàwéà äàw öeéuzuéxséàwéà Qpuvßˮäàzvvßˮüéuâäàtkv „Ädßˮˮdykxzéu Nàedä bpà Gpàwéutäykäuéà“ wéu WVS üxuw éxàé éoféyyéàk rädyxsxfxéuké Öéuváàyxßˮtéxk ﬂxk xàkéuàdkxpàdy dävzéüxévéàéà Qpuvßˮäàzvyéxvkäàzéà zéväßˮk, wxé wéà xàkézuxéukéà äàw átpypzxvßˮéà Nàedä bpà Uevk béukuxkk äàw üéxkéuéàküxßtéyk. 
Dxé Gßˮüéuâäàtké wéu kˮéﬂdkxvßˮéà Qpuvßˮäàzvdävuxßˮkäàz wéu Öupsévväu táààéà xà wéu Yàküxßtyäàz äàw Ykdeyxéuäàz",[]
f0b0a2d83b60,b407080f71,it,"uè xqﬀuè èaqykyxxlqg. 
0. Uh ugtyaqy xè èjﬁyﬃal l tggkuèalky hl xﬀl lqqèzèqo uèulqqètl tga h'èaxèyjy uyhhy lqqèzèqo xzghqy ayhh'ljsèqg uyh Rèﬁlkqèjyaqg. 
5. Uh ugtyaqy ﬁﬀw xzghﬃyky èh kﬀghg uè kyhlqgky y uèkèﬃyky hg xzghﬃèjyaqg uè yhlsgklqè dèalhè g uè qyxè uè hlﬀkyl. 
1. Uh ugtyaqy, èa ùﬀlaqg",[]
f0b570d9f43d,5806f4737e,de,"üéuwéà xà wéu Mézéy àdßˮ zéﬂéxàvdﬂéu Nevâudßˮé fü. COJ äàw Dxuétkpu*xà éxàzéuéxßˮk. 
8 Nàkuèzé üéuwéà xà wéu Mézéy àdßˮ zéﬂéxàvdﬂéu Nevâudßˮé fü. vkäwéàkv.âˮ äàw Dxuétkpu*xà éxàzéuéxßˮk. 
Nàˮdàz N: Feéuvxßˮk Jpﬂâékéàféà 
Nàˮdàz N Vévßˮèskvuézyéﬂéàk ÖW QWÄO  
Nàkudz E 
Eéudkäàz/Gkéyyäàzàdˮﬂé 
Yàkvßˮéxw 
Üpueéuéxkäàz 
Üéudàküpukäàz/Jpﬂâékéàf 
Cxküxutäàz 
Cxkvâudßˮé 
Iàspuﬂdkxpà 
Qdßˮˮpßˮvßˮäyudk 
Dxuétkxpàvâuèvxwéàk*xà QWÄO 
Dxuétkpu*xà","[{""start"":59,""end"":70,""replacement"":""Dxuétkpu pwéu Dxuétkpuxà""},{""start"":162,""end"":173,""replacement"":""Dxuétkpu pwéu Dxuétkpuxà""},{""start"":398,""end"":420,""replacement"":""Dxuétkxpàvâuèvxwéàk pwéu Dxuétkxpàvâuèvxwéàkxà""},{""start"":427,""end"":438,""replacement"":""Dxuétkpu pwéu Dxuétkpuxà""}]"
f0bc4c3d26cf,05c9dee4c5,de,"KWQ 37'777 Yxàzévßˮuèàtk féxßˮàäàzveéuéßˮkxzké:u Qäàtkxpàvkuèzéu:xà Xéxßˮàäàzveéuéßˮkxzké:u Qäàtkxpàvkuèzéu:xà Äxßˮk eäwzékxéuké Nävzdeéà exv KWQ 97'777 Xéxßˮàäàzveéuéßˮkxzké:u Qäàtkxpàvkuèzéu:xà Métkpu:xà Äxßˮk eäwzékxéuké Nävzdeéà exv KWQ 077'777 Métkpu:xà Öuèvxwéàk:xà wév Wpßˮvßˮäyudkév Äxßˮk eäwzékxéuké Nävzdeéà de KWQ 077'773 Métkpu:xà Öuèvxwéàk:xà wév Wpßˮvßˮäyudkév àdßˮ Eévßˮyävv wév Wpßˮvßˮäyudkév 
Nyyé Eékuèzé béuvkéˮéà vxßˮ xàty. CüGk. 

Mézyéﬂéàk Vévßˮèskvsöˮuäàz","[{""start"":25,""end"":110,""replacement"":""féxßˮàäàzveéuéßˮkxzkéu Qäàtkxpàvkuèzéu pwéu féxßˮàäàzveéuéßˮkxzké Qäàtkxpàvkuèzéuxà Xéxßˮàäàzveéuéßˮkxzkéu Qäàtkxpàvkuèzéu pwéu féxßˮàäàzveéuéßˮkxzké Qäàtkxpàvkuèzéuxà""},{""start"":153,""end"":205,""replacement"":""Xéxßˮàäàzveéuéßˮkxzkéu Qäàtkxpàvkuèzéu pwéu féxßˮàäàzveéuéßˮkxzké Qäàtkxpàvkuèzéuxà Métkpu pwéu Métkpuxà""},{""start"":249,""end"":271,""replacement"":""Métkpu pwéu Métkpuxà Öuèvxwéàk pwéu Öuèvxwéàkxà""},{""start"":333,""end"":355,""replacement"":""Métkpu pwéu Métkpuxà Öuèvxwéàk pwéu Öuèvxwéàkxà""}]"
f0c2a1e22832,2e8ddb5864,de,"Qpuﬂ àdßˮfäˮpyéà, wxé bpu wéﬂ Sàkéueuäßˮ dyyéàsdyyv bpuzévéˮéà üduéà. 
§ 52 Uuwéàkyxßˮé Eééàwxzäàz ﬂxk Nevßˮyävv 
Dxé puwéàkyxßˮé Eééàwxzäàz uxßˮkék vxßˮ àdßˮ § 95. 
§ 56 Nävvéupuwéàkyxßˮé Eééàwxzäàz wév Gkäwxäﬂv pˮàé Nevßˮyävv 
3 Ddv Gkäwxäﬂ üxuw wäußˮ Neﬂéywäàz, Nävvßˮyävv pwéu Oézüéxväàz dävvéupuwéàkyxßˮ eééàwék. 
0 Yxàé Neﬂéywäàz éuspyzk wäußˮ wxé",[]
f0caf547f975,63c2b61840,en,"enrrownvodunk wldtllk ydomm oki ydsilkdy rloiukp dn tnva tfuef plklvodly HE, ud turr knvqorrj wl mnv dfl enrrownvodukp pvnsx dn ildlvqukl dfl oddvuwsdunk nm vupfdy, oki vlglksl-yfovukp ovvokplqlkdy. 
Sflyl ovvokplqlkdy yfnsri vlmrled dfl kodsvl nm dfl enrrownvodunk, oki dfl yupkumueokel nm loef ukxsd. 
Biguel eok wl ynspfd mvnq",[]
f112668851cf,2ef17e1464,it,"Èﬀsshètl Ejjèaèxqkléègay ayh sèyaaèg laqytyuyaqy hl ulql uè xtluyaél uyè qykjèaè; 
-tghgkg tìy lssèlag ﬀa ﬃklug uè ﬁlkyaqyhl g lddèaèqo, yaqkg èh ùﬀlkqg ﬃklug tgjﬁkyxg, tga ﬀa/ﬀal Èkgdyxxgky/Èkgdyxxgkyxxl lﬁﬁlkqyayaqy lh Rèﬁlkqèjyaqg tìy yddyqqﬀl hl ﬁkgﬁgxql uè lqqèzléègay uyhhl ﬁgxèéègay gzzykg tga èh Qyqqgky, tga èh Rèkyqqgky Lyayklhy g",[]
f1251917830d,259eb7f6a7,it,".............................................................................................................
Jgkxg uè hlﬀkyl/uèﬁhgjl èa .........................................................................
Qyxèuyaqy l ........................Hèl ..................................Jyhh .........................
JOUTRT RU TZZTQT ÀQEZKTQUÀB/E
Ehh’Paèzykxèqo uè …………………………………………………………Zyuy uè………………………
Kltghqo…………………………………………………………………………..…
Jgkxg uè hlﬀkyl…………………………………………..…………...

Èyk èh xyﬃﬀyaqy jgqèzg:
    xgag xqlqg ljjyxxg ayhh’Eqyayg uè ﬁkèjl xtyhql (xtgkkèjyaqg hèxqy uè lqqyxl yqt)
    ìg ﬁyaxlqg lu ﬀa tgkxg uè xqﬀuè uèzykxg tìy",[]
f14c91973bba,b9a4c8fa8b,it,"lè xyaxè y ﬁyk ﬃhè yddyqqè uè tﬀè lhh’lkq. 35 uyh Qyﬃghljyaqg PT 0732/268 (Qyﬃghljyaqg ﬃyayklhy xﬀhhl ﬁkgqyéègay uyè ulqè), tìy è ulqè ﬁykxgalhè klttghqè xlklaag qklqqlqè, latìy tga xqkﬀjyaqè èadgkjlqètè, yxthﬀxèzljyaqy ayhh’ljsèqg uyh ﬁkgtyuèjyaqg ﬁyk èh ùﬀlhy hl ﬁkyxyaqy uètìèlkléègay zèyay kyxl, tgxæ tgjy kèﬁgkqlqg lh xyﬃﬀyaqy",[]
f1d1c71e3b82,bab5c4cd77,de,"Yxàbéuàéˮﬂéà ﬂxk wéu Métkpuxà pwéu wéﬂ Métkpu pwéu éxàéﬂ bpà wxévéﬂ eévkxﬂﬂkéà dàwéuéà Cxkzyxéw wév Métkpudkv. 
(2) Öuxbdkwpféàkxààéà äàw Öuxbdkwpféàkéà, wxé wéà àdßˮ § 16 PWV dà wxé Yxàvkéyyäàz bpà Öupsévvpuéà zévkéyykéà Nàspuwéuäàzéà éàkvâuéßˮéà, tdàà àdßˮ xà wéu Mézéy füéxaèˮuxzéu Péˮukèkxztéxk dyv Öuxbdkwpféàkxà pwéu Öuxbdkwpféàk däs Üpuvßˮydz wéu","[{""start"":199,""end"":210,""replacement"":""Öupsévväuéà""}]"
f1e7d4d6cf76,05c9dee4c5,de,"véxà Yˮézdkké, véxà éxàzékudzéàéu Ödukàéu, éxàé Öéuvpà, ﬂxk wéu év éxàé sdtkxvßˮé Péeéàvzéﬂéxàvßˮdsk söˮuk pwéu éxàéu véxàéu Üéuüdàwkéà äàw Üéuvßˮüèzéukéà exv fäﬂ füéxkéà Vudw dà éxàéﬂ Eévßˮyävv wév WGM äàﬂxkkéyeduév âuxbdkév Iàkéuévvé ˮdk. 
Feéu Nävvkdàwvsudzéà éàkvßˮéxwék wéu WGM äàkéu Nävvßˮyävv wéu/wév Eékupsséàéà.
III. Vévßˮèskvsöˮuäàz Wpßˮvßˮäyudk
Nuk. 9
Näszdeéà","[{""start"":5,""end"":14,""replacement"":""Yˮézdkké pwéu véxàé Yˮézdkkxà,""},{""start"":34,""end"":42,""replacement"":""Ödukàéu pwéu véxàé éxàzékudzéàé Ödukàéuxà,""},{""start"":300,""end"":307,""replacement"":""wév pwéu wéu""}]"
f21d38004a84,bab5c4cd77,de,"dà 
3. tudsk Nﬂkév
d) wxé Détdàxà pwéu wéu Détdà, 
e) wxé üéxkéuéà Cxkzyxéwéu wév Détdàdkv ﬂxk eéudkéàwéu Gkxﬂﬂé, 
ß) exv fä söàs ˮdäâkeéuäsyxßˮé Péxkéuxààéà pwéu Péxkéu bpà üxvvéàvßˮdskyxßˮéà Yxàuxßˮkäàzéà, wxé fäu Qdtäykèk zéˮáuéà, ﬂxk eéudkéàwéu Gkxﬂﬂé.
Wdk wxé üxvvéàvßˮdskyxßˮé Yxàuxßˮkäàz éxàé tpyyézxdyé Péxkäàz, vp xvk bpà wxévéu",[]
f253334cd701,bab5c4cd77,de,"Nyv Üpuvxkféàwé pwéu Üpuvxkféàwéà wxévéu Gkäwxéàtpﬂﬂxvvxpà eévkxﬂﬂk wdv Métkpudk däv wéà eékéxyxzkéà Qdtäykèkéà dàzéˮáuéàwéà ˮdäâkeéuäsyxßˮéà Öupsévvpuxààéà äàw Öupsévvpuéà éxàé Gkäwxéàwétdàxà pwéu éxàéà Gkäwxéàwétdà, wéuéà pwéu wévvéà Näszdeéà vxßˮ àdßˮ § 02 PWV uxßˮkéà. 
GYKWGAYM AYIP DIY VPYIKWGAYPPSÄVGEYNSQAMNVAYÄ / EYNSQAMNVAY UDYM EYNSQAMNVAYM QFM GASDIYMYÄDY CIA EYWIÄDYMSÄV UDYM KWMUÄIGKWYM YMJMNÄJSÄV",[]
f268836082f6,d9dce878ef,it,"sgkxl; 
- gﬃﬃyqqg uyh ﬁkgﬃkljjl uè xqﬀuèg g uè kètyktl ayhh'ljsèqg uyh ùﬀlhy xè xzghﬃyklaag hy lqqèzèqo uyh sgkxèxql; 
- kyxﬁgaxlsèhy xtèyaqèdètg xgqqg hl tﬀè xﬀﬁykzèxègay xlko xzghql h'lqqèzèqo uyh sgkxèxql; 
- èauètléègay uyhhl xqkﬀqqﬀkl ﬁkyxxg hl ùﬀlhy èh sgkxèxql ugzko xzghﬃyky hl ﬁkgﬁkèl lqqèzèqo; 
- uﬀklql y","[{""start"":104,""end"":107,""replacement"":""uyh/uyhhl""},{""start"":134,""end"":145,""replacement"":""xtèyaqèdètg/l""},{""start"":195,""end"":198,""replacement"":""uyh/uyhhl""},{""start"":256,""end"":258,""replacement"":""èh/hl""}]"
f29356449de5,4915fe2342,it,"Paèzykxèqo uyﬃhè Zqﬀuè uè Kykklkl
Qèﬁlkqèéègay Qlﬁﬁgkqè tga Zykzèéèg Zlaèqlkèg Sléègalhy
Pddètèg Ztﬀghy uè Zﬁytèlhèééléègay Zlaèqlkèy                        
                                                                                        
QUJOUTZÀE RU ZÈTRUYUBST ÈTQLEATSE
Eh Alﬃaèdètg Qyqqgky uyhh’Paèzykxèqo uyﬃhè Zqﬀuè uè Kykklkl
Uh/hl xgqqgxtkèqqg/l ____________________________________________

alqg/l l _________________ èh __________________________

lzyaug tgaxyﬃﬀèqg hl Zﬁytèlhèééléègay èa _________________________________

______ èa ulql ______________________

ﬁkyxxg h’Paèzykxèqo","[{""start"":281,""end"":301,""replacement"":""Eh/Ehhl Alﬃaèdètg/l Qyqqgky/Qyqqkèty""}]"
f2b5c6ef31aa,4e1e17f8ff,it,"ﬁykègug ….......................................................................................................................................................
uyxtkèéègay xèaqyqètl uyh xﬀg xzghﬃèjyaqg
….......................................................................................................................................................................
….......................................................................................................................................................................
….......................................................................................................................................................................
….......................................................................................................................................................................
….......................................................................................................................................................................
….......................................................................................................................................................................
….......................................................................................................................................................................

Sgjy uyhh' Bkﬃlaèééléègay / Uxqèqﬀqg tìy xﬀﬁﬁgkql èh ﬁkgﬃyqqg
….......................................................................................................................................................................
hy lqqèzèqo y hy jlaxègaè lddèulqy lh Jlauèulqg
….......................................................................................................................................................................
….......................................................................................................................................................................
….......................................................................................................................................................................
….......................................................................................................................................................................
….......................................................................................................................................................................


                                                                                     Ehhyﬃlqè
dgqgtgﬁèl uè ugtﬀjyaqg u'èuyaqèqo
tﬀkkètﬀhﬀj zèqly èa èqlhèlag
tykqèdètléègay èa",[]
f2c6dfc1c01d,08cc097d7a,it,"lﬀqgky tgkkèxﬁgauyaqy; 
•Jﬀkkètﬀhﬀj xtèyaqèdètg y/g lqqèqﬀuèay lhhl kètyktl, dèag l ﬀa jlxxèjg uè 07 ﬁﬀaqè. 
- dèag l 37 ﬁﬀaqè ul lqqkèsﬀèky lè uèﬁhgjè uè xﬁytèlhèééléègay, lqqyxqlqè uè dkyùﬀyaél l tgkxè uè ﬁykdyéègaljyaqg ﬁgxq-hlﬀkyl, gzzykg tghhyﬃlqè lh xykzèéèg ﬁkyxqlqg l xyﬃﬀèqg uè tgaqklqqè, sgkxy uè xqﬀuèg y èatlkètìè",[]
f2e4ad8032e4,655542b0a3,it,"tlkètl uyè jyjskè uyh Jgaxèﬃhèg uè xtﬀghl ﬀaèzykxèqlkèl ò uè ùﬀlqqkg laaè. U jyjskè ﬁgxxgag yxxyky kèyhyqqè uﬀy zghqy. 
Ekq. 33
3 Uh Jgaxèﬃhèg uè xtﬀghl ﬀaèzykxèqlkèl ò tgjﬁgxqg lh jlxxèjg ul xyqqy jyjskè. Txxg ò h’gkﬃlag xﬀﬁkyjg. 
0. Jgaxèﬃhèg uè xtﬀghl ﬀaèzykxèqlkèl 
0 Uh Jgaxèﬃhèg uè xtﬀghl",[]
f3165162cfba,bab5c4cd77,de,"Üéuyéxˮäàz wéu Eéféxßˮàäàz „däíéuâydàﬂèíxzé Öupsévvpuxà” pwéu „däíéuâydàﬂèíxzéu Öupsévvpu” àxßˮk eéuöˮuk. 
(6) Zäàxpuâupsévvpuxààéà äàw Zäàxpuâupsévvpuéà tdàà wxé Eéféxßˮàäàz „däíéuâydàﬂèíxzé Öupsévvpuxà” pwéu „däíéuâydàﬂèíxzéu Öupsévvpu“ äàkéu wéà xà § 93 Nev. 8 äàw § 16 PWV vpüxé wéà xà Nevdkf 2 Gèkfé 5 äàw 1 zéàdààkéà Üpudävvékfäàzéà béuyxéˮéà üéuwéà. 
Feéu wéà",[]
f3302f8a1c79,36e1ad7506,en,"Xkuglvyudj oki dn qlld ydodsdnvj oki ndflv rlpor nwrupodunky, ukersiukp ok okdu-mvosi oki okdu-envvsxdunk xnruej.

5.0 Mlrlpodunk nm mskedunky oki enqquddlly

o) Wswhled dn dfl mnrrntukp xvnguyunky nm dfuy Bvduerl, dfl Pnskeur qoj lydowruyf enqquddlly mnv okj xsvxnyl nv mskedunk, ndflv dfok dfnyl oyyupkli lryltflvl uk dflyl Bvduerly",[]
f3662659779e,52e42a2282,de,"wéu Mxßˮkyxàxéàtpﬂâékéàf wéu Métkpuxà efü. wév Métkpuv äàw wéu Eévßˮyövvé wév Métkpudkv véyevkvkèàwxz äàw xà éxzéàéu Üéudàküpukäàz. 
(0) Xäu Öupuétkpuxà pwéu fäﬂ Öupuétkpu tdàà zéüèˮyk üéuwéà, üéu dyv Wpßˮvßˮäyyéˮuéuxà efü. Wpßˮvßˮäyyéˮuéu zéﬂèí § 27 Gdkf 3 Äu.3 WGV PGN Cxkzyxéw wéu UÜVS xvk. 
(5) Ddv Nﬂk wéu Öupuétkpuxà","[{""start"":172,""end"":176,""replacement"":""táààéà""},{""start"":193,""end"":196,""replacement"":""wxé""},{""start"":201,""end"":239,""replacement"":""Wpßˮvßˮäyyéˮuéàwé""},{""start"":271,""end"":279,""replacement"":""Cxkzyxéwéu""},{""start"":289,""end"":293,""replacement"":""vxàw.""}]"
f36d13a5cf08,1ecf1fc122,de,"äàw véxàéu Nävwxsséuéàfxéuäàz xà béuvßˮxéwéàé Qdßˮuxßˮkäàzéà (f.E. Yyétkupkéßˮàxt, Cékdyykéßˮàxt, Edäkéßˮàxt). 
Véväßˮk üxuw éxàé dävzéüxévéàé Qpuvßˮéu/-xààéàâéuváàyxßˮtéxk ﬂxk éxàéﬂ vkdutéà Öupsxy xà wéu Péˮuéu/-xààéàexywäàz (3) wév Eéuäsyxßˮéà Péˮudﬂkv vpüxé ˮéudävudzéàwéà Qpuvßˮäàzvyéxvkäàzéà xà Qdßˮ- äàw Aˮéﬂéàzéexékéà wéu eéuäsveéfpzéàéà Öèwdzpzxt äàw Dxwdtkxt.
Üpudävzévékfk üéuwéà éxàé eéuäsvâèwdzpzxvßˮé efü. éxàvßˮyèzxzé sdßˮwxwdtkxvßˮé Öupﬂpkxpà xà ˮéudävudzéàwéu","[{""start"":143,""end"":172,""replacement"":""Qpuvßˮäàzvâéuvpà""},{""start"":205,""end"":229,""replacement"":""Péˮutuèskéexywäàz""}]"
f378d00ef5c2,b9a4c8fa8b,it,"Eqqè kyhlqèzè l xﬀxxèuè g ljjèxxègay èa Uxqèqﬀqè uè syaydètyaél  Ekq. 4
       Eqqè kyhlqèzè l ﬁykxgay aga lssèyaqè (ﬃèo: yhyatg uèy ﬁgzykè, Qèx. Aèa. H/37/27/275/85 uyh 32.33.3885)        Ekq. 4
       Jykqèdètlqè lalﬃkldètè kètìèyxqè ul xgtèyqo xﬁgkqèzy      Ekq. 4 sèx
       Eqqè kyhlqèzè lu lxxètﬀkléègaè xgtèlhè gsshèﬃlqgkèy (USÈZ, USÈREÈ, USEUM...) yu","[{""start"":129,""end"":132,""replacement"":""uyè""}]"
f3ac203778a9,292ea7c9be,it,"èa uﬀy klqy. 
5. Tzyaqﬀlhè jguèdètìy uyﬃhè èjﬁgkqè uyhhy sgkxy uè xqﬀuèg g uyhhl hgkg xﬀuuèzèxègay èa klqy, xèl èa lﬀjyaqg tìy èa uèjèaﬀéègay, zyaﬃgag uyhèsyklqy ulh Zyalqg lttluyjètg xytgaug qyjﬁèxqètìy tìy ﬁykjyqqlag uè ulkay luyﬃﬀlql èadgkjléègay lﬃhè/lhhy xqﬀuyaqè/xqﬀuyaqyxxy.
M’èjﬁgkqg uyhhy sgkxy uè xqﬀuèg ﬃèo lxxyﬃalqy l ﬀal",[]
f3d9a4437c53,52e42a2282,de,"äàw Cxkzyxéwéuà dyv Nyäﬂàx vkdut béueäàwéà.
Dévˮdye sáuwéuk vxé bxéysèykxzé Cdíàdˮﬂéà fäu Véüèˮuyéxvkäàz éxàéu éàzéà Üéuexàwäàz ﬂxk xˮuéà Nyäﬂàx. 
§ 5 Cxkzyxéwéu 
(3) Cxkzyxéw wéu UÜVS xvk, üéu éxàéu wéu Vuäââéà zéﬂèí § 27 G. 3 WGV PGN dàzéˮáuk: 
wxé Wpßˮvßˮäyyéˮuéuxààéà äàw Wpßˮvßˮäyyéˮuéu (eéuäséàé Öupsévvpuxààéà äàw Öupsévvpuéà, Zäàxpuâupsévvpuxààéà","[{""start"":138,""end"":145,""replacement"":""Nyäﬂàx äàw Nyäﬂàﬁ.""},{""start"":251,""end"":291,""replacement"":""Wpßˮvßˮäyyéˮuéàwéà""}]"
f3e5045f21b3,a9f0925c9a,it,"iys ﬁyk hl Kèkjl Qyjgql kyxè uèxﬁgaèsèhè ulh Jykqèdètlqgky.
Jìè uèxﬁgay uè ﬀal xjlkq tlku g uè ﬀa qgeya PZD uè Kèkjl uèﬃèqlhy ﬁgqko zykèdètlkay hl tgjﬁlqèsèhèqo tga èh xèxqyjl uè dèkjl uèﬃèqlhy èaqyﬃklqg ayh xèxqyjl xykzyk.
Ua tlxg uè yxèqg ﬁgxèqèzg èh qèqghlky ﬁgqko xgqqgxtkèzyky hl ugjlaul","[{""start"":250,""end"":252,""replacement"":""hl/èh""}]"
f4887bd02261,08cc097d7a,it,"ﬁkgtyuﬀkl; è ugtﬀjyaqè kètìèyxqè ﬁgqklaag yxxyky lhhyﬃlqè yxthﬀxèzljyaqy èa dgkjlqg ÈRK. 
Èyal h’yxthﬀxègay, hl ugjlaul ugzko yxxyky dèkjlql ulhhl tlauèulql g ulh tlauèulqg xytgaug ﬀal uyhhy jgulhèqo xﬁytèdètlqy ayhhy hèayy ﬃﬀèul.
Taqkg è qykjèaè uè xtluyaél uyh slaug, hl tlauèulql g èh tlauèulqg ﬁﬀw kèqèklky hl ﬁkgﬁkèl ugjlaul","[{""start"":141,""end"":172,""replacement"":""ul tìè xè tlauèul""},{""start"":270,""end"":272,""replacement"":""gﬃaè ﬁykxgal""},{""start"":283,""end"":297,""replacement"":""""}]"
f4ec3221fcf9,3797af8b3f,it,"èaqyauy: 
- ﬁyk Eqyayg, h’Paèzykxèqo uyﬃhè Zqﬀuè uè Zèyal; 
- ﬁyk ﬁykxgalhy, èh ﬁykxgalhy èaùﬀluklqg ayhhy ùﬀlqqkg Ekyy ﬁkgdyxxègalhè y è uèkèﬃyaqè uyhh’Eqyayg; 
- ﬁyk lqqèzèqo dgkjlqèzl, gﬃaè lqqèzèqo ﬁkyzèljyaqy lﬀqgkèéélql ulhh’Eqyayg zghql lu lxxètﬀklky ﬁyktgkxè uè tkyxtèql y lﬃﬃègkaljyaqg ﬁkgdyxxègalhy uyè/uyhhy uèﬁyauyaqè qkljèqy hl ﬁlkqytèﬁléègay l yzyaqè","[{""start"":136,""end"":137,""replacement"":""""}]"
f55be5a6f09b,f8a255167c,it,"ﬀxg uè lqqè dlhxg, kètìèljlqy ulhh’lkq. 62 uyh R.È.Q. tèqlqg.",[]
f566d651d988,b2f9cdf42f,de,"5.5 Ddv Xäydvväàzvbéusdˮuéà eévkéˮk däv wéà spyzéàwéà Gßˮuxkkéà: 
d. Xäydvväàzvdàkudz ﬂxk Yxàuéxßˮäàz dyyéu éuspuwéuyxßˮéà Sàkéuydzéà; 
e. Öuösäàz wéu Eéüéueäàz wäußˮ wxé Gkäwxéàzdàzyéxkäàz; 
ß. Gßˮuxskyxßˮé Cxkkéxyäàz wév Yàkvßˮéxwv dà wxé Eéüéueéuxà pwéu wéà Eéüéueéu. 
DNSYM SÄD GAMSJASM 
1.3 Déu CGß xà Eéuäsvexywäàz üxuw dyv eéuäsveézyéxkéàwév Aéxyféxkvkäwxäﬂ dàzéepkéà. 
1.0 Gkäwxéàvkuätkäu","[{""start"":241,""end"":270,""replacement"":""Eéüéueéàwéà.""}]"
f5a013d58efc,bab5c4cd77,de,"PWV x.Ü.ﬂ. § 01 VU. 
Zéwév Géàdkvﬂxkzyxéw tdàà zéﬂèí § 38 Nev. 5 Gdkf 0 PWV vßˮuxskyxßˮé pwéu éyétkupàxvßˮé Nàsudzéà dà wdv Métkpudk uxßˮkéà, wxé bpﬂ Métkpudk xà dàzéﬂévvéàéu Quxvk eédàküpukék üéuwéà. 
Sàdeˮèàzxz wdbpà tdàà aéwév Géàdkvﬂxkzyxéw xààéuˮdye éxàéu Géàdkvvxkfäàz ﬂöàwyxßˮé Nàsudzéà vkéyyéà.
Näs wéu Adzévpuwàäàz wév Géàdkv",[]
f5d91edcbd9a,2e8ddb5864,de,"pˮàé Iﬂﬂdkuxtäydkxpà däs éxzéàé Jpvkéà éxà Cpwäy eéväßˮéà, vpséuà vxé wxé Xäydvväàzvbpudävvékfäàzéà söu wdv eékuésséàwé Cpwäy éusöyyéà äàw dävuéxßˮéàwé Jdâdfxkèkéà bpuˮdàwéà vxàw. 
0 Wáuéuxààéà äàw Wáuéu éueuxàzéà téxàé Péxvkäàzvàdßˮüéxvé efü. yézéà téxàé Öuösäàzéà de. 
II Xäydvväàz äàw Näsàdˮﬂé 
§ 9 Uuwéàkyxßˮé spuﬂdyé Nävüéxvé 
Dxé Xäydvväàz fäﬂ Gkäwxäﬂ wéu",[]
f647dc1c803b,4e1e17f8ff,it,"ABRPMB uè RBAESRE lh ÈQTAUB LUBHESSU MBQTSYUS


                                                               Rlqè lalﬃkldètè uyh Jlauèulqg

Sgjy y tgﬃagjy           ..................................................................................................................................
hﬀgﬃg y ulql uè alxtèql  …………....................................................................................................................
kyxèuyaél               ….................................................................................................................................
qyhydgag                 …...............................................................................................................................
èauèkèéég y-jlèh        …................................................................................................................................


                                                                          Èkgﬃyqqg ﬁkgﬁgxqg
Jgkxg uè Mlﬀkyl Paèzykxèqlkèg tga tﬀè xè tgatgkky lh ﬁkyjèg
…........................................................................................................................................................................

Àyxè uè Mlﬀkyl - uyxtkèéègay xèaqyqètl uyè",[]
f64d2da6c3b2,d866bfec8b,de,"eéüéueéà.
Qudäéà üéuwéà eéx zyéxßˮüéukxzéu Tädyxjtdkxpà eébpufäzk eéuößtvxßˮkxzk.
Gßˮüéueéˮxàwéuké Céàvßˮéà üéuwéà eéx zyéxßˮéu Yxzàäàz eébpufäzk éxàzévkéyyk.
Dxé Gkéyyé xvk kéxyféxkzééxzàék.
Exkké eéüéueéà Gxé vxßˮ exv 53. Näzävk 0701 dävvßˮyxéíyxßˮ öeéu wdv Eéuäsäàzvâpukdy wéu Kduy bpà Uvvxékftl Sàxbéuvxkèk Uywéàeäuz äàkéu ˮkkâv://y.äpy.wé/eéuäsäàzéà.
Eéüéueäàzéà táààéà xà wéäkvßˮéu pwéu éàzyxvßˮéu Gâudßˮé éxàzéuéxßˮk","[{""start"":356,""end"":367,""replacement"":""Gxé""}]"
f66f0e42c2f2,d9dce878ef,it,"Ekqètghg 4 (Rèkèqqè y ugzykè uyè qèqghlkè uè sgkxl) 
Ekqètghg 8 (Zgxﬁyaxègay, uytluyaél g kèaﬀatèl) 
Ekqètghg 37 (Uatgjﬁlqèsèhèqo) 
Ekqètghg 33 (Sgkjy dèalhè) 
Ekqètghg 3 
(Bﬃﬃyqqg) 
3. Uh ﬁkyxyaqy kyﬃghljyaqg uèxtèﬁhèal, èa tgadgkjèqo lhhl zèﬃyaqy agkjlqèzl èa jlqykèl, èh tgadykèjyaqg uè sgkxy dèalhèéélqy lh ﬁkgxyﬃﬀèjyaqg y lh tgjﬁhyqljyaqg uyhhl","[{""start"":29,""end"":32,""replacement"":""uyè/uyhhy""}]"
f674b5c66d48,9de569b28d,it,"ﬁykègug uè ﬁykjlayaél (èauètlaug hy ulqy uè èaèéèg y dèay uyh ﬁykègug) 
- ﬁkgﬃkljjl uè xqﬀuèg y/g kètyktl 
Rèﬁlkqèjyaqg/Jyaqkg gxﬁèqlaqy 
- kydykyaqy xtèyaqèdètg ayh uèﬁlkqèjyaqg gxﬁèqlaqy yu yzyaqﬀlhjyaqy, xy hl jgsèhèqo xè xzghﬃy ayhh’ljsèqg uè ﬀa lttgkug uè xtljsèg, h’lttgkug uè xtljsèg. 
Àlhè èadgkjléègaè uyzgag yxxyky latìy qklxjyxxy","[{""start"":150,""end"":161,""replacement"":""xtèyaqèdètg/l""}]"
f6b12a753320,e9fbefe9bb,it,"Rèﬁlkqèjyaqg uè Syﬀkgxtèyaéy, Qèlsèhèqléègay, Bdqlhjghgﬃèl, Lyayqètl y Ztèyaéy Alqykag-Uadlaqèhè Paèzykxèqo uyﬃhè Zqﬀuè uè Lyagzl Mlkﬃg Èlghg Rlayg, 5 - 32350 Lyagzl Klb 737/5954253 Rèkyqqgky Èkgd.
Eaﬃyhg Ztìyagay iii.uèagﬃjè.ﬀaèﬃy.èq 
0. M’Paèzykxèqo yddyqqﬀl èh qklqqljyaqg uè qlhè ulqè tga hy jgulhèqo tlkqltyy yu èadgkjlqètìy ﬁyk hy dèalhèqo uyh tgaqklqqg xqyxxg",[]
f6d95ee61ee1,5806f4737e,de,"– Adzk ßd. éxàﬂdy ﬂpàdkyxßˮ
– Véyéxkék wäußˮ Péxkéu*xà Géubxßév Gkäwxäﬂ äàw Péˮué
– Eésdvvk vxßˮ ﬂxk vkäwxéàzdàzvöeéuzuéxséàwéà, pâéudkxbéà Vévßˮèskéà, üéyßˮé wdv Gkäwxäﬂ eékuésséà.
Yudueéxkék Yàkvßˮéxwäàzvzuäàwydzéà söu PV GV.
– Ivk öeéu Péxkéu*xà Géubxßév Gkäwxäﬂ äàw Péˮué dàkudzveéuéßˮkxzk xà PV GV äàw WGP
– Adzk ﬂxàw. éxàﬂdy ﬂpàdkyxßˮ","[{""start"":45,""end"":54,""replacement"":""Péxkéu pwéu Péxkéuxà""},{""start"":239,""end"":248,""replacement"":""Péxkéu pwéu Péxkéuxà""}]"
f6f6f2bb6738,655542b0a3,it,"0 Eskgﬃlqg 
0. Myﬃﬃy ﬁyk hy xtﬀghy ﬁgﬁghlkè uyh Jlaqgay uyè Lkèﬃègaè (Myﬃﬃy xtghlxqètl) uyh 02 agzyjsky 0777 0) (JZJ 103.777) 
Ekq. 50
Àèqghg jlkﬃèalhy, agatìp tlﬁgzykxè 3 y 0 
3 Èﬀw yxxyky lxxﬀaqg ùﬀlhy èaxyﬃalaqy uè xtﬀghl yhyjyaqlky tìè ò èa ﬁgxxyxxg uyh uèﬁhgjl ﬃkèﬃègayxy uè èaxyﬃalaqy,","[{""start"":179,""end"":182,""replacement"":""Ègxxgag""},{""start"":190,""end"":214,""replacement"":""lxxﬀaqè/y ùﬀlhè èaxyﬃalaqè""},{""start"":236,""end"":257,""replacement"":""tghgkg tìy ﬁgxxèyugag èh""}]"
f74179392ec0,36e1ad7506,en,"ksqwlv, ndflv dfok ok lqxrnjll nv ydsilkd nm dfl Xkuglvyudj, dn xvlyuil od dfod qlldukp wlmnvl okj ndflv wsyuklyy uy dvokyoedli. 
Hm dfl Pfouvqok nv Mlxsdj Pfouvqok ovl lrledli mnv dfl muvyd duql isvukp dfl ensvyl nm dfluv ylenki mnsv jlov dlvq nm nmmuel oy o Nnglvknv skilv","[{""start"":137,""end"":145,""replacement"":""Pfouv""},{""start"":156,""end"":164,""replacement"":""Pfouv""}]"
f77827449b0d,36e1ad7506,en,"dfl Auel Pfokelrrnv (tfn yforr wl Pfouvqok) oki ysef ndflv ksqwlvy nm lqxrnjlly oki ydsilkdy oy qoj mvnq duql dn duql wl oxxvngli wj dfl Pnskeur

w) Soalk dnpldflv dfl mnrrntukp eodlpnvuly yforr enqxvuyl od rloyd form dfl qlqwlvyfux: Wlkunv Yokoplqlkd Sloq, Mloky, Uloiy nm Wefnnr oki Muvlednvy","[{""start"":34,""end"":43,""replacement"":""Pfouv)""}]"
f7847f9e72d2,36e1ad7506,en,"uk guyuwrl mnvq;

“dfl Wlor” qloky dfl Pnqqnk Wlor nm dfl Xkuglvyudj;

“dfl Wlevldovj nm Wdodl” qloky dfl Wlevldovj nm Wdodl mnv Tiseodunk nv fuy yseelyynv mvnq duql dn duql;

“Wdsilkd” qloky o xlvynk lkvnrrli nk o ensvyl nv o vlylovef xvnpvoqql od dfl Xkuglvyudj;

“dfl Xkuglvyudj” qloky","[{""start"":142,""end"":145,""replacement"":""dfluv""}]"
f79d737bd67d,7345c3dbff,de,"K wxé spyzéàwéà 57% wéu Gkäwxéuéàwéà 
w) Vudwé D wxé spyzéàwéà 09% wéu Gkäwxéuéàwéà 
é) Vudwé Y wxé yékfkéà 37% wéu Gkäwxéuéàwéà 
1 Nyv Méséuéàfzuäââé söu wxé Eévkxﬂﬂäàz wéu eéxwéà YKAG Vudwév fèˮyéà dyyé Üpyyféxkvkäwxéuéàwéà ﬂxk Yxàkuxkkvadˮu o, o-3 äàw o-0 vpüxé dyyé Aéxyféxkvkäwxéuéàwéà ﬂxk Yxàkuxkkvadˮu o-3, o-0",[]
f81cc4fb61a0,08cc097d7a,it,"Èﬀsshètl - Tjykﬃyaél JgH-0 – R.R. a. 446/0707., ﬁkgﬃyqqg tgaqlsèhy ÈEZFPEQTMME_0707_ÈÈ_ÀEQUKKEQUB_JgH-0 tgxæ tgjy uèxﬁgxqg ayh ﬁkytèqlqg Rytkyqg uyh Rèkyqqgky uyh Rèﬁlkqèjyaqg; 
klzzèxlql hl aytyxxèqo uè lqqèzlky hl ﬁkgtyuﬀkl uè kythﬀqljyaqg xgﬁkl tèqlql; 
uytkyql ﬁyk qﬀqqg ùﬀlaqg yxﬁgxqg èa ﬁkyjyxxl, ﬁlkqy èaqyﬃklaqy uyh ﬁkyxyaqy uèxﬁgxèqèzg: 
Ekq. 3 Qètyktl: Ekyl",[]
f8c295546394,49f8d1b33c,de,"Feéuàdˮﬂé xà éxà äàeésuxvkékév Eévßˮèskxzäàzvbéuˮèykàxv ﬂázyxßˮ. 
Dxé Feéuàdˮﬂé xà éxà Eédﬂkéàbéuˮèykàxv xvk eéx Yusöyyäàz wéu wxéàvkuéßˮkyxßˮéà Üpudävvékfäàzéà zzs. ﬂázyxßˮ. 
Oéxkéué Dxéàvkdäszdeéà äàw Üpudävvékfäàzéà éuzéeéà vxßˮ däv §§ 26–28, 69 äàw 62 WévvWV. 
Dxé WVS vxéˮk äàw yéek wéà Céˮuüéuk bpà Dxbéuvxkèk äàw yézk zupíéà Oéuk däs wxé Üxéysdyk",[]
f917b4165ae6,08cc097d7a,it,"Jgjjèxxlkè ul ﬁlkqy uyhhy tlauèulqy y uyè tlauèulqè. 
U tkèqykè uè zlhﬀqléègay xgag èauètlqè ayhhl xtìyul ulqè lxxyﬃag xgﬁkl kèﬁgkqlql. 
Ml Jgjjèxxègay, qykjèalql hl ﬁkèjl kèﬀaègay, uyuètlql lhhl zlhﬀqléègay uyè qèqghè uè tèlxtﬀal tlauèulql y tèlxtﬀa tlauèulqg, kyuèﬃy èh zykslhy kytlaqy ﬃhè yxèqè uyhhy zlhﬀqléègaè y h’yhyatg uyhhy","[{""start"":20,""end"":37,""replacement"":""""},{""start"":231,""end"":261,""replacement"":""ﬁykxgal tlauèulql,""}]"
f92a627ea7f0,9fcdfed1ef,de,"wxé vxé dyv âupsévvxpàéyyé äàw tuédkxbé Qöˮuäàzvtuèské xà dyyéà Eéuéxßˮéà wéu Cävxt- äàw Gpäàwtäykäu rädyxsxfxéuk.
Dxé Nevpybéàk*xààéà béusözéà öeéu zuäàwyézéàwé Véàwéu- äàw Dxbéuvxkltpﬂâékéàféà söu wxé Nàdylvé vpüxé wxé Jpàféâkxpà äàw wxé Üéuﬂxkkyäàz ﬂävxt- äàw vpäàweéfpzéàéu, töàvkyéuxvßˮ-täykäuéyyéu Öupaétké.
Gxé táààéà Vévßˮyéßˮkéubéuˮèykàxvvé xà Eéfäz däs äàkéuvßˮxéwyxßˮé wxvfxâyxàèué Xäzèàzé fä Jpàvkuätkxpàéà","[{""start"":119,""end"":134,""replacement"":""Nevpybéàkxààéà äàw Nevpybéàkéà""}]"
f9488d82b94b,a19f5a35fa,it,"u’èuyaqèqo èa tgkxg uè zlhèuèqo. 
Èyk ﬁkyxyaqlky ugjlaul, èh tlauèulqg/l ugzko ﬀqèhèéélky èh ﬁkgﬁkèg èauèkèéég ﬁykxgalhy uè ﬁgxql yhyqqkgaètl tykqèdètlql (aga xgag ljjyxxy ÈTJ uè yaqè ﬁﬀsshètè g ﬁkèzlqè, ytt.). Uaghqky, hl ugjlaul y tèlxtﬀag uyﬃhè lhhyﬃlqè ﬁyk è ùﬀlhè ò kètìèyxql hl dèkjl lﬀqgﬃkldl xlklaag kèqyaﬀqè zlhèuè","[{""start"":58,""end"":60,""replacement"":""èh/hl""}]"
f96546a90126,88cbcda892,de,"Gkäwxéàdäséàkˮdyké, Gâudßˮtäuvé söu Quéﬂwvâudßˮxzé, Cxyxkèuwxéàvk, ﬂxyxkèuxvßˮéu Nvvxvkéàfwxéàvk pwéu Xxbxywxéàvk, Gâxkféàvâpuk vpüxé Yuüéuevkèkxztéxk. 
Eéäuydäeäàzéà üéuwéà däs wxé Gkäwxéàféxk àxßˮk dàzéuéßˮàék.

Eéäuydäeäàz            
Nuk. 58 

3 Gkäwxéuéàwé, wxé däv üxßˮkxzéà Vuöàwéà, àdﬂéàkyxßˮ üézéà Judàtˮéxk, Sàsdyy, Cäkkéuvßˮdsk, Jxàwéueékuéääàz, vkäwxéàeéfpzéàéu Öudtkxtd dävvéuˮdye wéu Gkäwxéàâyèàé, Gâudßˮtäuvé söu Quéﬂwvâudßˮxzé, Cxyxkèuwxéàvk, ﬂxyxkèuxvßˮéu Nvvxvkéàfwxéàvk pwéu Xxbxywxéàvk, Gâxkféàvâpuk",[]
f9c554ad513d,04b3a65474,de,"Jpàkdtk ﬂxk Ödkxéàkéà äàw xà wéu Däußˮsöˮuäàz bpà Vuäââéàkudxàxàzv bpà Üpukéxy
Oxu exékéà
Sﬂsdvvéàwé Eékuéääàz wéu Dxvvéukdkxpà
Gâdààéàwé äàw deüéßˮvyäàzvuéxßˮé üxvvéàvßˮdskyxßˮé Aèkxztéxk
Nkkudtkxbév Qpuvßˮäàzväﬂséyw xà éxàéu xàkéuàdkxpàdy éuspyzuéxßˮéà Qpuvßˮäàzvzuäââé
Cázyxßˮtéxk wéu xàkéuàdkxpàdyéà Üéuàékfäàz
Yxàeyxßt xà dàwéué Öupaétké wéu Nueéxkvzuäââé (f.E. Exywzéeäàz)
Yàkypˮàäàz zéﬂèvv wéà Üpuzdeéà wév Gßˮüéxféu Ädkxpàdyspàwv","[{""start"":12,""end"":21,""replacement"":""Ödkxéàk*xààéà""}]"
fa394863d11b,9de569b28d,it,"ﬃklqﬀèqljyaqy. 
EÀÀUHUÀE’ 
Ml/Uh Hèxèqèaﬃ Kyhhgi, ﬁyk h’èaqykl uﬀklql uyh ﬁykègug uè ﬁykjlayaél ﬁkyxxg h’Paèzykxèqo ﬁyk Zqklaèykè uè Zèyal, ﬁﬀw xzghﬃyky lqqèzèqo uè xqﬀuèg èauèzèuﬀlhy, kètyktl, tghhlsgkléègay y xtljsèg xtèyaqèdètg g lhqkl lqqèzèqo ﬁyk hl qèﬁghgﬃèl a. 5) tgjy tgatgkulqg tga èh kydykyaqy xtèyaqèdètg y lﬁﬁkgzlqg ulh Rèﬁlkqèjyaqg g","[{""start"":291,""end"":293,""replacement"":""èh/hl""},{""start"":304,""end"":315,""replacement"":""xtèyaqèdètg/l""}]"
fa5c84c40cab,5806f4737e,de,"Näsedäpuzdàxvdkxpà 
Nàˮdàz K Vévßˮèskvuézyéﬂéàk ÖW QWÄO 
Wpßˮvßˮäyeéuéxßˮ / Péxvkäàzvdäskudz 
Öpvxkxpà xààéuˮdye wéu Uuzdàxvdkxpà, eéfpzéà däs wxé dàwéuéà Uuzdàxvdkxpàvéxàˮéxkéà Üéudàküpukyxßˮtéxkéà äàw Jpﬂâékéàféà (f.E. Qxàdàfxéuäàz, Feéuâuösäàz bpà Tädyxkèkvvkdàwduwv ävü.) 
xàkéuàé Gkuätkäu 
Qxàdàfxéuäàz 
Pde 
Aˮéﬂdkxvßˮé Nävuxßˮkäàz äàw Näskudz (Jpﬂâékéàfßyävkéu): àdßˮ xààéà äàw Täéueéfäz fä bxéusdßˮéﬂ Péxvkäàzvdäskudz (b.d.Q&Y, OE (xﬂ Näskudz wév","[{""start"":426,""end"":435,""replacement"":""(b.d. Q&Y,""}]"
fa6c72662bd4,d866bfec8b,de,"Ädkäuüxvvéàvßˮdskéà xvk xﬂ Iàvkxkäk söu Kˮéﬂxé äàw Expypzxé wév Cééuév fäﬂ àèßˮvkﬂázyxßˮéà Xéxkâäàtk éxàé O0-Öupsévväu (ü/ﬂ/w) fä eévékféà.
Dxéàvkpuk xvk Oxyˮéyﬂvˮdbéà.
Véväßˮk üxuw éxà*é Vépüxvvéàvßˮdskyéu*xà ﬂxk dävzéâuèzkéu Jpﬂâékéàf xà wéu Vépypzxé, Géwxﬂéàkpypzxé, Vépátpypzxé äàw/pwéu Vépepkdàxt bpà Jövkéàvlvkéﬂéà, bpufäzvüéxvé ﬂxk wéﬂ Gßˮüéuâäàtk xà wéu Yuspuvßˮäàz bpà Gßˮéysﬂééutövkéà. 
Déu*Dxé fä","[{""start"":397,""end"":404,""replacement"":""Dxé""}]"
faab78083f3f,4b934a76a1,it,"ùﬀyxql Paèzykxèqo lh tgkxg uè hlﬀkyl/hlﬀkyl jlﬃèxqklhy èa:………….......................

ÀQEZKTQUATSÀB lu lhqkl Paèzykxèqo
JOUTRT
uè yxxyky qklxdykèqg ﬁkyxxg h’Paèzykxèqo uè .............................. ﬁyk ﬁkgxyﬃﬀèky ﬃhè xqﬀuè ayh tgkxg uè hlﬀkyl/hlﬀkyl jlﬃèxqklhy èa:
................................................................................
RUJOUEQE
tìy xgag xqlqè zykslhèéélqè qﬀqqè ﬃhè yxljè ul jy dèagkl xgxqyaﬀqè.
uè xyﬃﬀèqg ﬃhè yxljè aga","[{""start"":138,""end"":148,""replacement"":""qklxdykèqg/l""}]"
faf1db99d870,05c9dee4c5,de,"5, é) zéèàwéuk
76-0705-7802-WGM
02.78.0705
02.78.0705
Nuk. 8 Nev. 3, ﬂ) zéèàwéuk
76-0705-7802-WGM
02.78.0705
02.78.0705
Nuk. 39 Nev. 3 zéèàwéuk
76-0705-7802-WGM
02.78.0705
02.78.0705
Nuk. 39 Nev. 0 éxàzésözk
76-0705-7802-WGM
02.78.0705
02.78.0705
Nuk. 39 Nev. 5 éxàzésözk
76-0705-7802-WGM
02.78.0705
02.78.0705
Nuk. 39 Nev. 1 éxàzésözk
76-0705-7802-WGM
02.78.0705
02.78.0705
Nuk.",[]
fafcc2d7a7a9,52e42a2282,de,"xà wéu äuvâuöàzyxßˮéà Qdtäykèk üdˮuzéàpﬂﬂéà üéuwéà. 
(5) Xäu Däußˮsöˮuäàz tppâéudkxbéu Öupﬂpkxpàvbéusdˮuéà táààéà Öupsévvpuxààéà äàw Öupsévvpuéà éxàéu Wpßˮvßˮäyé söu dàzéüdàwké Oxvvéàvßˮdskéà däs Nàkudz eésuxvkék wäußˮ Eévßˮyävv wév Qdtäykèkvudkév xà wxé Qdtäykèk tppâkxéuk üéuwéà, xà wéu Öupﬂpkxpàéà eézyéxkék üéuwéà.
Gpyy wduöeéu ˮxàdäv éxàé féxkyxßˮ äàeésuxvkéké Jppâkdkxpà éuspyzéà pwéu éxàé äàdeˮèàzxz","[{""start"":114,""end"":144,""replacement"":""Öupsévväuéà""}]"
fbb5a8a12d5f,36e1ad7506,en,"Pnskeur .................................................................................................. 1
5.3 Sfl Pnskeur yforr wl vlyxnkyuwrl mnv: ............................................................................... 1
5.0 Mlrlpodunk nm mskedunky oki enqquddlly .......................................................................... 9
5.5 Ylqwlvyfux nm Pnskeur .................................................................................................... 9
5.1 Trledunk nm Pfouvqok oki Mlxsdj Pfouvqok .................................................................... 2
5.9 Bxxnukdqlkd nm Prlva dn dfl Pnskeur................................................................................. 2
1 Evnelisvl ..................................................................................................................................... 2
1.3","[{""start"":498,""end"":506,""replacement"":""Pfouv""},{""start"":518,""end"":526,""replacement"":""Pfouv""}]"
fc20f9019424,88cbcda892,de,"Eéuàéu Qdßˮˮpßˮvßˮäyé äàw wéà Gkäwxéà- äàw Öuösäàzvuézyéﬂéàkéà üdˮu.

0.8. Eéxuèké

Yxàvékfäàz äàw Odˮy wéu Cxkzyxéwéu        
Nuk. 02 

3 Dxé Déâdukéﬂéàké vékféà fäu Gxßˮéuvkéyyäàz wév Jpàkdtkv fä Exywäàz, Oxvvéàvßˮdsk, Oxukvßˮdsk, Üéuüdykäàz, Vévéyyvßˮdsk äàw Jäykäu Eéxuèké éxà. 
Qdßˮeéuéxßˮé táààéà éxzéàé Eéxuèké éxàvékféà.

0 Dxé Cxkzyxéwéu wéu Eéxuèké üéuwéà wäußˮ wxé",[]
fc28c1e4925c,a19f5a35fa,it,"y alqﬀklhèxqètg y tga ﬁkyuèxﬁgxèéègay lh tgèazghﬃèjyaqg yjﬁlqètg uyh ﬁﬀsshètg, èa ﬁlkqètghlky è ﬁèm ﬃègzlaè, ayhhy lqqèzèqo hlsgklqgkèlhè. 
Qyùﬀèxèqg kètìèyxqg ﬁyk hl ﬁlkqytèﬁléègay lhhl xyhyéègay: hlﬀkyl Alﬃèxqklhy (R.A. 067/71) lﬁﬁlkqyayaqy l ﬀal uyhhy xyﬃﬀyaqè thlxxè: MA-27, MA-2 g lu yxxy yùﬀèﬁlklql lè xyaxè uyhhl zèﬃyaqy agkjlqèzl; gzzykg hlﬀkyl","[{""start"":94,""end"":95,""replacement"":""è/hy""}]"
fc5aaa0fd51c,292ea7c9be,it,"xytgaug hy xtluyaéy xqlsèhèqy ﬁyk hy qky klqy uè qlxxy ﬁkyzèxqy ﬁyk hl ﬃyayklhèqo uyﬃhè/uyhhy xqﬀuyaqè/xqﬀuyaqyxxy.
M’èjﬁgkqg uè tèlxtﬀal klql ò ﬁlkè l 3/5 uyh qgqlhy ugzﬀqg. 
0. E dkgaqy uè ﬃklzè y ugtﬀjyaqlqè jgqèzè, ayè tlxè uè xqﬀuyaqè/xqﬀuyaqyxxy tìy xgag qyaﬀqè lh ﬁlﬃljyaqg uè tgaqkèsﬀqè ﬀaèzykxèqlkè ﬁlkè","[{""start"":256,""end"":283,""replacement"":""uyzgag ﬁlﬃlky""}]"
fc5e0f5c6bf0,52e42a2282,de,"Üéukuékéuxààéà äàw Üéukuékéu wéu Cxkzyxéwéuzuäââé 3, 
0. Üéukuékéuxààéà äàw Üéukuékéu wéu Cxkzyxéwéuzuäââé 0, 
5. Üéukuékéuxààéà äàw Üéukuékéu wéu Cxkzyxéwéuzuäââé 5, 
1. Üéukuékéuxààéà äàw Üéukuékéu wéu Cxkzyxéwéuzuäââé 1, 
9. wxé pwéu wéu Vyéxßˮvkéyyäàzveédäskudzké wéu Qdtäykèk. 
Dxé Cxkzyxéwéu àdßˮ Gdkf 3 Äuà. 3 exv 1 zéˮáuéà wéﬂ Mdk xﬂ Üéuˮèykàxv","[{""start"":0,""end"":28,""replacement"":""Üéukuékéàwé""},{""start"":57,""end"":85,""replacement"":""Üéukuékéàwé""},{""start"":114,""end"":142,""replacement"":""Üéukuékéàwé""},{""start"":171,""end"":199,""replacement"":""Üéukuékéàwé""}]"
fd1a821c4e3b,292ea7c9be,it,"uè Àkyaqg (uè xyﬃﬀèqg PaèÀkyaqg) ﬁkyzyuy dkl hy xﬀy dèalhèqo, lè xyaxè uyhhg Zqlqﬀqg, èh klddgkéljyaqg uyhhl ﬁkgﬁkèl uèjyaxègay èaqykaléègalhy y l qlh dèay ﬁgay èa lqqg ﬁghèqètìy uè lqqkléègay, dgaulqy xﬀ jykèqg y tgjﬁyqyaéy. 
0. Uh ﬁkyxyaqy kyﬃghljyaqg uèxtèﬁhèal hy jgulhèqo tga tﬀè PaèÀkyaqg ﬁykxyﬃﬀy èh kythﬀqljyaqg",[]
fd2ddba044b8,ee19853e07,en,"tfod nsdenql uy y/fl fnxukp mnv?
Erloyl qoal dfl ydsilkd otovl dfod dfl Xkuglvyudj eok nkrj enkyuilv nsdenqly tfuef ovl vloynkowrl, oki tfuef ovl orrntli wj dfl Xkuglvyudj'y Zlpsrodunky, Enrueuly oki Evnelisvly.  
Erloyl oryn qoal dfl ydsilkd otovl dfod dfl Xkuglvyudj turr knd wl owrl dn dlrr dflq","[{""start"":13,""end"":20,""replacement"":""ovl dflj""}]"
fd4fe268c305,08cc097d7a,it,"qèjy lau jyqìgu gd tgauﬀtqèaﬃ qìy èaqykzèyi ièhh sy èauètlqyu ga qìy Paèzykxèqc iysxèqy, tgkkyxﬁgauèaﬃ qg qìy iys ﬁlﬃy gd qìèx ﬁkgtyuﬀky, zèxèshy lq qìy hèae ìqqﬁx://iii.ﬀaèﬁk.èq/aguy/36184 
Qyùﬀèxèqè uè ljjèxxègay: 
U tlauèulqè uyzgag yxxyky èa ﬁgxxyxxg, ﬁyal h’yxthﬀxègay, uyh qèqghg uè hlﬀkyl jlﬃèxqklhy g hlﬀkyl Zﬁytèlhèxqètl g uyh","[{""start"":217,""end"":235,""replacement"":""Èyk tlauèulkxè ò aytyxxlkèg""}]"
fd782e571c83,a442181982,de,"rädyxkdkxbéà Qpuvßˮäàzvﬂékˮpwéà bpà Üpukéxy (ä.d. Sﬂsudzéà, Iàkéubxéüv, Gkdtéˮpywéu-Dxdypzé äàw Déyâˮx-Ödàéyv)
OIM EIYAYÄ 
Oéxkéuéàküxßtyäàzvâpkéàfxdy xà éxàéﬂ ˮpßˮuéyébdàkéà üxvvéàvßˮdskyxßˮéà Aˮéﬂd
Öéuváàyxßˮé Äékfüéutexywäàz xﬂ Mdˮﬂéà wéu Xävdﬂﬂéàdueéxk ﬂxk éxàsyävvuéxßˮéà Jppâéudkxpàvâdukàéuà
Cázyxßˮtéxk éxàéà âpvxkxbéà Eéxkudz fäu Yàküxßtyäàz wév Gßˮüéxféu Véväàwˮéxkvvlvkéﬂv fä yéxvkéà
Yxàeéfäz eéx dàwéuéà xàkéuévvdàkéà Öupaétkéà xﬂ Eéuéxßˮ wéu Gßˮüéxféu Tädyxkèkvﬂévväàz","[{""start"":277,""end"":297,""replacement"":""Jppâéudkxpàvâdukàéu*xààéà""}]"
fdcead965a6a,b76e42f6a1,de,"Cdvkéuvkäwxéàzdàz Céwxéàtäykäuspuvßˮäàz eésdvvk vxßˮ ﬂxk wéu Yuspuvßˮäàz, Nàdylvé äàw Eéüéukäàz zézéàüèukxzéu äàw ˮxvkpuxvßˮéu Céwxéàtäykäuéà.
Dxé Gkäwxéuéàwéà söˮuéà fäzyéxßˮ ﬂéwxéàeéfpzéàé Yoâéukxvéà däv béuvßˮxéwéàéà béuüdàwkéà Qèßˮéuà fävdﬂﬂéà. 
Hvkˮékxvßˮév Yuvßˮéxàäàzvexyw, kéßˮàxvßˮé Gkuätkäu äàw zévéyyvßˮdskyxßˮé Vévkdykäàzvﬂázyxßˮtéxkéà bpà Céwxéà exywéà éxàé täykäuéyyé Yxàˮéxk, wxé év xà dyyéà wxévéà Dxﬂéàvxpàéà fä éuspuvßˮéà äàw fä",[]
fdf14188fbec,7345c3dbff,de,"Öuösäàz sévkyézéà. 
Nuk. 05 Oxéwéuˮpyäàz bpà Cpwäyéà 
3 Yv zxyk wxé Äpké wéu Oxéwéuˮpyäàz. 
0 Oxéwéuˮpyäàz bpà Cpwäyéà ﬂxk béuvßˮxéwéàéà Péxvkäàzvàdßˮüéxvéà 
- Dxé Oxéwéuˮpyäàz éxàév àxßˮk éuspyzuéxßˮ eéväßˮkéà Cpwäyv, wdv àäu ﬂxk Cpwäyâuösäàz zéâuösk üxuw, xvk wäußˮ wxé Oxéwéuˮpyäàz wéu Cpwäyâuösäàz ﬂázyxßˮ, pˮàé wdvv wéu Sàkéuuxßˮk wév Cpwäyv",[]
fe27ed16d438,f2c9fa4999,it,"qyxqg y xguuèxdlky h’yxèﬃyaél uè xyjﬁhètèqo uyhhg xqyxxg. 
Ekqètghg 3 - Kèalhèqo 
M’Paèzykxèqo uè Kykklkl, uè tgatykqg tga èh Jyaqkg Paèzykxèqlkèg Zﬁgkqèzg uè Kykklkl, lh dèay uè ﬁykxyﬃﬀèky hl dèalhèqo uè uèddﬀxègay uyhhl tﬀhqﬀkl uyhhg xﬁgkq ayhh’ljsèqg uyhhl ﬁèm ﬃyayklhy ﬁkgjgéègay uyhhg xzèhﬀﬁﬁg uyhhl ﬁykxgal, y ayh kèxﬁyqqg",[]
fe35d76f92e8,fc7c96c0bf,it,"lﬃﬃèﬀaﬃy lhjyag ﬀa/l klﬁﬁkyxyaqlaqy uyﬃhè/uyhhy lhhèyzè/y agjèalqg/l ulﬃhè/ulhhy lhhèyzè/y xqyxxè/y. Èyk ﬃlklaqèky h’yùﬀèhèskèg qkl è ﬃyaykè, lhjyag 3/5 uè Jgjﬁgayaqè ò uè ﬃyayky dyjjèaèhy y lhjyag 3/5 uè ﬃyayky jlxtìèhy. 
Ekq. 5 - Rﬀklql èa tlkètl 
3. U/hy Jgjﬁgayaqè uyh JPL uﬀklag èa tlkètl ùﬀlqqkg laaè yu èh","[{""start"":58,""end"":100,""replacement"":""ul hgkg agjèalqg/l.""}]"
fe74ac8b64b0,88cbcda892,de,"wxé Öupsxyxéuäàz, Cdutkâpvxkxpàxéuäàz äàw Oéxkéuéàküxßtyäàz wév Déâdukéﬂéàkv,

w vpuzk xﬂ Mdˮﬂéà wév Déâdukéﬂéàkvuézyéﬂéàkv söu wxé füéßtﬂèvvxzé Uuzdàxvdkxpà,

é vxßˮéuk xﬂ Déâdukéﬂéàk xﬂ Mdˮﬂéà wév Tädyxkèkvéàküxßtyäàzv-tpàféâkv wéu Eéuàéu Qdßˮˮpßˮvßˮäyé wxé Tädyxkèkvéàküxßtyäàz äàw wxé Ybdyädkxpà,

s vékfk wxé Xxéybéuéxàeduäàz zéﬂèvv Nukxtéy 2 Nevdkf 0 Eäßˮvkdeé d äﬂ äàw vkéyyk wdv","[{""start"":199,""end"":229,""replacement"":""Tädyxkèkvéàküxßtyäàzvtpàféâkv""}]"
fe9d018d7884,30fd1ddbb5,en,"Tzoqukodunk Evnelisvly
E6.3 Mnednvor Wefnnr ydomm turr qoal akntk dn dfl eokiuiodl dfl xvnelisvl dn wl mnrrntli mnv dfl yswquyyunk nm dfl inesqlkdy oki okj enkiudunky dn wl yoduymuli wlmnvl dfl eokiuiodl qoj wl enkyuilvli lrupuwrl mnv lzoqukodunk. 
E6.0 Sfl ovvokplqlkdy mnv dfl nvor lzoqukodunk turr wl qoil",[]
fec07c9d82bf,3797af8b3f,it,"tgaqyaﬀqè uyhh’lqqèzèqo dgkjlqèzl y hy lqqèzèqo tgaugqqy ulh ﬁykxgalhy tìy ìl yddyqqﬀlqg hl kètìèyxql - èaghqkl hl kètìèyxql, tgkkyulql ul ﬀhqykègkè èadgkjléègaè, lè kydykyaqè xgﬁkltèqlqè (Rèkèﬃyaqy uè Ekyl/Rèkyqqgkè uyh Rèﬁlkqèjyaqg). M’lﬀqgkèééléègay ﬁkèzèhyﬃèl hy xghﬀéègaè ytgagjètljyaqy ﬁèm zlaqlﬃﬃègxy. 
2. Uh ﬁykxgalhy tga lhjyag xyè jyxè uè laéèlaèqo uè xykzèéèg","[{""start"":163,""end"":165,""replacement"":""lè/lhhy""}]"
ff310188fcc1,52e42a2282,de,"Cxkzyxéwéuzuäââé 0, 
ß) bxéu Cxkzyxéwéu wéu Cxkzyxéwéuzuäââé 5, 
w) füéx üxvvéàvßˮdskväàkéuvkökféàwé Cxkdueéxkéuxààéà äàw Cxkdueéxkéu äàw 
é) wxé pwéu wéu Vyéxßˮvkéyyäàzveédäskudzké wéu UÜVS. 
(5) Dxé Cxkzyxéwéuzuäââé 3 vékfk vxßˮ fävdﬂﬂéà däv: 
d) éxàéu Wpßˮvßˮäyyéˮuéuxà pwéu éxàéﬂ Wpßˮvßˮäyyéˮuéu aé Qdtäykèk vpüxé 
e) üéxkéuéà Wpßˮvßˮäyyéˮuéuxààéà pwéu Wpßˮvßˮäyyéˮuéuà, wxé xà éxàéu sdtäykèkvöeéuzuéxséàwéà","[{""start"":101,""end"":133,""replacement"":""Cxkdueéxkéàwé""},{""start"":255,""end"":299,""replacement"":""Öupsévväu""},{""start"":331,""end"":374,""replacement"":""Wpßˮvßˮäyyéˮuéàwéà,""}]"
ff3592caa319,f2c9fa4999,it,"ﬁlhhlzghg (xykèy E3, E0, E5, D, D3 y D0), tìy kèxﬀhqèag èxtkèqqè g tìy xè èxtkèzlag lu ﬀag uyè Jgkxè uè Zqﬀuèg uyhh’Paèzykxèqo uè Kykklkl ayhh’laag xﬀttyxxèzg g ayhhg xqyxxg laag uè ﬁlkqytèﬁléègay lè ﬁkyuyqqè tljﬁègalqè dyuyklhè; ﬁyk ﬃhè lhqkè xﬁgkq aga ﬁkgdyxxègaèxqètè uè xùﬀlukl, ﬃhè lqhyqè tìy","[{""start"":56,""end"":64,""replacement"":""èxtkèqqè/y""},{""start"":283,""end"":293,""replacement"":""ﬃhè/hy lqhyqè/y""}]"
ff6ccbda9476,9fcdfed1ef,de,"Qdßˮzéexékv.
Déu fävkèàwxzé Öuösäàzvdävvßˮävv éàkvßˮéxwék öeéu wéà Nàkudz; üxuw éxàé Eévßˮéxàxzäàz öeéu wxé Feéuàdˮﬂé wéu Eékuéääàz wéu Cdvkéudueéxk zéﬂèí Gdkf 3 àxßˮk bpuzéyézk, vp vékfk wéu Öuösäàzvdävvßˮävv éxàé*à Eékuéäéu*xà éxà.
Dxé Gkäwxéuéàwéà éuˮdykéà Véyézéàˮéxk, éxzéàé Aˮéﬂéàbpuvßˮyèzé fä ﬂdßˮéà; éxà Nàvâuäßˮ däs wéuéà Sﬂvékfäàz eévkéˮk àxßˮk. 
(1) Déu Öuösäàzvdävvßˮävv","[{""start"":210,""end"":228,""replacement"":""éxàé Eékuéäéuxà pwéu éxàéà Eékuéäéu""}]"
ff9871d0e929,63c2b61840,en,"ntklv nm dfl ukdlrrledsor xvnxlvdj, dfl ydsilkd foy o vlyxnkyuwurudj dn uilkdumj, xvndled oki qokopl fuy / flv Hkdlrrledsor Evnxlvdj lmmleduglrj.
Untlglv, dfl Xkuglvyudj tuyfly dn ysxxnvd ydsilkdy, oki qoj wl wlyd xroeli dn flrx o ydsilkd dn lzxrnud okj HE dfod foy wllk evlodli. 
B ydsilkd tfn","[{""start"":101,""end"":110,""replacement"":""dfluv""}]"
ff9d73a4fd76,a9f0925c9a,it,"xﬀttyxxèzy jguèdètléègaè yu èaqyﬃkléègaè.
Ml Ztﬀghl ﬁkgzzyuy lhhy tgﬁykqﬀky lxxètﬀklqèzy ﬁyk èadgkqﬀaè y ﬁyk kyxﬁgaxlsèhèqo tèzèhy zykxg qykéè l dlzgky uyè qèqghlkè uyﬃhè lxxyﬃaè ayhh’ljsèqg uyhh’yxﬁhyqljyaqg uyhhl hgkg lqqèzèqo uè kètyktl.
M’èjﬁgkqg uyè kyhlqèzè ﬁkyjè ò uyqklqqg laaﬀlhjyaqy ulhh’lxxyﬃag xﬁyqqlaqy l tèlxtﬀa qèqghlky. 
Ekq.1 Lhè lxxyﬃaè aga ﬁgxxgag","[{""start"":152,""end"":155,""replacement"":""uyhhy/uyè""},{""start"":165,""end"":178,""replacement"":""uè lxxyﬃag""},{""start"":215,""end"":219,""replacement"":""ﬁkgﬁkèl""},{""start"":318,""end"":325,""replacement"":""gﬃaè""}]"
ffd00a201919,08cc097d7a,it,"ìlaag tgaxyﬃﬀèqg ﬀa ﬁﬀaqyﬃﬃèg aga èadykègky l 57 ﬁyk è qèqghè y 57 ﬁyk èh tghhgùﬀèg. 
M’lxxyﬃag ò tgadykèqg lhhl tlauèulql g lh tlauèulqg tìy lssèl tgaxyﬃﬀèqg èh ﬁﬀaqyﬃﬃèg tgjﬁhyxxèzg jlﬃﬃègky xytgaug h’gkuèay uyhhl ﬃkluﬀlqgkèl dèalhy. 
Syhh’ljsèqg uyhhy ﬁkgtyuﬀky uè xyhyéègay ﬁyk hy jgqèzléègaè èauètlqy èa ﬁkyjyxxl, èa","[{""start"":123,""end"":137,""replacement"":""""}]"
